<?xml version="1.0" encoding="UTF-8"?>
<!-- $Revision: 3827 $ -->
<chapter id="language.combining.modifiers">
 <title>复合修饰器</title>
 <para>
 你可以联合使用多个修饰器。
 它们会按复合的顺序来作用于变量，从左到右。
 它们必须以<literal>|</literal> (竖线)进行分隔。
 </para>
 <example>
  <title>复合修饰器</title>
  <programlisting role="php">
<![CDATA[
<?php

$smarty->assign('articleTitle', 'Smokers are Productive, but Death Cuts Efficiency.');

?>
]]>
</programlisting>
<para>
模板内容：
</para>
<programlisting>
<![CDATA[
{$articleTitle}
{$articleTitle|upper|spacify}
{$articleTitle|lower|spacify|truncate}
{$articleTitle|lower|truncate:30|spacify}
{$articleTitle|lower|spacify|truncate:30:". . ."}
]]>
  </programlisting>
 <para>
上面例子输出：
 </para>
 <screen>
<![CDATA[
Smokers are Productive, but Death Cuts Efficiency.
S M O K E R S   A R ....snip....  H   C U T S   E F F I C I E N C Y .
s m o k e r s   a r ....snip....  b u t   d e a t h   c u t s...
s m o k e r s   a r e   p r o d u c t i v e ,   b u t . . .
s m o k e r s   a r e   p. . .
]]>
  </screen>
 </example>
</chapter>

<!-- Keep this comment at the end of the file
Local variables:
mode: sgml
sgml-omittag:t
sgml-shorttag:t
sgml-minimize-attributes:nil
sgml-always-quote-attributes:t
sgml-indent-step:1
sgml-indent-data:t
indent-tabs-mode:nil
sgml-parent-document:nil
sgml-default-dtd-file:"../../../../manual.ced"
sgml-exposed-tags:nil
sgml-local-catalogs:nil
sgml-local-ecat-files:nil
End:
vim600: syn=xml fen fdm=syntax fdl=2 si
vim: et tw=78 syn=sgml
vi: ts=1 sw=1
-->
