<?xml version="1.0" encoding="UTF-8"?>
<!-- $Revision: 4278 $ -->
<chapter id="language.builtin.functions">
 <title>内置函数</title>
 <para>
 Smarty自带了一些内置函数。
 这些内置函数是Smarty模板引擎的组成部分。
 它们会被编译到PHP代码中，以取得最高的性能。
  </para>
  <para>
  你不能建立相同名称的<link linkend="language.custom.functions">自定义函数</link>；
  同时你也不需要修改这些内置函数。
  </para>

 <para>
 少数的内置函数有<parameter>assign</parameter>属性，
 可以将函数的结果赋值给模板变量，而不是输出；
 效果如同<link linkend="language.function.assign">
 <varname>{assign}</varname></link>函数。
 </para>

 &designers.language-builtin-functions.language-function-shortform-assign;
 &designers.language-builtin-functions.language-function-append;
 &designers.language-builtin-functions.language-function-assign;
 &designers.language-builtin-functions.language-function-block;
 &designers.language-builtin-functions.language-function-call;
 &designers.language-builtin-functions.language-function-capture;
 &designers.language-builtin-functions.language-function-config-load;
 &designers.language-builtin-functions.language-function-debug;
 &designers.language-builtin-functions.language-function-extends;
 &designers.language-builtin-functions.language-function-for;
 &designers.language-builtin-functions.language-function-foreach;
 &designers.language-builtin-functions.language-function-function;
 &designers.language-builtin-functions.language-function-if;
 &designers.language-builtin-functions.language-function-include;
 &designers.language-builtin-functions.language-function-include-php;
 &designers.language-builtin-functions.language-function-insert;
 &designers.language-builtin-functions.language-function-ldelim;
 &designers.language-builtin-functions.language-function-literal;
 &designers.language-builtin-functions.language-function-nocache;
 &designers.language-builtin-functions.language-function-php;
 &designers.language-builtin-functions.language-function-section;
 &designers.language-builtin-functions.language-function-setfilter;
 &designers.language-builtin-functions.language-function-strip;
 &designers.language-builtin-functions.language-function-while;

</chapter>
<!-- Keep this comment at the end of the file
Local variables:
mode: sgml
sgml-omittag:t
sgml-shorttag:t
sgml-minimize-attributes:nil
sgml-always-quote-attributes:t
sgml-indent-step:1
sgml-indent-data:t
indent-tabs-mode:nil
sgml-parent-document:nil
sgml-default-dtd-file:"../../../../manual.ced"
sgml-exposed-tags:nil
sgml-local-catalogs:nil
sgml-local-ecat-files:nil
End:
vim600: syn=xml fen fdm=syntax fdl=2 si
vim: et tw=78 syn=sgml
vi: ts=1 sw=1
-->
