<?xml version="1.0" encoding="UTF-8"?>
<!-- $Revision: 3827 $ -->
<chapter id="language.basic.syntax">
 <title>基本语法</title>
 <para>
 Smarty的标签都是使用定界符括起来。
 默认定界符是<literal>{</literal> 和
  <literal>}</literal>, 但定界符可以被<link linkend="variable.left.delimiter">改变</link>。
 </para>
 <para>
 比如说在本手册，我们会假定你在使用默认的定界符。
  在Smarty看来，任何在定界符之外的内容，都是静态的，或者是不改变的内容。 
  当Smarty读取到这些标签时，将会试图解析它们，并且在对应的位置输出结果。
 </para>

 &designers.language-basic-syntax.language-syntax-comments;
 &designers.language-basic-syntax.language-syntax-variables;
 &designers.language-basic-syntax.language-syntax-functions;
 &designers.language-basic-syntax.language-syntax-attributes;
 &designers.language-basic-syntax.language-syntax-quotes;
 &designers.language-basic-syntax.language-math;
 &designers.language-basic-syntax.language-escaping;

</chapter>
<!-- Keep this comment at the end of the file
Local variables:
mode: sgml
sgml-omittag:t
sgml-shorttag:t
sgml-minimize-attributes:nil
sgml-always-quote-attributes:t
sgml-indent-step:1
sgml-indent-data:t
indent-tabs-mode:nil
sgml-parent-document:nil
sgml-default-dtd-file:"../../../../manual.ced"
sgml-exposed-tags:nil
sgml-local-catalogs:nil
sgml-local-ecat-files:nil
End:
vim600: syn=xml fen fdm=syntax fdl=2 si
vim: et tw=78 syn=sgml
vi: ts=1 sw=1
-->
