<?xml version="1.0" encoding="UTF-8"?>
<!-- $Revision: 4362 $ -->
<chapter id="language.modifiers">
 <title>变量修饰器</title>
 <para>
 变量修饰器可以用于<link linkend="language.syntax.variables">变量</link>,
  <link linkend="language.custom.functions">自定义函数</link>或者字符串。
  使用修饰器，需要在变量的后面加上<literal>|</literal>（竖线）并且跟着修饰器名称。
  修饰器可能还会有附加的参数以便达到效果。
  参数会跟着修饰器名称，用<literal>:</literal>（冒号）分开。
  同时，<emphasis>默认全部PHP函数都可以作为修饰器来使用</emphasis>
  (不止下面的)，而且修饰器可以被
  <link linkend="language.combining.modifiers">联合使用</link>。
 </para>
 <example>
  <title>修饰器例子</title>
  <programlisting>
<![CDATA[
{* apply modifier to a variable *}
{$title|upper}

{* modifier with parameters *}
{$title|truncate:40:"..."}

{* apply modifier to a function parameter *}
{html_table loop=$myvar|upper}

{* with parameters *}
{html_table loop=$myvar|truncate:40:"..."}

{* apply modifier to literal string *}
{"foobar"|upper}

{* using date_format to format the current date *}
{$smarty.now|date_format:"%Y/%m/%d"}

{* apply modifier to a custom function *}
{mailto|upper address="smarty@example.com"}

{* using  php's str_repeat *}
{"="|str_repeat:80}

{* php's count *}
{$myArray|@count}

{* this will uppercase and truncate the whole array *}
<select name="name_id">
{html_options output=$my_array|upper|truncate:20}
</select>
]]>
  </programlisting>
 </example>
 <itemizedlist>

 <listitem><para>
 修饰器可以作用于任何类型的变量，数组或者对象。
    <note><para>
	这是Smarty3的默认行为。在Smarty2.x，你需要在数组后加上"<literal>@</literal>"
	标识来使用修饰器，如<literal>{$articleTitle|@count}</literal>。
	在Smarty3，不再需要使用"<literal>@</literal>"，它会被忽略。
    </para>
    <para>
	如果你想要在数组的每一项中都加上修饰器，你可以通过循环数组进行，或者可以
	在修饰器函数中提供这个功能。
    </para></note>
    <note>
      <para>
	  另外，在Smarty2.x，修饰器可以作用在数学表达式的结果上，如<literal>{8+2}</literal>, 
	  意味着<literal>{8+2|count_characters}</literal>的结果是2，
	  因为8+2=10 而 10 是两个字符长度。
	  在Smarty3，修饰器将会作用在变量上，或者是在表达式计算前，所以因为 2 是一个字符长度，
	  所以<literal>{8+2|count_characters}</literal>的结果是9.
	  如果希望出现原来的结果，可以使用括号，如<literal>{(8+2)|count_characters}</literal>。
      </para>
    </note>
  </para>
 </listitem>

 <listitem><para>
 修饰器可以从<link
  linkend="variable.plugins.dir"><parameter>$plugins_dir</parameter></link>
  目录中自动加载，或者通过<link
  linkend="api.register.plugin"><varname>registerPlugin()</varname></link>
  来进行动态注册。
  第二种方法在PHP代码和smarty模板间共享函数时很有用。
  </para></listitem>

  <listitem><para>
  默认全部PHP函数都可以作为修饰器，正如上面例子演示的。
  然而，使用php函数作为修饰器会存在两个小问题：
   <itemizedlist>
  <listitem><para>
  首先 - 有时函数参数的顺序并不太一致。如使用
  <literal>{"%2.f"|sprintf:$foo}</literal>来格式化<literal>$foo</literal>是正确的。
  但是更直观的做法，<literal>{$foo|string_format:"%2.f"}</literal>是Smarty自身的函数。
  </para></listitem>
   <listitem><para>
   其次 - 如果开启了安全限制，那么要使用php函数作为修饰器，就必须通过
   <parameter>$modifiers</parameter>属性来进行设置信任的函数。
   参见<link linkend="advanced.features.security">安全机制</link>的章节。
  </para></listitem>
   </itemizedlist>
 </para></listitem>
  </itemizedlist>

 <para>
  参见
  <link linkend="api.register.plugin"><varname>registerPlugin()</varname></link>,
  <link linkend="language.combining.modifiers">修饰器组合</link>.
  和
  <link linkend="plugins">Smarty扩展</link>
 </para>

 &designers.language-modifiers.language-modifier-capitalize;
 &designers.language-modifiers.language-modifier-cat;
 &designers.language-modifiers.language-modifier-count-characters;
 &designers.language-modifiers.language-modifier-count-paragraphs;
 &designers.language-modifiers.language-modifier-count-sentences;
 &designers.language-modifiers.language-modifier-count-words;
 &designers.language-modifiers.language-modifier-date-format;
 &designers.language-modifiers.language-modifier-default;
 &designers.language-modifiers.language-modifier-escape;
 &designers.language-modifiers.language-modifier-from-charset;
 &designers.language-modifiers.language-modifier-indent;
 &designers.language-modifiers.language-modifier-lower;
 &designers.language-modifiers.language-modifier-nl2br;
 &designers.language-modifiers.language-modifier-regex-replace;
 &designers.language-modifiers.language-modifier-replace;
 &designers.language-modifiers.language-modifier-spacify;
 &designers.language-modifiers.language-modifier-string-format;
 &designers.language-modifiers.language-modifier-strip;
 &designers.language-modifiers.language-modifier-strip-tags;
 &designers.language-modifiers.language-modifier-to-charset;
 &designers.language-modifiers.language-modifier-truncate;
 &designers.language-modifiers.language-modifier-unescape;
 &designers.language-modifiers.language-modifier-upper;
 &designers.language-modifiers.language-modifier-wordwrap;

</chapter>

<!-- Keep this comment at the end of the file
Local variables:
mode: sgml
sgml-omittag:t
sgml-shorttag:t
sgml-minimize-attributes:nil
sgml-always-quote-attributes:t
sgml-indent-step:1
sgml-indent-data:t
indent-tabs-mode:nil
sgml-parent-document:nil
sgml-default-dtd-file:"../../../../manual.ced"
sgml-exposed-tags:nil
sgml-local-catalogs:nil
sgml-local-ecat-files:nil
End:
vim600: syn=xml fen fdm=syntax fdl=2 si
vim: et tw=78 syn=sgml
vi: ts=1 sw=1
-->
