<?xml version="1.0" encoding="UTF-8"?>
<!-- $Revision: 3827 $ -->
<chapter id="language.variables">
 <title>变量</title>
 <para>
 Smarty有多种类型的变量。
 </para>
 <para>
 在Smarty中的变量可以直接显示，或者作为
 <link linkend="language.syntax.functions">函数</link>,
  <link linkend="language.syntax.attributes">属性</link> and
  <link linkend="language.modifiers">修饰器</link>, 内部条件表达式等的参数。
  要显示变量，可以简单地用
  <link linkend="variable.left.delimiter">定界符</link>
  把变量括起来。
<example>
<title>变量例子</title>
  <programlisting>
<![CDATA[
{$Name}

{$product.part_no} <b>{$product.description}</b>

{$Contacts[row].Phone}

<body bgcolor="{#bgcolor#}">
]]>
  </programlisting>
</example>
<note>
<title>说明</title>
<para>一个简单的检查Smarty变量的方法是打开Smarty的
<link linkend="chapter.debugging.console">调试控制台</link>。
</para>
</note>
 </para>


 &designers.language-variables.language-assigned-variables;
 &designers.language-variables.language-variable-scopes;
 &designers.language-variables.language-config-variables;
 &designers.language-variables.language-variables-smarty;

</chapter>

<!-- Keep this comment at the end of the file
Local variables:
mode: sgml
sgml-omittag:t
sgml-shorttag:t
sgml-minimize-attributes:nil
sgml-always-quote-attributes:t
sgml-indent-step:1
sgml-indent-data:t
indent-tabs-mode:nil
sgml-parent-document:nil
sgml-default-dtd-file:"../../../../manual.ced"
sgml-exposed-tags:nil
sgml-local-catalogs:nil
sgml-local-ecat-files:nil
End:
vim600: syn=xml fen fdm=syntax fdl=2 si
vim: et tw=78 syn=sgml
vi: ts=1 sw=1
-->
