<?xml version="1.0" encoding="UTF-8"?>
<!-- $Revision: 4278 $ -->
 <sect1 id="language.modifier.escape">
  <title>escape</title>
    <para>
    <varname>escape</varname>可用于将变量编码或转换成
	<literal>html</literal>,
     <literal>url</literal>, <literal>单引号</literal>,
     <literal>十六进制</literal>, <literal>十六进制实体</literal>,
     <literal>javascript</literal> 和 <literal>电邮地址</literal>。
     默认是：<literal>html</literal>。
  </para>

  <informaltable frame="all">
   <tgroup cols="6">
    <colspec colname="param" align="center" />
    <colspec colname="type" align="center" />
    <colspec colname="required" align="center" />
    <colspec colname="possible" align="center" />
    <colspec colname="default" align="center" />
    <colspec colname="desc" />
    <thead>
     <row>
      <entry>参数顺序</entry>
      <entry>类型</entry>
      <entry>必选参数</entry>
      <entry>允许取值</entry>
      <entry>默认值</entry>
      <entry>说明</entry>
     </row>
    </thead>
    <tbody>
     <row>
      <entry>1</entry>
      <entry>string</entry>
      <entry>No</entry>
      <entry><literal>html</literal>, <literal>htmlall</literal>,
              <literal>url</literal>,
               <literal>urlpathinfo</literal>, <literal>单引号</literal>,
               <literal>十六进制</literal>, <literal>十六进制实体</literal>,
               <literal>javascript</literal>, <literal>电邮地址</literal>
       </entry>
      <entry><literal>html</literal></entry>
      <entry>这是escape转换后的格式</entry>
     </row>
     <row>
      <entry>2</entry>
      <entry>string</entry>
      <entry>No</entry>
      <entry><literal>ISO-8859-1</literal>, <literal>UTF-8</literal>,
	  和其他<ulink url="&url.php-manual;htmlentities">
      <varname>htmlentities()</varname></ulink>支持的字符集
      </entry>
      <entry><literal>UTF-8</literal></entry>
      <entry>传递给htmlentities()的字符集类型</entry>
     </row>
     <row>
      <entry>3</entry>
      <entry>boolean</entry>
      <entry>No</entry>
      <entry>&false;</entry>
      <entry>&true;</entry>
      <entry>两次转换实体，&amp;amp; 到 &amp;amp;amp; (仅在 <literal>html</literal> 和 <literal>htmlall</literal> 使用)</entry>
     </row>
    </tbody>
   </tgroup>
  </informaltable>

  <example>
   <title>escape</title>
   <programlisting role="php">
<![CDATA[
<?php

$smarty->assign('articleTitle',
                "'Stiff Opposition Expected to Casketless Funeral Plan'"
                );
$smarty->assign('EmailAddress','smarty@example.com');

?>
]]>
   </programlisting>
   <para>
   下面是<literal>escape</literal>的例子和输出：
   </para>
   <programlisting>
<![CDATA[
{$articleTitle}
'Stiff Opposition Expected to Casketless Funeral Plan'

{$articleTitle|escape}
&#039;Stiff Opposition Expected to Casketless Funeral Plan&#039;

{$articleTitle|escape:'html'}    {* escapes  & " ' < > *}
&#039;Stiff Opposition Expected to Casketless Funeral Plan&#039;

{$articleTitle|escape:'htmlall'} {* escapes ALL html entities *}
&#039;Stiff Opposition Expected to Casketless Funeral Plan&#039;

<a href="?title={$articleTitle|escape:'url'}">click here</a>
<a
href="?title=%27Stiff%20Opposition%20Expected%20to%20Casketless%20Funeral%20Plan%27">click here</a>

{$articleTitle|escape:'quotes'}
\'Stiff Opposition Expected to Casketless Funeral Plan\'

<a href="mailto:{$EmailAddress|escape:"hex"}">{$EmailAddress|escape:"hexentity"}</a>
{$EmailAddress|escape:'mail'}    {* this converts to email to text *}
<a href="mailto:%62%6f%..snip..%65%74">&#x62;&#x6f;&#x62..snip..&#x65;&#x74;</a>

{'mail@example.com'|escape:'mail'}
smarty [AT] example [DOT] com
]]>
   </programlisting>
   </example>

   <example>
   <title>escape的另一个例子</title>
    <screen>
<![CDATA[
{*  "rewind"参数是当前URL地址 *}
<a href="$my_path?page=foo&rewind=$my_uri|urlencode}">click here</a>
]]>
   </screen>
      <para>这个方法很适合用在电邮地址上，另外可以参见
	  <link linkend="language.function.mailto">
      <varname>{mailto}</varname></link></para>
      <screen>
<![CDATA[
{* 电邮地址编码 *}
<a href="mailto:{$EmailAddress|escape:'hex'}">{$EmailAddress|escape:'mail'}</a>
]]>
   </screen>
  </example>

  <para>
   参见
   <link linkend="language.escaping">Smarty编译转换</link>,
   <link linkend="language.function.mailto"><varname>{mailto}</varname></link>
   和
   <link linkend="tips.obfuscating.email">混淆电邮地址</link>。
  </para>
 </sect1>

<!-- Keep this comment at the end of the file
Local variables:
mode: sgml
sgml-omittag:t
sgml-shorttag:t
sgml-minimize-attributes:nil
sgml-always-quote-attributes:t
sgml-indent-step:1
sgml-indent-data:t
indent-tabs-mode:nil
sgml-parent-document:nil
sgml-default-dtd-file:"../../../../manual.ced"
sgml-exposed-tags:nil
sgml-local-catalogs:nil
sgml-local-ecat-files:nil
End:
vim600: syn=xml fen fdm=syntax fdl=2 si
vim: et tw=78 syn=sgml
vi: ts=1 sw=1
-->
