<?xml version="1.0" encoding="UTF-8"?>
<!-- $Revision: 4278 $ -->
 <sect1 id="language.modifier.capitalize">
  <title>capitalize</title>
    <para>
	使变量内容里的每个单词的第一个字母大写。
    与PHP函数的<ulink url="&url.php-manual;ucwords">
   <varname>ucwords()</varname></ulink>相似。
  </para>
  <informaltable frame="all">
   <tgroup cols="5">
    <colspec colname="param" align="center" />
    <colspec colname="type" align="center" />
    <colspec colname="required" align="center" />
    <colspec colname="default" align="center" />
    <colspec colname="desc" />
    <thead>
     <row>
      <entry>参数顺序</entry>
      <entry>类型</entry>
      <entry>必选参数</entry>
      <entry>默认值</entry>
      <entry>说明</entry>
     </row>
    </thead>
    <tbody>
     <row>
      <entry>1</entry>
      <entry>boolean</entry>
      <entry>No</entry>
      <entry>&false;</entry>
      <entry>
	  带数字的单词是否也头字母大写。</entry>
     </row>
     <row>
      <entry>2</entry>
      <entry>boolean</entry>
      <entry>No</entry>
      <entry>&false;</entry>
      <entry>
	  设置单词内其他字母是否小写，如"aAa" 变成 "Aaa"。</entry>
     </row>
    </tbody>
   </tgroup>
  </informaltable>
  <example>
   <title>capitalize</title>
   <programlisting role="php">
<![CDATA[
<?php

$smarty->assign('articleTitle', 'next x-men film, x3, delayed.');

?>
]]>
   </programlisting>
   <para>
    模板是：
   </para>
   <programlisting>
<![CDATA[
{$articleTitle}
{$articleTitle|capitalize}
{$articleTitle|capitalize:true}
]]>
   </programlisting>
   <para>
    输出：
   </para>
   <screen>
<![CDATA[
next x-men film, x3, delayed.
Next X-Men Film, x3, Delayed.
Next X-Men Film, X3, Delayed.
]]>
   </screen>
  </example>
   <para>参见
   <link linkend="language.modifier.lower"><varname>lower</varname></link>
   和
   <link linkend="language.modifier.upper"><varname>upper</varname></link>
   </para>
</sect1>
<!-- Keep this comment at the end of the file
Local variables:
mode: sgml
sgml-omittag:t
sgml-shorttag:t
sgml-minimize-attributes:nil
sgml-always-quote-attributes:t
sgml-indent-step:1
sgml-indent-data:t
indent-tabs-mode:nil
sgml-parent-document:nil
sgml-default-dtd-file:"../../../../manual.ced"
sgml-exposed-tags:nil
sgml-local-catalogs:nil
sgml-local-ecat-files:nil
End:
vim600: syn=xml fen fdm=syntax fdl=2 si
vim: et tw=78 syn=sgml
vi: ts=1 sw=1
-->

