<?xml version="1.0" encoding="UTF-8"?>
<!-- $Revision: 3827 $ -->
 <sect1 id="language.modifier.count.paragraphs">
  <title>count_paragraphs</title>
  <para>
  计算变量内容有多少个段落。
  </para>
  <example>
   <title>count_paragraphs</title>
   <programlisting role="php">
<![CDATA[
<?php

$smarty->assign('articleTitle',
                 "War Dims Hope for Peace. Child's Death Ruins Couple's Holiday.\n\n
                 Man is Fatally Slain. Death Causes Loneliness, Feeling of Isolation."
                );

?>
]]>
   </programlisting>
   <para>
    模板是：
   </para>
   <programlisting>
<![CDATA[
{$articleTitle}
{$articleTitle|count_paragraphs}
]]>
   </programlisting>
   <para>
    输出：
   </para>
   <screen>
<![CDATA[
War Dims Hope for Peace. Child's Death Ruins Couple's Holiday.

Man is Fatally Slain. Death Causes Loneliness, Feeling of Isolation.
2
]]>
   </screen>
  </example>
  <para>
  参见
   <link linkend="language.modifier.count.characters"><varname>count_characters</varname></link>,
   <link linkend="language.modifier.count.sentences"><varname>count_sentences</varname></link>
   和
   <link linkend="language.modifier.count.words"><varname>count_words</varname></link>.
  </para>
 </sect1>

<!-- Keep this comment at the end of the file
Local variables:
mode: sgml
sgml-omittag:t
sgml-shorttag:t
sgml-minimize-attributes:nil
sgml-always-quote-attributes:t
sgml-indent-step:1
sgml-indent-data:t
indent-tabs-mode:nil
sgml-parent-document:nil
sgml-default-dtd-file:"../../../../manual.ced"
sgml-exposed-tags:nil
sgml-local-catalogs:nil
sgml-local-ecat-files:nil
End:
vim600: syn=xml fen fdm=syntax fdl=2 si
vim: et tw=78 syn=sgml
vi: ts=1 sw=1
-->