<?xml version="1.0" encoding="UTF-8"?>
<!-- $Revision: 4278 $ -->
 <sect1 id="language.modifier.date.format">
  <title>date_format</title>
    <para>
	将日期和时间格式化成<ulink url="&url.php-manual;strftime"><varname>strftime()</varname></ulink>的格式。
	时间可以是unix的
	<ulink url="&url.php-manual;function.time">时间戳</ulink>, 
     <ulink url="&url.php-manual;class.DateTime">DateTime 对象</ulink>, mysql时间戳，或者月日年格式的字符串，与PHP函数<ulink url="&url.php-manual;strtotime"><varname>strtotime()</varname></ulink>类似。
	 模板设计者可以对<varname>date_format</varname>的格式有完全的控制。
	 如果传递到<varname>date_format</varname>的时间为空，
	 而第二个参数传递了值，那么第二个参数将作为需要格式化的时间。
   </para>


  <informaltable frame="all">
   <tgroup cols="5">
    <colspec colname="param" align="center" />
    <colspec colname="type" align="center" />
    <colspec colname="required" align="center" />
    <colspec colname="default" align="center" />
    <colspec colname="desc" />
    <thead>
     <row>
      <entry>参数顺序</entry>
      <entry>类型</entry>
      <entry>必选参数</entry>
      <entry>默认值</entry>
      <entry>说明</entry>
     </row>
    </thead>
    <tbody>
     <row>
      <entry>1</entry>
      <entry>string</entry>
      <entry>No</entry>
      <entry>%b %e, %Y</entry>
      <entry>输出时间的格式定义</entry>
     </row>
     <row>
      <entry>2</entry>
      <entry>string</entry>
      <entry>No</entry>
      <entry>n/a</entry>
      <entry>如果输入为空，则作为默认时间。</entry>
     </row>
    </tbody>
   </tgroup>
  </informaltable>

   <para>
   <note>
    <para>
	从Smarty-2.6.10开始，给<varname>date_format</varname>传递
	数字值将<emphasis>一直</emphasis>被当作unix时间戳（除了mysql时间戳，看下文）。
    </para>
    <para>
	在Smarty-2.6.10之前，数字值(如 <literal>YYYYMMDD</literal>)使用了php函数<varname>strtotime()</varname>来进行处理，
     所以有时候值会被看作时间字符串而不是时间戳（取决于<varname>strtotime()</varname>的实现）。
    </para>
    <para>
	唯一的例外mysql时间戳：14位数字值(<literal>YYYYMMDDHHMMSS</literal>),
	mysql时间戳比unix时间戳更优先匹配。
    </para>
   </note>
      <note>
    <title>程序设计者说明</title>
    <para>
     <varname>date_format</varname>是派生于PHP函数
     <ulink url="&url.php-manual;strftime"><varname>strftime()</varname></ulink>的wrapper。
	 在PHP编译时<ulink url="&url.php-manual;strftime"><varname>strftime()</varname></ulink>的支持格式的数量将会受到系统影响。
	 请系统的说明找出完整的格式列表。
	 然而，部分格式是模拟了windows的行为，如 %D, %e, %h, %l, %n, 
     %r, %R, %t, %T。
    </para>
   </note>
  </para>
  <example>
   <title>date_format</title>
   <programlisting role="php">
<![CDATA[
<?php

$config['date'] = '%I:%M %p';
$config['time'] = '%H:%M:%S';
$smarty->assign('config', $config);
$smarty->assign('yesterday', strtotime('-1 day'));

?>
]]>
   </programlisting>
   <para>
    模板使用了<link linkend="language.variables.smarty.now">
    <parameter>$smarty.now</parameter></link>取得当前的时间：
   </para>
   <programlisting>
<![CDATA[
{$smarty.now|date_format}
{$smarty.now|date_format:"%D"}
{$smarty.now|date_format:$config.date}
{$yesterday|date_format}
{$yesterday|date_format:"%A, %B %e, %Y"}
{$yesterday|date_format:$config.time}
]]>
   </programlisting>
   <para>
   输出是：
   </para>
   <screen>
<![CDATA[
Jan 1, 2022
01/01/22
02:33 pm
Dec 31, 2021
Monday, December 1, 2021
14:33:00
]]>
   </screen>
  </example>
  <para>

  <command>date_format</command>支持格式：
   <itemizedlist>
    <listitem><para>
     %a - 当前区域星期几的简写
    </para></listitem>
    <listitem><para>
     %A - 当前区域星期几的全称
    </para></listitem>
    <listitem><para>
     %b - 当前区域月份的简写
    </para></listitem>
    <listitem><para>
     %B - 当前区域月份的全称
    </para></listitem>
    <listitem><para>
     %c - 当前区域首选的日期时间表达
    </para></listitem>
    <listitem><para>
     %C - 世纪值（年份除以 100 后取整，范围从 00 到 99）
    </para></listitem>
    <listitem><para>
     %d - 月份中的第几天，十进制数字（范围从 01 到 31）
    </para></listitem>
    <listitem><para>
     %D - 和 %m/%d/%y 一样
    </para></listitem>
    <listitem><para>
     %e - 月份中的第几天，十进制数字，一位的数字前会加上一个空格（范围从 ' 1' 到 '31'）
    </para></listitem>
    <listitem><para>
     %g - 和 %G 一样，但是没有世纪
    </para></listitem>
    <listitem><para>
     %G - 4 位数的年份
    </para></listitem>
    <listitem><para>
     %h - 和 %b 一样
    </para></listitem>
    <listitem><para>
     %H - 24 小时制的十进制小时数（范围从 00 到 23）
    </para></listitem>
    <listitem><para>
     %I - 12 小时制的十进制小时数（范围从 00 到 12）
    </para></listitem>
    <listitem><para>
     %j - 年份中的第几天，十进制数（范围从 001 到 366）
    </para></listitem>
    <listitem><para>
     %k - 小时，24 小时格式，没有前导零
    </para></listitem>
    <listitem><para>
     %l - 小时，12 小时格式，没有前导零
    </para></listitem>
    <listitem><para>
     %m - 十进制月份（范围从 01 到 12）
    </para></listitem>
    <listitem><para>
     %M - 十进制分钟数
    </para></listitem>
    <listitem><para>
     %n - 换行符
    </para></listitem>
    <listitem><para>
     %p - 根据给定的时间值为 `am' 或 `pm'，或者当前区域设置中的相应字符串
    </para></listitem>
    <listitem><para>
     %r - 用 a.m. 和 p.m. 符号的时间
    </para></listitem>
    <listitem><para>
     %R - 24 小时符号的时间
    </para></listitem>
    <listitem><para>
     %S - 十进制秒数
    </para></listitem>
    <listitem><para>
     %t - 制表符
    </para></listitem>
    <listitem><para>
     %T - 当前时间，和 %H:%M:%S 一样
    </para></listitem>
    <listitem><para>
     %u - 星期几的十进制数表达 [1,7]，1 表示星期一
    </para></listitem>
    <listitem><para>
     %U - 本年的第几周，从第一周的第一个星期天作为第一天开始
    </para></listitem>
    <listitem><para>
     %V - 本年第几周的 ISO 8601:1988 格式，范围从 01 到 53，第 1 周是本年第一个至少还有 4 天的星期，星期一作为每周的第一天。（用 %G 或者 %g 作为指定时间戳相应周数的年份组成。）
    </para></listitem>
    <listitem><para>
     %w - 星期中的第几天，星期天为 0
    </para></listitem>
    <listitem><para>
     %W - 本年的第几周数，从第一周的第一个星期一作为第一天开始
    </para></listitem>
    <listitem><para>
     %x - 当前区域首选的时间表示法，不包括时间
    </para></listitem>
    <listitem><para>
     %X - 当前区域首选的时间表示法，不包括日期
    </para></listitem>
    <listitem><para>
     %y - 没有世纪数的十进制年份（范围从 00 到 99）
    </para></listitem>
    <listitem><para>
     %Y - 包括世纪数的十进制年份
    </para></listitem>
    <listitem><para>
     %Z - 时区名或缩写
    </para></listitem>
    <listitem><para>
     %% - 文字上的 `%' 字符
    </para></listitem>
   </itemizedlist>

  </para>
  <para>
   参见 <link linkend="language.variables.smarty.now"><parameter>$smarty.now</parameter></link>,
   <ulink url="&url.php-manual;strftime"><varname>strftime()</varname></ulink>,
   <link linkend="language.function.html.select.date"><varname>{html_select_date}</varname></link>
   和 <link linkend="tips.dates">时间技巧</link>文章.
  </para>
 </sect1>

<!-- Keep this comment at the end of the file
Local variables:
mode: sgml
sgml-omittag:t
sgml-shorttag:t
sgml-minimize-attributes:nil
sgml-always-quote-attributes:t
sgml-indent-step:1
sgml-indent-data:t
indent-tabs-mode:nil
sgml-parent-document:nil
sgml-default-dtd-file:"../../../../manual.ced"
sgml-exposed-tags:nil
sgml-local-catalogs:nil
sgml-local-ecat-files:nil
End:
vim600: syn=xml fen fdm=syntax fdl=2 si
vim: et tw=78 syn=sgml
vi: ts=1 sw=1
-->



