<?xml version="1.0" encoding="UTF-8"?>
<!-- $Revision: 3827 $ -->
 <sect1 id="language.modifier.spacify">
  <title>spacify</title>
    <para>
     <varname>spacify</varname>会在变量的字符串中插入空格。
	 你可以设置插入的是空格或者别的字符。
  </para>
  <informaltable frame="all">
   <tgroup cols="5">
    <colspec colname="param" align="center" />
    <colspec colname="type" align="center" />
    <colspec colname="required" align="center" />
    <colspec colname="default" align="center" />
    <colspec colname="desc"/>
    <thead>
     <row>
      <entry>参数顺序</entry>
      <entry>类型</entry>
      <entry>必选参数</entry>
      <entry>默认值</entry>
      <entry>说明</entry>
     </row>
    </thead>
    <tbody>
     <row>
      <entry>1</entry>
      <entry>string</entry>
      <entry>No</entry>
      <entry><emphasis>one space</emphasis></entry>
      <entry>插入字符间的字符</entry>
      </row>
     </tbody>
    </tgroup>
  </informaltable>

  <example>
   <title>spacify</title>
   <programlisting role="php">
<![CDATA[
<?php

$smarty->assign('articleTitle', 'Something Went Wrong in Jet Crash, Experts Say.');

?>
]]>
   </programlisting>
   <para>
    模板：
   </para>
   <programlisting>
<![CDATA[
{$articleTitle}
{$articleTitle|spacify}
{$articleTitle|spacify:"^^"}
]]>
   </programlisting>
   <para>
    输出：
   </para>
   <screen>
<![CDATA[
Something Went Wrong in Jet Crash, Experts Say.
S o m e t h i n g   W .... snip ....  s h ,   E x p e r t s   S a y .
S^^o^^m^^e^^t^^h^^i^^n^^g^^ .... snip .... ^^e^^r^^t^^s^^ ^^S^^a^^y^^.
]]>
   </screen>
  </example>
  <para>
 参见
   <link linkend="language.modifier.wordwrap"><varname>wordwrap</varname></link>
   和
   <link linkend="language.modifier.nl2br"><varname>nl2br</varname></link>.
  </para>
 </sect1>

<!-- Keep this comment at the end of the file
Local variables:
mode: sgml
sgml-omittag:t
sgml-shorttag:t
sgml-minimize-attributes:nil
sgml-always-quote-attributes:t
sgml-indent-step:1
sgml-indent-data:t
indent-tabs-mode:nil
sgml-parent-document:nil
sgml-default-dtd-file:"../../../../manual.ced"
sgml-exposed-tags:nil
sgml-local-catalogs:nil
sgml-local-ecat-files:nil
End:
vim600: syn=xml fen fdm=syntax fdl=2 si
vim: et tw=78 syn=sgml
vi: ts=1 sw=1
-->
