<?xml version="1.0" encoding="UTF-8"?>
<!-- $Revision: 3827 $ -->
 <sect1 id="language.modifier.replace">
  <title>replace</title>
    <para>
	对变量进行简单的搜索和替换。
	等同于PHP函数的
     <ulink url="&url.php-manual;str_replace">
     <varname>str_replace()</varname></ulink>。
  </para>

  <informaltable frame="all">
   <tgroup cols="5">
    <colspec colname="param" align="center" />
    <colspec colname="type" align="center" />
    <colspec colname="required" align="center" />
    <colspec colname="default" align="center" />
    <colspec colname="desc"/>
    <thead>
     <row>
      <entry>参数顺序</entry>
      <entry>类型</entry>
      <entry>必选参数</entry>
      <entry>默认值</entry>
      <entry>说明</entry>
     </row>
    </thead>
    <tbody>
     <row>
      <entry>1</entry>
      <entry>string</entry>
      <entry>Yes</entry>
      <entry><emphasis>n/a</emphasis></entry>
      <entry>需要搜索并替换的字符</entry>
     </row>
     <row>
      <entry>2</entry>
      <entry>string</entry>
      <entry>Yes</entry>
      <entry><emphasis>n/a</emphasis></entry>
      <entry>替换用的字符</entry>
     </row>
    </tbody>
   </tgroup>
  </informaltable>

  <example>
   <title>replace</title>
   <programlisting role="php">
<![CDATA[
<?php

$smarty->assign('articleTitle', "Child's Stool Great for Use in Garden.");

?>
]]>
   </programlisting>
   <para>
    模板：
   </para>
   <programlisting>
<![CDATA[
{$articleTitle}
{$articleTitle|replace:'Garden':'Vineyard'}
{$articleTitle|replace:' ':'   '}
]]>
   </programlisting>
   <para>
   输出：
   </para>
   <screen>
<![CDATA[
Child's Stool Great for Use in Garden.
Child's Stool Great for Use in Vineyard.
Child's   Stool   Great   for   Use   in   Garden.
]]>
   </screen>
  </example>
  <para>
   参见
   <link linkend="language.modifier.regex.replace"><varname>regex_replace</varname></link>
   和
   <link linkend="language.modifier.escape"><varname>escape</varname></link>.
  </para>
 </sect1>

<!-- Keep this comment at the end of the file
Local variables:
mode: sgml
sgml-omittag:t
sgml-shorttag:t
sgml-minimize-attributes:nil
sgml-always-quote-attributes:t
sgml-indent-step:1
sgml-indent-data:t
indent-tabs-mode:nil
sgml-parent-document:nil
sgml-default-dtd-file:"../../../../manual.ced"
sgml-exposed-tags:nil
sgml-local-catalogs:nil
sgml-local-ecat-files:nil
End:
vim600: syn=xml fen fdm=syntax fdl=2 si
vim: et tw=78 syn=sgml
vi: ts=1 sw=1
-->
