<?xml version="1.0" encoding="UTF-8"?>
<!-- $Revision: 3827 $ -->
 <sect1 id="language.modifier.count.characters">
  <title>count_characters</title>
    <para>
	计算变量内容里有多少个字符。
  </para>
  <informaltable frame="all">
   <tgroup cols="5">
    <colspec colname="param" align="center" />
    <colspec colname="type" align="center" />
    <colspec colname="required" align="center" />
    <colspec colname="default" align="center" />
    <colspec colname="desc" />
    <thead>
     <row>
      <entry>参数顺序</entry>
      <entry>类型</entry>
      <entry>必选参数</entry>
      <entry>默认值</entry>
      <entry>说明</entry>
     </row>
    </thead>
    <tbody>
     <row>
      <entry>1</entry>
      <entry>boolean</entry>
      <entry>No</entry>
      <entry>&false;</entry>
      <entry>
	  计算总数时是否包括空格字符。</entry>
     </row>
    </tbody>
   </tgroup>
  </informaltable>

  <example>
   <title>count_characters</title>
   <programlisting role="php">
<![CDATA[
<?php

$smarty->assign('articleTitle', 'Cold Wave Linked to Temperatures.');

?>
]]>
   </programlisting>
   <para>
    模板：
   </para>
   <programlisting>
<![CDATA[
{$articleTitle}
{$articleTitle|count_characters}
{$articleTitle|count_characters:true}
]]>
   </programlisting>
   <para>
    输出：
   </para>
   <screen>
<![CDATA[
Cold Wave Linked to Temperatures.
29
33
]]>
   </screen>
  </example>
  <para>
   参见
   <link linkend="language.modifier.count.words"><varname>count_words</varname></link>,
   <link linkend="language.modifier.count.sentences"><varname>count_sentences</varname></link> 和
   <link linkend="language.modifier.count.paragraphs"><varname>count_paragraphs</varname></link>.
  </para>
 </sect1>

<!-- Keep this comment at the end of the file
Local variables:
mode: sgml
sgml-omittag:t
sgml-shorttag:t
sgml-minimize-attributes:nil
sgml-always-quote-attributes:t
sgml-indent-step:1
sgml-indent-data:t
indent-tabs-mode:nil
sgml-parent-document:nil
sgml-default-dtd-file:"../../../../manual.ced"
sgml-exposed-tags:nil
sgml-local-catalogs:nil
sgml-local-ecat-files:nil
End:
vim600: syn=xml fen fdm=syntax fdl=2 si
vim: et tw=78 syn=sgml
vi: ts=1 sw=1
-->
