<?xml version="1.0" encoding="UTF-8"?>
<!-- $Revision: 3827 $ -->
 <sect1 id="language.modifier.nl2br">
  <title>nl2br</title>
  <para>
  将变量值中的<literal>"\n"</literal>回车全部转换成HTML的
  <literal>&lt;br /&gt;</literal>。
  等同于PHP的<ulink url="&url.php-manual;nl2br">
   <varname>nl2br()</varname></ulink>函数。
  </para>
  <example>
   <title>nl2br</title>
   <programlisting role="php">
<![CDATA[
<?php

$smarty->assign('articleTitle',
                "Sun or rain expected\ntoday, dark tonight"
                );

?>
]]>
   </programlisting>
   <para>
    模板：
   </para>
   <programlisting>
<![CDATA[
{$articleTitle|nl2br}
]]>
   </programlisting>
   <para>
    输出：
   </para>
   <screen>
<![CDATA[
Sun or rain expected<br />today, dark tonight
]]>
   </screen>
  </example>
  <para>
   See also
   <link linkend="language.modifier.wordwrap"><varname>word_wrap</varname></link>,
   <link linkend="language.modifier.count.paragraphs"><varname>count_paragraphs</varname></link>
   and
   <link linkend="language.modifier.count.sentences"><varname>count_sentences</varname></link>.
  </para>
 </sect1>

<!-- Keep this comment at the end of the file
Local variables:
mode: sgml
sgml-omittag:t
sgml-shorttag:t
sgml-minimize-attributes:nil
sgml-always-quote-attributes:t
sgml-indent-step:1
sgml-indent-data:t
indent-tabs-mode:nil
sgml-parent-document:nil
sgml-default-dtd-file:"../../../../manual.ced"
sgml-exposed-tags:nil
sgml-local-catalogs:nil
sgml-local-ecat-files:nil
End:
vim600: syn=xml fen fdm=syntax fdl=2 si
vim: et tw=78 syn=sgml
vi: ts=1 sw=1
-->
