<?xml version="1.0" encoding="UTF-8"?>
<!-- $Revision: 3827 $ -->
 <sect1 id="language.modifier.string.format">
  <title>string_format</title>
    <para>
	格式化字符串，如浮点数等。
     使用
     <ulink url="&url.php-manual;sprintf"><varname>sprintf()</varname></ulink>的PHP函数来进行。
  </para>

  <informaltable frame="all">
   <tgroup cols="5">
    <colspec colname="param" align="center" />
    <colspec colname="type" align="center" />
    <colspec colname="required" align="center" />
    <colspec colname="default" align="center" />
    <colspec colname="desc"/>
    <thead>
     <row>
      <entry>参数顺序</entry>
      <entry>类型</entry>
      <entry>必选参数</entry>
      <entry>默认值</entry>
      <entry>说明</entry>
     </row>
    </thead>
    <tbody>
     <row>
      <entry>1</entry>
      <entry>string</entry>
      <entry>Yes</entry>
      <entry><emphasis>n/a</emphasis></entry>
      <entry>指定哪种格式 (sprintf)</entry>
     </row>
    </tbody>
   </tgroup>
  </informaltable>

  <example>
   <title>string_format</title>
   <programlisting role="php">
<![CDATA[
<?php

$smarty->assign('number', 23.5787446);

?>
]]>
   </programlisting>
   <para>
    模板：
   </para>
   <programlisting>
<![CDATA[
{$number}
{$number|string_format:"%.2f"}
{$number|string_format:"%d"}
]]>
   </programlisting>
   <para>
    输出：
   </para>
   <screen>
<![CDATA[
23.5787446
23.58
24
]]>
   </screen>
  </example>

  <para>
   参见
   <link linkend="language.modifier.date.format"><varname>date_format</varname></link>.
  </para>
 </sect1>

<!-- Keep this comment at the end of the file
Local variables:
mode: sgml
sgml-omittag:t
sgml-shorttag:t
sgml-minimize-attributes:nil
sgml-always-quote-attributes:t
sgml-indent-step:1
sgml-indent-data:t
indent-tabs-mode:nil
sgml-parent-document:nil
sgml-default-dtd-file:"../../../../manual.ced"
sgml-exposed-tags:nil
sgml-local-catalogs:nil
sgml-local-ecat-files:nil
End:
vim600: syn=xml fen fdm=syntax fdl=2 si
vim: et tw=78 syn=sgml
vi: ts=1 sw=1
-->
