<?xml version="1.0" encoding="UTF-8"?>
<!-- $Revision: 3827 $ -->
 <sect1 id="language.modifier.truncate">
  <title>truncate</title>
    <para>
	截取字符串到指定长度，默认长度是80.
	第二个参数可选，指定了截取后代替显示的字符。
	截取后的字符长度是截取规定的长度加上第二个参数的字符长度。
  默认<varname>truncate</varname>会尝试按单词进行截取。
如果你希望按字符截取（单词可能会被截断），需要设置第三个参数&true;。
  </para>

  <informaltable frame="all">
   <tgroup cols="5">
    <colspec colname="param" align="center" />
    <colspec colname="type" align="center" />
    <colspec colname="required" align="center" />
    <colspec colname="default" align="center" />
    <colspec colname="desc"/>
    <thead>
     <row>
      <entry>参数顺序</entry>
      <entry>类型</entry>
      <entry>必选参数</entry>
      <entry>默认值</entry>
      <entry>说明</entry>
     </row>
    </thead>
    <tbody>
     <row>
      <entry>1</entry>
      <entry>integer</entry>
      <entry>No</entry>
      <entry>80</entry>
      <entry>截取的长度</entry>
     </row>
     <row>
      <entry>2</entry>
      <entry>string</entry>
      <entry>No</entry>
      <entry>...</entry>
      <entry>
	  截取后替代显示的字符，该字符长度会被计算到截取长度内。</entry>
     </row>
     <row>
      <entry>3</entry>
      <entry>boolean</entry>
      <entry>No</entry>
      <entry>&false;</entry>
      <entry>
	  是否按单词截取&false;，或是按字符截取&true;。</entry>
     </row>
     <row>
      <entry>4</entry>
      <entry>boolean</entry>
      <entry>No</entry>
      <entry>&false;</entry>
      <entry>
	  当字符截取的长度刚好等于字符本身长度时，是否截取。
	  &false;也会截取。 &true;是不会截取。
	  注意如果设置为&true;，单词的边界会被忽略。
      </entry>
     </row>
    </tbody>
   </tgroup>
  </informaltable>

  <example>
   <title>truncate</title>
   <programlisting role="php">
<![CDATA[
<?php
$smarty->assign('articleTitle', 'Two Sisters Reunite after Eighteen Years at Checkout Counter.');
?>
]]>
   </programlisting>
   <para>
    模板：
   </para>
   <programlisting>
<![CDATA[
{$articleTitle}
{$articleTitle|truncate}
{$articleTitle|truncate:30}
{$articleTitle|truncate:30:""}
{$articleTitle|truncate:30:"---"}
{$articleTitle|truncate:30:"":true}
{$articleTitle|truncate:30:"...":true}
{$articleTitle|truncate:30:'..':true:true}
]]>
   </programlisting>
   <para>
    输出：
   </para>
   <screen>
<![CDATA[
Two Sisters Reunite after Eighteen Years at Checkout Counter.
Two Sisters Reunite after Eighteen Years at Checkout Counter.
Two Sisters Reunite after...
Two Sisters Reunite after
Two Sisters Reunite after---
Two Sisters Reunite after Eigh
Two Sisters Reunite after E...
Two Sisters Re..ckout Counter.
]]>
   </screen>
  </example>
</sect1>
<!-- Keep this comment at the end of the file
Local variables:
mode: sgml
sgml-omittag:t
sgml-shorttag:t
sgml-minimize-attributes:nil
sgml-always-quote-attributes:t
sgml-indent-step:1
sgml-indent-data:t
indent-tabs-mode:nil
sgml-parent-document:nil
sgml-default-dtd-file:"../../../../manual.ced"
sgml-exposed-tags:nil
sgml-local-catalogs:nil
sgml-local-ecat-files:nil
End:
vim600: syn=xml fen fdm=syntax fdl=2 si
vim: et tw=78 syn=sgml
vi: ts=1 sw=1
-->
