<?xml version="1.0" encoding="UTF-8"?>
<!-- $Revision: 3827 $ -->
 <sect1 id="language.modifier.default">
  <title>default</title>
    <para>
	为变量设置默认值。
	当变量是unset或者empty的字符串时，默认值将显示。
	必须要有一个参数。
  </para>

  <informaltable frame="all">
   <tgroup cols="5">
    <colspec colname="param" align="center" />
    <colspec colname="type" align="center" />
    <colspec colname="required" align="center" />
    <colspec colname="default" align="center" />
    <colspec colname="desc" />
    <thead>
     <row>
      <entry>参数顺序</entry>
      <entry>类型</entry>
      <entry>必选参数</entry>
      <entry>默认值</entry>
      <entry>说明</entry>
     </row>
    </thead>
    <tbody>
     <row>
      <entry>1</entry>
      <entry>string</entry>
      <entry>No</entry>
      <entry><emphasis>控制</emphasis></entry>
      <entry>当变量为空时输出的值</entry>
     </row>
    </tbody>
   </tgroup>
  </informaltable>

  <example>
   <title>default</title>
   <programlisting role="php">
<![CDATA[
<?php

$smarty->assign('articleTitle', 'Dealers Will Hear Car Talk at Noon.');
$smarty->assign('email', '');

?>
]]>
   </programlisting>
   <para>
   模板：
   </para>
   <programlisting>
<![CDATA[
{$articleTitle|default:'no title'}
{$myTitle|default:'no title'}
{$email|default:'No email address available'}
]]>
   </programlisting>
   <para>
   输出：
   </para>
   <screen>
<![CDATA[
Dealers Will Hear Car Talk at Noon.
no title
No email address available
]]>
   </screen>
  </example>
  <para>
  参见
   <link linkend="tips.default.var.handling">默认变量处理</link>
   和
   <link linkend="tips.blank.var.handling">空变量处理</link>。
  </para>
 </sect1>

<!-- Keep this comment at the end of the file
Local variables:
mode: sgml
sgml-omittag:t
sgml-shorttag:t
sgml-minimize-attributes:nil
sgml-always-quote-attributes:t
sgml-indent-step:1
sgml-indent-data:t
indent-tabs-mode:nil
sgml-parent-document:nil
sgml-default-dtd-file:"../../../../manual.ced"
sgml-exposed-tags:nil
sgml-local-catalogs:nil
sgml-local-ecat-files:nil
End:
vim600: syn=xml fen fdm=syntax fdl=2 si
vim: et tw=78 syn=sgml
vi: ts=1 sw=1
-->
