<?xml version="1.0" encoding="UTF-8"?>
<!-- $Revision: 3827 $ -->
 <sect1 id="language.modifier.wordwrap">
  <title>wordwrap</title>
    <para>
	限制一行字符的长度（自动换行），默认是80个字符长度。
     可选的第二个参数，可自定义换行字符，默认换行字符是
	 <literal>"\n"</literal>。
	 默认情况下，是根据单词来换行的，也就是按英文语法的<varname>自动换行</varname>。 
	 如果你希望按照字符来换行（边界的单词将拆开），那么可以设置
	 可选的第三个参数为&true;，效果与PHP函数<ulink url="&url.php-manual;wordwrap"><varname>wordwrap()</varname></ulink>一样。
  </para>

  <informaltable frame="all">
   <tgroup cols="5">
    <colspec colname="param" align="center" />
    <colspec colname="type" align="center" />
    <colspec colname="required" align="center" />
    <colspec colname="default" align="center" />
    <colspec colname="desc"/>
    <thead>
     <row>
      <entry>参数顺序</entry>
      <entry>类型</entry>
      <entry>必选参数</entry>
      <entry>默认值</entry>
      <entry>说明</entry>
     </row>
    </thead>
    <tbody>
     <row>
      <entry>1</entry>
      <entry>integer</entry>
      <entry>No</entry>
      <entry>80</entry>
      <entry>
	  限定一行的长度。</entry>
     </row>
     <row>
      <entry>2</entry>
      <entry>string</entry>
      <entry>No</entry>
      <entry>\n</entry>
      <entry>换行符号</entry>
     </row>
     <row>
      <entry>3</entry>
      <entry>boolean</entry>
      <entry>No</entry>
      <entry>&false;</entry>
      <entry>
	  设置按单词换行(&false;)，或者按字符换行(&true;)。</entry>
     </row>
    </tbody>
   </tgroup>
  </informaltable>

  <example>
   <title>wordwrap</title>
   <programlisting role="php">
<![CDATA[
<?php

$smarty->assign('articleTitle',
                "Blind woman gets new kidney from dad she hasn't seen in years."
               );

?>
]]>
   </programlisting>
   <para>
   模板：
   </para>
   <programlisting>
<![CDATA[
{$articleTitle}

{$articleTitle|wordwrap:30}

{$articleTitle|wordwrap:20}

{$articleTitle|wordwrap:30:"<br />\n"}

{$articleTitle|wordwrap:26:"\n":true}
]]>
   </programlisting>
   <para>
    输出:
   </para>
   <screen>
<![CDATA[
Blind woman gets new kidney from dad she hasn't seen in years.

Blind woman gets new kidney
from dad she hasn't seen in
years.

Blind woman gets new
kidney from dad she
hasn't seen in
years.

Blind woman gets new kidney<br />
from dad she hasn't seen in<br />
years.

Blind woman gets new kidn
ey from dad she hasn't se
en in years.
]]>
   </screen>
  </example>
  <para>
   参见
   <link linkend="language.modifier.nl2br"><varname>nl2br</varname></link>
   和
   <link linkend="language.function.textformat"><varname>{textformat}</varname></link>.
  </para>
 </sect1>

<!-- Keep this comment at the end of the file
Local variables:
mode: sgml
sgml-omittag:t
sgml-shorttag:t
sgml-minimize-attributes:nil
sgml-always-quote-attributes:t
sgml-indent-step:1
sgml-indent-data:t
indent-tabs-mode:nil
sgml-parent-document:nil
sgml-default-dtd-file:"../../../../manual.ced"
sgml-exposed-tags:nil
sgml-local-catalogs:nil
sgml-local-ecat-files:nil
End:
vim600: syn=xml fen fdm=syntax fdl=2 si
vim: et tw=78 syn=sgml
vi: ts=1 sw=1
-->

