<?xml version="1.0" encoding="UTF-8"?>
<!-- $Revision: 3827 $ -->
 <sect1 id="language.modifier.upper">
  <title>upper</title>
  <para>
  将变量值转成大写字母。
   等同于PHP的<ulink url="&url.php-manual;strtoupper">
   <varname>strtoupper()</varname></ulink>函数。
  </para>
  <example>
   <title>upper</title>
   <programlisting role="php">
<![CDATA[
<?php
$smarty->assign('articleTitle', "If Strike isn't Settled Quickly it may Last a While.");
?>
]]>
   </programlisting>
   <para>
    模板：
   </para>
   <programlisting>
<![CDATA[
{$articleTitle}
{$articleTitle|upper}
]]>
   </programlisting>
   <para>
    输出：
   </para>
   <screen>
<![CDATA[
If Strike isn't Settled Quickly it may Last a While.
IF STRIKE ISN'T SETTLED QUICKLY IT MAY LAST A WHILE.
]]>
   </screen>
  </example>
  <para>
   参见
   <link linkend="language.modifier.lower"><varname>lower</varname></link>
    和
   <link linkend="language.modifier.capitalize"><varname>capitalize</varname></link>.
  </para>
 </sect1>

<!-- Keep this comment at the end of the file
Local variables:
mode: sgml
sgml-omittag:t
sgml-shorttag:t
sgml-minimize-attributes:nil
sgml-always-quote-attributes:t
sgml-indent-step:1
sgml-indent-data:t
indent-tabs-mode:nil
sgml-parent-document:nil
sgml-default-dtd-file:"../../../../manual.ced"
sgml-exposed-tags:nil
sgml-local-catalogs:nil
sgml-local-ecat-files:nil
End:
vim600: syn=xml fen fdm=syntax fdl=2 si
vim: et tw=78 syn=sgml
vi: ts=1 sw=1
-->
