<?xml version="1.0" encoding="UTF-8"?>
<!-- $Revision: 3827 $ -->
 <sect1 id="language.modifier.regex.replace">
  <title>regex_replace</title>
    <para>
	用正则表达式搜索和替换变量值。
	使用PHP的<ulink url="&url.php-manual;preg_replace">
     <varname>preg_replace()</varname></ulink>函数进行。
  </para>

  <note><para>
  虽然Smarty提供了较方便的正则表达式修饰器，
  但通常更好的方式是通过自定义函数或自定义修饰器在PHP端进行正则匹配替换。
  正则表达式是程序应用代码，不是显示的逻辑代码。
  </para></note>

  <para>Parameters</para>

  <informaltable frame="all">
   <tgroup cols="5">
    <colspec colname="param" align="center" />
    <colspec colname="type" align="center" />
    <colspec colname="required" align="center" />
    <colspec colname="default" align="center" />
    <colspec colname="desc"/>
    <thead>
     <row>
      <entry>参数顺序</entry>
      <entry>类型</entry>
      <entry>必选参数</entry>
      <entry>默认值</entry>
      <entry>说明</entry>
     </row>
    </thead>
    <tbody>
     <row>
      <entry>1</entry>
      <entry>string</entry>
      <entry>Yes</entry>
      <entry><emphasis>n/a</emphasis></entry>
      <entry>正则表达式</entry>
     </row>
     <row>
      <entry>2</entry>
      <entry>string</entry>
      <entry>Yes</entry>
      <entry><emphasis>n/a</emphasis></entry>
      <entry>替换的字符</entry>
     </row>
    </tbody>
   </tgroup>
  </informaltable>

  <example>
   <title>regex_replace</title>
   <programlisting role="php">
<![CDATA[
<?php

$smarty->assign('articleTitle', "Infertility unlikely to\nbe passed on, experts say.");

?>
]]>
   </programlisting>
   <para>
    模板：
   </para>
   <programlisting>
<![CDATA[
{* replace each carriage return, tab and new line with a space *}

{$articleTitle}
{$articleTitle|regex_replace:"/[\r\t\n]/":" "}
]]>
   </programlisting>
   <para>
    输出：
   </para>
   <screen>
<![CDATA[
Infertility unlikely to
be passed on, experts say.
Infertility unlikely to be passed on, experts say.
]]>
   </screen>
  </example>
  
  <para>
   参见<link linkend="language.modifier.replace">
   <varname>replace</varname></link>
  和
   <link linkend="language.modifier.escape"><varname>escape</varname></link>.
  </para>
 </sect1>

<!-- Keep this comment at the end of the file
Local variables:
mode: sgml
sgml-omittag:t
sgml-shorttag:t
sgml-minimize-attributes:nil
sgml-always-quote-attributes:t
sgml-indent-step:1
sgml-indent-data:t
indent-tabs-mode:nil
sgml-parent-document:nil
sgml-default-dtd-file:"../../../../manual.ced"
sgml-exposed-tags:nil
sgml-local-catalogs:nil
sgml-local-ecat-files:nil
End:
vim600: syn=xml fen fdm=syntax fdl=2 si
vim: et tw=78 syn=sgml
vi: ts=1 sw=1
-->
