<?xml version="1.0" encoding="UTF-8"?>
<!-- $Revision: 3827 $ -->
 <sect1 id="language.modifier.strip.tags">
  <title>strip_tags</title>
    <para>
	去除标记等任何包含在<literal>&lt;</literal> 和 <literal>&gt;中间的字符。</literal>.
  </para>

  <informaltable frame="all">
   <tgroup cols="5">
    <colspec colname="param" align="center" />
    <colspec colname="type" align="center" />
    <colspec colname="required" align="center" />
    <colspec colname="default" align="center" />
    <colspec colname="desc"/>
    <thead>
     <row>
      <entry>参数顺序</entry>
      <entry>类型</entry>
      <entry>必选参数</entry>
      <entry>默认值</entry>
      <entry>说明</entry>
     </row>
    </thead>
    <tbody>
     <row>
      <entry>1</entry>
      <entry>bool</entry>
      <entry>No</entry>
      <entry>&true;</entry>
      <entry>
	  设置是否将标签替换成' ' 或者  ''</entry>
     </row>
    </tbody>
   </tgroup>
  </informaltable>

  <example>
   <title>strip_tags</title>
   <programlisting role="php">
<![CDATA[
<?php

$smarty->assign('articleTitle',
                "Blind Woman Gets <font face=\"helvetica\">New
Kidney</font> from Dad she Hasn't Seen in <b>years</b>."
               );

?>
]]>
   </programlisting>
   <para>
    模板：
   </para>
   <programlisting>
<![CDATA[
{$articleTitle}
{$articleTitle|strip_tags} {* same as {$articleTitle|strip_tags:true} *}
{$articleTitle|strip_tags:false}
]]>
   </programlisting>
   <para>
    输出：
   </para>
   <screen>
<![CDATA[
Blind Woman Gets <font face="helvetica">New Kidney</font> from Dad she Hasn't Seen in <b>years</b>.
Blind Woman Gets  New Kidney  from Dad she Hasn't Seen in  years .
Blind Woman Gets New Kidney from Dad she Hasn't Seen in years.
]]>
   </screen>
  </example>
  <para>
 参见
  <link linkend="language.modifier.replace"><varname>replace</varname></link>
  和
  <link linkend="language.modifier.regex.replace"><varname>regex_replace</varname></link>.
  </para>
</sect1>
<!-- Keep this comment at the end of the file
Local variables:
mode: sgml
sgml-omittag:t
sgml-shorttag:t
sgml-minimize-attributes:nil
sgml-always-quote-attributes:t
sgml-indent-step:1
sgml-indent-data:t
indent-tabs-mode:nil
sgml-parent-document:nil
sgml-default-dtd-file:"../../../../manual.ced"
sgml-exposed-tags:nil
sgml-local-catalogs:nil
sgml-local-ecat-files:nil
End:
vim600: syn=xml fen fdm=syntax fdl=2 si
vim: et tw=78 syn=sgml
vi: ts=1 sw=1
-->