<?xml version="1.0" encoding="UTF-8"?>
<!-- $Revision: 3827 $ -->
 <sect1 id="language.modifier.cat">
  <title>cat</title>
    <para>
	连接多个变量。
  </para>
  <informaltable frame="all">
   <tgroup cols="5">
    <colspec colname="param" align="center" />
    <colspec colname="type" align="center" />
    <colspec colname="required" align="center" />
    <colspec colname="cat" align="center" />
    <colspec colname="desc" />
    <thead>
     <row>
      <entry>参数顺序</entry>
      <entry>类型</entry>
      <entry>必选参数</entry>
      <entry>默认值</entry>
      <entry>说明</entry>
     </row>
    </thead>
    <tbody>
     <row>
      <entry>1</entry>
      <entry>string</entry>
      <entry>No</entry>
      <entry><emphasis>空</emphasis></entry>
      <entry>需要连接的变量</entry>
     </row>
    </tbody>
   </tgroup>
  </informaltable>

  <example>
   <title>cat</title>
   <programlisting role="php">
<![CDATA[
<?php

$smarty->assign('articleTitle', "Psychics predict world didn't end");

?>
]]>
   </programlisting>
   <para>
   模板是:
   </para>
   <programlisting>
<![CDATA[
{$articleTitle|cat:' yesterday.'}
]]>
   </programlisting>
   <para>
    输出：
   </para>
   <screen>
<![CDATA[
Psychics predict world didn't end yesterday.
]]>
   </screen>
  </example>
</sect1>
<!-- Keep this comment at the end of the file
Local variables:
mode: sgml
sgml-omittag:t
sgml-shorttag:t
sgml-minimize-attributes:nil
sgml-always-quote-attributes:t
sgml-indent-step:1
sgml-indent-data:t
indent-tabs-mode:nil
sgml-parent-document:nil
sgml-default-dtd-file:"../../../../manual.ced"
sgml-exposed-tags:nil
sgml-local-catalogs:nil
sgml-local-ecat-files:nil
End:
vim600: syn=xml fen fdm=syntax fdl=2 si
vim: et tw=78 syn=sgml
vi: ts=1 sw=1
-->
