<?xml version="1.0" encoding="UTF-8"?>
<!-- $Revision: 3827 $ -->
 <sect1 id="language.modifier.strip">
  <title>strip</title>
  <para>
  转换连续空格，回车和tab到单个空格或是指定字符串。
  </para>
  <note>
   <title>说明</title>
   <para>
   如果你希望转换模板文字内的空格，使用内置的
   <link
    linkend="language.function.strip"><varname>{strip}</varname></link> 函数。
   </para>
  </note>
  <example>
   <title>strip</title>
   <programlisting role="php">
<![CDATA[
<?php
$smarty->assign('articleTitle', "Grandmother of\neight makes\t    hole in one.");
$smarty->display('index.tpl');
?>
]]>
   </programlisting>
   <para>
    模板：
   </para>
   <programlisting>
<![CDATA[
{$articleTitle}
{$articleTitle|strip}
{$articleTitle|strip:'&nbsp;'}
]]>
   </programlisting>
   <para>
   输出：
   </para>
   <screen>
<![CDATA[
Grandmother of
eight makes        hole in one.
Grandmother of eight makes hole in one.
Grandmother&nbsp;of&nbsp;eight&nbsp;makes&nbsp;hole&nbsp;in&nbsp;one.
]]>
   </screen>
  </example>

    <para>
     参见
     <link linkend="language.function.strip"><varname>{strip}</varname></link>
     和
     <link linkend="language.modifier.truncate"><varname>truncate</varname></link>.
  </para>
</sect1>
<!-- Keep this comment at the end of the file
Local variables:
mode: sgml
sgml-omittag:t
sgml-shorttag:t
sgml-minimize-attributes:nil
sgml-always-quote-attributes:t
sgml-indent-step:1
sgml-indent-data:t
indent-tabs-mode:nil
sgml-parent-document:nil
sgml-default-dtd-file:"../../../../manual.ced"
sgml-exposed-tags:nil
sgml-local-catalogs:nil
sgml-local-ecat-files:nil
End:
vim600: syn=xml fen fdm=syntax fdl=2 si
vim: et tw=78 syn=sgml
vi: ts=1 sw=1
-->