<?xml version="1.0" encoding="UTF-8"?>
<!-- $Revision: 3827 $ -->
 <sect1 id="language.modifier.to_charset">
  <title>to_charset</title>
  <para>
   <varname>to_charset</varname>可将变量值由当前内置字符集转换到指定字符集。 
   它是<link linkend="language.modifier.from_charset">from_charset 修饰器</link>的相反操作。
  </para>

  <informaltable frame="all">
   <tgroup cols="6">
    <colspec colname="param" align="center" />
    <colspec colname="type" align="center" />
    <colspec colname="required" align="center" />
    <colspec colname="possible" align="center" />
    <colspec colname="default" align="center" />
    <colspec colname="desc" />
    <thead>
     <row>
      <entry>参数顺序</entry>
      <entry>类型</entry>
      <entry>必选参数</entry>
	  <entry>允许取值</entry>
      <entry>默认值</entry>
      <entry>说明</entry>
     </row>
    </thead>
    <tbody>
     <row>
      <entry>1</entry>
      <entry>string</entry>
      <entry>No</entry>
      <entry><literal>ISO-8859-1</literal>, <literal>UTF-8</literal>或者任何
      <ulink url="&url.php-manual;mb_convert_encoding">
      <varname>mb_convert_encoding()</varname></ulink>函数允许的字符集名。
      </entry>
      <entry><literal>ISO-8859-1</literal></entry>
      <entry>
	  转换到的字符集类型。
	</entry>
     </row>
    </tbody>
   </tgroup>
  </informaltable>

  <note>
   <para>
   字符集转换应该由应用程序本身进行。
   该修饰器只在应用程序不确定变量是否需要转字符集的时候使用。
   </para>
  </note>

  <para>
   参见
   <link linkend="charset">字符集</link>,
   <link linkend="language.modifier.from_charset">from_charset 修饰器</link>.
  </para>
 </sect1>

<!-- Keep this comment at the end of the file
Local variables:
mode: sgml
sgml-omittag:t
sgml-shorttag:t
sgml-minimize-attributes:nil
sgml-always-quote-attributes:t
sgml-indent-step:1
sgml-indent-data:t
indent-tabs-mode:nil
sgml-parent-document:nil
sgml-default-dtd-file:"../../../../manual.ced"
sgml-exposed-tags:nil
sgml-local-catalogs:nil
sgml-local-ecat-files:nil
End:
vim600: syn=xml fen fdm=syntax fdl=2 si
vim: et tw=78 syn=sgml
vi: ts=1 sw=1
-->
