<?xml version="1.0" encoding="UTF-8"?>
<!-- $Revision: 3827 $ -->
 <sect1 id="language.modifier.unescape">
  <title>unescape</title>
    <para>
     <varname>unescape</varname>可以解码<literal>entity</literal>,
     <literal>html</literal> 和 <literal>htmlall</literal>等的编码。
	 它与<link linkend="language.modifier.escape">escape 修饰器</link>的效果刚好相反。
    </para>

  <informaltable frame="all">
   <tgroup cols="6">
    <colspec colname="param" align="center" />
    <colspec colname="type" align="center" />
    <colspec colname="required" align="center" />
    <colspec colname="possible" align="center" />
    <colspec colname="default" align="center" />
    <colspec colname="desc" />
    <thead>
     <row>
      <entry>参数顺序</entry>
      <entry>类型</entry>
      <entry>必选参数</entry>
      <entry>允许取值</entry>
      <entry>默认值</entry>
      <entry>说明</entry>
     </row>
    </thead>
    <tbody>
     <row>
      <entry>1</entry>
      <entry>string</entry>
      <entry>No</entry>
      <entry><literal>html</literal>, <literal>htmlall</literal>,
              <literal>entity</literal>,
       </entry>
      <entry><literal>html</literal></entry>
      <entry>解码的类型</entry>
     </row>
     <row>
      <entry>2</entry>
      <entry>string</entry>
      <entry>No</entry>
      <entry><literal>ISO-8859-1</literal>, <literal>UTF-8</literal>,
      或者任何
      <ulink url="&url.php-manual;htmlentities">
      <varname>htmlentities()</varname></ulink>可以支持的字符集。
      </entry>
      <entry><literal>UTF-8</literal></entry>
      <entry>传递给html_entity_decode() 、 htmlspecialchars_decode() 或 mb_convert_encoding()的字符集</entry>
     </row>
    </tbody>
   </tgroup>
  </informaltable>

  <example>
   <title>escape</title>
   <programlisting role="php">
<![CDATA[
<?php

$smarty->assign('articleTitle',
                "Germans use &quot;&Uuml;mlauts&quot; and pay in &euro;uro"
                );

?>
]]>
   </programlisting>
   <para>
   <literal>unescape</literal>例子
   </para>
   <programlisting>
<![CDATA[
{$articleTitle}
Germans use &quot;&Uuml;mlauts&quot; and pay in &euro;uro

{$articleTitle|unescape:"html"}
Germans use "&Uuml;mlauts" and pay in &euro;uro

{$articleTitle|unescape:"htmlall"}
Germans use "Ümlauts" and pay in €uro
]]>
   </programlisting>
   </example>

  <para>
   参见
   <link linkend="language.escaping">Smarty编译转换</link>,
   <link linkend="language.modifier.escape">escape 修饰器</link>.
  </para>
 </sect1>

<!-- Keep this comment at the end of the file
Local variables:
mode: sgml
sgml-omittag:t
sgml-shorttag:t
sgml-minimize-attributes:nil
sgml-always-quote-attributes:t
sgml-indent-step:1
sgml-indent-data:t
indent-tabs-mode:nil
sgml-parent-document:nil
sgml-default-dtd-file:"../../../../manual.ced"
sgml-exposed-tags:nil
sgml-local-catalogs:nil
sgml-local-ecat-files:nil
End:
vim600: syn=xml fen fdm=syntax fdl=2 si
vim: et tw=78 syn=sgml
vi: ts=1 sw=1
-->
