<?xml version="1.0" encoding="UTF-8"?>
<!-- $Revision: 3827 $ -->
 <sect1 id="language.modifier.indent">
  <title>indent</title>
    <para>
	缩进每一行的字符串，默认是缩进4个空格。
	可选的参数可以设置缩进的空格数量。
	可选的第二个参数设置缩进使用的字符，如用 <literal>"\t"</literal>
	来代替空格缩进。
  </para>

  <informaltable frame="all">
   <tgroup cols="5">
    <colspec colname="param" align="center" />
    <colspec colname="type" align="center" />
    <colspec colname="required" align="center" />
    <colspec colname="default" align="center" />
    <colspec colname="desc" />
    <thead>
     <row>
      <entry>参数顺序</entry>
      <entry>类型</entry>
      <entry>必选参数</entry>
      <entry>默认值</entry>
      <entry>说明</entry>
     </row>
    </thead>
    <tbody>
     <row>
      <entry>1</entry>
      <entry>integer</entry>
      <entry>No</entry>
      <entry>4</entry>
      <entry>
	  设置缩进多少空格
	  </entry>
      </row>
      <row>
       <entry>2</entry>
       <entry>string</entry>
       <entry>No</entry>
       <entry>一个空格</entry>
       <entry>设置用什么字符来进行缩进</entry>
      </row>
     </tbody>
    </tgroup>
  </informaltable>

  <example>
   <title>indent</title>
   <programlisting role="php">
<![CDATA[
<?php

$smarty->assign('articleTitle',
                'NJ judge to rule on nude beach.
Sun or rain expected today, dark tonight.
Statistics show that teen pregnancy drops off significantly after 25.'
                );
?>
]]>
   </programlisting>
   <para>
   模板：
   </para>
   <programlisting>
<![CDATA[
{$articleTitle}

{$articleTitle|indent}

{$articleTitle|indent:10}

{$articleTitle|indent:1:"\t"}
]]>
   </programlisting>
   <para>
   输出：
   </para>
   <screen>
<![CDATA[
NJ judge to rule on nude beach.
Sun or rain expected today, dark tonight.
Statistics show that teen pregnancy drops off significantly after 25.

    NJ judge to rule on nude beach.
    Sun or rain expected today, dark tonight.
    Statistics show that teen pregnancy drops off significantly after 25.

          NJ judge to rule on nude beach.
          Sun or rain expected today, dark tonight.
          Statistics show that teen pregnancy drops off significantly after 25.

        NJ judge to rule on nude beach.
        Sun or rain expected today, dark tonight.
        Statistics show that teen pregnancy drops off significantly after 25.
]]>
   </screen>
  </example>
  <para>
   参见
   <link linkend="language.modifier.strip"><varname>strip</varname></link>,
   <link linkend="language.modifier.wordwrap"><varname>wordwrap</varname></link>
   和
   <link linkend="language.modifier.spacify"><varname>spacify</varname></link>.
  </para>
 </sect1>

<!-- Keep this comment at the end of the file
Local variables:
mode: sgml
sgml-omittag:t
sgml-shorttag:t
sgml-minimize-attributes:nil
sgml-always-quote-attributes:t
sgml-indent-step:1
sgml-indent-data:t
indent-tabs-mode:nil
sgml-parent-document:nil
sgml-default-dtd-file:"../../../../manual.ced"
sgml-exposed-tags:nil
sgml-local-catalogs:nil
sgml-local-ecat-files:nil
End:
vim600: syn=xml fen fdm=syntax fdl=2 si
vim: et tw=78 syn=sgml
vi: ts=1 sw=1
-->
