<?xml version="1.0" encoding="UTF-8"?>
<!-- $Revision: 3827 $ -->
<refentry id="api.register.class">
 <refnamediv>
  <refname>registerClass()</refname>
  <refpurpose>注册类</refpurpose>
 </refnamediv>
 <refsect1>
  <title>说明</title>
  <methodsynopsis>
   <type>void</type><methodname>registerClass</methodname>
   <methodparam><type>string</type><parameter>class_name</parameter></methodparam>
   <methodparam><type>string</type><parameter>class_impl</parameter></methodparam>
  </methodsynopsis>

  <para>
   在<link linkend="advanced.features.security">安全</link>设置许可下，Smarty允许你使用<varname>registerClass()</varname>来注册静态类到模板中使用。
  </para>
  
  <example>
   <title>注册类</title>
   <programlisting>
<![CDATA[
<?php

class Bar {
  $property = "hello world";
}

$smarty = new Smarty();
$smarty->registerClass("Foo", "Bar");
?>
]]>
   </programlisting>
   <programlisting>
<![CDATA[
{* 安全设置许可下，模板中可以使用该类 *}
{Bar::$property}
{* Foo 将转换成真实的类 Bar *}
{Foo::$property}
]]>
   </programlisting>
  </example>
   
  <example>
   <title>注册带命名空间的类</title>
   <programlisting>
<![CDATA[
<?php
namespace my\php\application {
  class Bar {
    $property = "hello world";
  }
}

$smarty = new Smarty();
$smarty->registerClass("Foo", "\my\php\application\Bar");
?>
]]>
   </programlisting>
   <programlisting>
<![CDATA[
{* Foo将转换成真实的类 \my\php\application\Bar *}
{Foo::$property}
]]>
   </programlisting>
  </example>
  <para>
   参见
   <link linkend="api.register.object"><varname>registerObject()</varname></link>,
   和
   <link linkend="advanced.features.security">安全</link>.
  </para>
 </refsect1>
</refentry>

<!-- Keep this comment at the end of the file
Local variables:
mode: sgml
sgml-omittag:t
sgml-shorttag:t
sgml-minimize-attributes:nil
sgml-always-quote-attributes:t
sgml-indent-step:1
sgml-indent-data:t
indent-tabs-mode:nil
sgml-parent-document:nil
sgml-default-dtd-file:"../../../../manual.ced"
sgml-exposed-tags:nil
sgml-local-catalogs:nil
sgml-local-ecat-files:nil
End:
vim600: syn=xml fen fdm=syntax fdl=2 si
vim: et tw=78 syn=sgml
vi: ts=1 sw=1
-->

