<?xml version="1.0" encoding="UTF-8"?>
<!-- $Revision: 3832 $ -->
<refentry id="api.register.cacheresource">
 <refnamediv>
  <refname>registerCacheResource()</refname>
  <refpurpose>注册缓存资源</refpurpose>
 </refnamediv>
 <refsect1>
  <title>说明</title>
  <methodsynopsis>
   <type>void</type><methodname>registerCacheResource</methodname>
   <methodparam><type>string</type><parameter>name</parameter></methodparam>
   <methodparam><type>Smarty_CacheResource</type><parameter>resource_handler</parameter></methodparam>
  </methodsynopsis>
  <para>
  该函数可以在Smarty中注册一个<link linkend="caching.custom">自定义缓存资源</link>。
  参数<parameter>name</parameter>是继承于Smarty_CacheResource的缓存资源名称。
   详情参见<link linkend="caching.custom">自定义缓存</link>。
  </para>
  <note>
   <para>
   在Smarty2中使用了callback回调函数来调用$cache_handler_func。
   Smarty3用<literal>Smarty_CacheResource</literal>模块来替代该回调方法。
   </para>
  </note>

  <example>
   <title>registerCacheResource()</title>
   <programlisting role="php">
<![CDATA[
<?php
$smarty->registerCacheResource('mysql', new Smarty_CacheResource_Mysql());
?>
]]>
   </programlisting>
  </example>

<para>
  参见
  <link linkend="api.unregister.cacheresource"><varname>unregisterCacheResource()</varname></link>
  和
  <link linkend="caching.custom">自定义缓存</link>。
</para>

 </refsect1>
</refentry>
<!-- Keep this comment at the end of the file
Local variables:
mode: sgml
sgml-omittag:t
sgml-shorttag:t
sgml-minimize-attributes:nil
sgml-always-quote-attributes:t
sgml-indent-step:1
sgml-indent-data:t
indent-tabs-mode:nil
sgml-parent-document:nil
sgml-default-dtd-file:"../../../../manual.ced"
sgml-exposed-tags:nil
sgml-local-catalogs:nil
sgml-local-ecat-files:nil
End:
vim600: syn=xml fen fdm=syntax fdl=2 si
vim: et tw=78 syn=sgml
vi: ts=1 sw=1
-->
