<?xml version="1.0" encoding="UTF-8"?>
<!-- $Revision: 3827 $ -->
<refentry id="api.set.template.dir">
 <refnamediv>
  <refname>setTemplateDir()</refname>
  <refpurpose>设置模板目录</refpurpose>
 </refnamediv>
 <refsect1>
  <title>说明</title>
  <methodsynopsis>
   <type>Smarty</type><methodname>setTemplateDir</methodname>
   <methodparam><type>string|array</type><parameter>template_dir</parameter></methodparam>
  </methodsynopsis>
  <example>
   <title>setTemplateDir()</title>
   <programlisting role="php">
<![CDATA[
<?php

// 设置单个模板目录
$smarty->setTemplateDir('./cache');

// 查看全部模板目录
var_dump($smarty->getTemplateDir());

// 批量设置模板目录
$smarty->setTemplateDir(array(
    'one' => './templates',
    'two' => './templates_2',
    'three' => './templates_3',
));

// 查看全部模板目录
var_dump($smarty->getTemplateDir());

// 方法连用
$smarty->setTemplateDir('./templates')
       ->setCompileDir('./templates_c')
       ->setCacheDir('./cache');

?>
]]>
   </programlisting>
  </example>
  <para>
   参见
   <link linkend="api.get.template.dir"><varname>getTemplateDir()</varname></link>,
   <link linkend="api.add.template.dir"><varname>addTemplateDir()</varname></link> 和
   <link linkend="variable.template.dir"><parameter>$template_dir</parameter></link>.
  </para>
 </refsect1>
</refentry>
<!-- Keep this comment at the end of the file
Local variables:
mode: sgml
sgml-omittag:t
sgml-shorttag:t
sgml-minimize-attributes:nil
sgml-always-quote-attributes:t
sgml-indent-step:1
sgml-indent-data:t
indent-tabs-mode:nil
sgml-parent-document:nil
sgml-default-dtd-file:"../../../../manual.ced"
sgml-exposed-tags:nil
sgml-local-catalogs:nil
sgml-local-ecat-files:nil
End:
vim600: syn=xml fen fdm=syntax fdl=2 si
vim: et tw=78 syn=sgml
vi: ts=1 sw=1
-->
