<?xml version="1.0" encoding="UTF-8"?>
<!-- $Revision: 4278 $ -->
<refentry id="api.register.resource">
 <refnamediv>
  <refname>registerResource()</refname>
  <refpurpose>注册资源</refpurpose>
 </refnamediv>
 <refsect1>
  <title>说明</title>
  <methodsynopsis>
   <type>void</type><methodname>registerResource</methodname>
   <methodparam><type>string</type><parameter>name</parameter></methodparam>
   <methodparam><type>Smarty_resource</type><parameter>resource_handler</parameter></methodparam>
  </methodsynopsis>
  <para>
  在Smarty中注册一个<link linkend="resources">资源</link>。
   参数分别是资源的<parameter>name</parameter>和继承于 Smarty_Resource 的对象。
   详情参见<link linkend="resources">资源</link>。
     <note>
   <title>技术说明</title>
   <para>
   资源名称必须至少有两个字母以上的长度。
   单个字母作为资源名称会被当作文件路径的一部分，如<literal>$smarty->display('c:/path/to/index.tpl');</literal>
   </para>
  </note>
   </para>

  <note>
   <para>
	Smarty 3.1之前，<varname>registerResource()</varname>可设置callback类型的资源。
	这是为了向前兼容，但强烈建议不要使用callback函数，这在Smarty 3.1已经废弃。
   </para>
  </note>

  <example>
   <title>registerResource()</title>
   <programlisting role="php">
<![CDATA[
<?php
$smarty->registerResource('mysql', new Smarty_Resource_Mysql());
?>
]]>
   </programlisting>
  </example>

<para>
  参见
  <link linkend="api.unregister.resource"><varname>unregisterResource()</varname></link>
  和
  <link linkend="resources">资源</link>。
</para>

 </refsect1>
</refentry>
<!-- Keep this comment at the end of the file
Local variables:
mode: sgml
sgml-omittag:t
sgml-shorttag:t
sgml-minimize-attributes:nil
sgml-always-quote-attributes:t
sgml-indent-step:1
sgml-indent-data:t
indent-tabs-mode:nil
sgml-parent-document:nil
sgml-default-dtd-file:"../../../../manual.ced"
sgml-exposed-tags:nil
sgml-local-catalogs:nil
sgml-local-ecat-files:nil
End:
vim600: syn=xml fen fdm=syntax fdl=2 si
vim: et tw=78 syn=sgml
vi: ts=1 sw=1
-->
