<?xml version="1.0" encoding="UTF-8"?>
<!-- $Revision: 3827 $ -->
<refentry id="api.assign.by.ref">
 <refnamediv>
  <refname>assignByRef()</refname>
  <refpurpose>引用赋值</refpurpose>
 </refnamediv>
 <refsect1>
  <title>说明</title>
  <methodsynopsis>
   <type>void</type><methodname>assignByRef</methodname>
   <methodparam><type>string</type><parameter>varname</parameter></methodparam>
   <methodparam><type>mixed</type><parameter>var</parameter></methodparam>
  </methodsynopsis>
  <para>
   和
   <link linkend="api.append"><varname>assign()</varname></link> 一样，赋值到模板，但以引用的方式来传递值。
  </para>
  <note>
   <title>技术说明</title>
   <para>
	在PHP5中，<varname>assignByRef()</varname>在大部分时候都是没有必要的。只当你希望在模板中可以修改某个PHP数组的值，才有可能会使用到<varname>assignByRef()</varname>，当然更好的方法是通过传递对象、改变对象的成员变量来达到目的。
   </para>
  </note>
  <example>
   <title>assignByRef()</title>
   <programlisting role="php">
<![CDATA[
<?php
// 传递键值对
$smarty->assignByRef('Name', $myname);
$smarty->assignByRef('Address', $address);
?>
]]>
   </programlisting>
  </example>
   <para>
   参见
   <link linkend="api.assign"><varname>assign()</varname></link>,
   <link linkend="api.clear.all.assign"><varname>clearAllAssign()</varname></link>,
   <link linkend="api.append"><varname>append()</varname></link>,
   <link linkend="language.function.assign"><varname>{assign}</varname></link>
   和
    <link linkend="api.get.template.vars"><varname>getTemplateVars()</varname></link>.
   </para>

 </refsect1>
</refentry>
<!-- Keep this comment at the end of the file
Local variables:
mode: sgml
sgml-omittag:t
sgml-shorttag:t
sgml-minimize-attributes:nil
sgml-always-quote-attributes:t
sgml-indent-step:1
sgml-indent-data:t
indent-tabs-mode:nil
sgml-parent-document:nil
sgml-default-dtd-file:"../../../../manual.ced"
sgml-exposed-tags:nil
sgml-local-catalogs:nil
sgml-local-ecat-files:nil
End:
vim600: syn=xml fen fdm=syntax fdl=2 si
vim: et tw=78 syn=sgml
vi: ts=1 sw=1
-->

