<?xml version="1.0" encoding="UTF-8"?>
<!-- $Revision: 4309 $ -->
<refentry id="api.display">
 <refnamediv>
  <refname>display()</refname>
  <refpurpose>显示</refpurpose>
 </refnamediv>
 <refsect1>
  <title>说明</title>
  <methodsynopsis>
   <type>void</type><methodname>display</methodname>
   <methodparam><type>string</type><parameter>template</parameter></methodparam>
   <methodparam choice="opt"><type>string</type><parameter>cache_id</parameter></methodparam>
   <methodparam choice="opt"><type>string</type><parameter>compile_id</parameter>
   </methodparam>
  </methodsynopsis>
  <para>
  显示模板。如果希望返回而并非显示当前模板的内容，请使用<link linkend="api.fetch"><varname>fetch()</varname></link>。
  该函数需要指定一个合法的<link
   linkend="resources">模板资源</link>的类型和路径。
   第二个可选的参数<parameter>$cache_id</parameter>设置缓存，详情参见
   <link linkend="caching">缓存</link>。
  </para>
  &parameter.compileid;
  <example>
   <title>display()</title>
   <programlisting role="php">
<![CDATA[
<?php
include(SMARTY_DIR.'Smarty.class.php');
$smarty = new Smarty();
$smarty->setCaching(true);

// 仅在缓存不存在的时候调用
if(!$smarty->isCached('index.tpl')) {

  // 数据
  $address = '245 N 50th';
  $db_data = array(
               'City' => 'Lincoln',
               'State' => 'Nebraska',
               'Zip' => '68502'
             );

  $smarty->assign('Name', 'Fred');
  $smarty->assign('Address', $address);
  $smarty->assign('data', $db_data);

}

// 显示
$smarty->display('index.tpl');
?>
]]>
   </programlisting>
  </example>

  <example>
   <title>其他 display() 的示例</title>
     <para>
   用<link
   linkend="resources">模板资源</link>的方式来显示不在<link linkend="variable.template.dir">
   <parameter>$template_dir</parameter></link>目录下的模板。
  </para>
   <programlisting role="php">
<![CDATA[
<?php
// 绝对路径
$smarty->display('/usr/local/include/templates/header.tpl');

// 绝对路径（使用file://）
$smarty->display('file:/usr/local/include/templates/header.tpl');

// windows环境的绝对路径（务必是file:开头）
$smarty->display('file:C:/www/pub/templates/header.tpl');

// 来自模板资源库db
$smarty->display('db:header.tpl');
?>
]]>
   </programlisting>
  </example>
  <para>
   参见 <link linkend="api.fetch"><varname>fetch()</varname></link> 和
   <link linkend="api.template.exists"><varname>templateExists()</varname></link>.
  </para>
 </refsect1>
</refentry>

<!-- Keep this comment at the end of the file
Local variables:
mode: sgml
sgml-omittag:t
sgml-shorttag:t
sgml-minimize-attributes:nil
sgml-always-quote-attributes:t
sgml-indent-step:1
sgml-indent-data:t
indent-tabs-mode:nil
sgml-parent-document:nil
sgml-default-dtd-file:"../../../../manual.ced"
sgml-exposed-tags:nil
sgml-local-catalogs:nil
sgml-local-ecat-files:nil
End:
vim600: syn=xml fen fdm=syntax fdl=2 si
vim: et tw=78 syn=sgml
vi: ts=1 sw=1
-->

