<?xml version="1.0" encoding="UTF-8"?>
<!-- $Revision: 3827 $ -->
<refentry id="api.get.config.vars">
 <refnamediv>
  <refname>getConfigVars()</refname>
  <refpurpose>取得预配置变量</refpurpose>
 </refnamediv>
 <refsect1>
  <title>说明</title>
  <methodsynopsis>
   <type>array</type><methodname>getConfigVars</methodname>
   <methodparam choice="opt"><type>string</type><parameter>varname</parameter></methodparam>
  </methodsynopsis>
  <para>
  当不设置参数的时候，该函数将返回全部的<link linkend="language.config.variables">预配置变量</link>。
  </para>
  <example>
   <title>getConfigVars()</title>
   <programlisting role="php">
<![CDATA[
<?php

// 取得预配置变量 #foo#
$myVar = $smarty->getConfigVars('foo');

// 取得全部预配置变量
$all_config_vars = $smarty->getConfigVars();

// 看看
print_r($all_config_vars);
?>
]]>
   </programlisting>
  </example>
  <para>
   参见
  <link linkend="api.clear.config"><varname>clearConfig()</varname></link>,
   <link linkend="language.function.config.load"><varname>{config_load}</varname></link>,
  <link linkend="api.config.load"><varname>configLoad()</varname></link>
   和
  <link linkend="api.get.template.vars"><varname>getTemplateVars()</varname></link>.
  </para>
 </refsect1>
</refentry>
<!-- Keep this comment at the end of the file
Local variables:
mode: sgml
sgml-omittag:t
sgml-shorttag:t
sgml-minimize-attributes:nil
sgml-always-quote-attributes:t
sgml-indent-step:1
sgml-indent-data:t
indent-tabs-mode:nil
sgml-parent-document:nil
sgml-default-dtd-file:"../../../../manual.ced"
sgml-exposed-tags:nil
sgml-local-catalogs:nil
sgml-local-ecat-files:nil
End:
vim600: syn=xml fen fdm=syntax fdl=2 si
vim: et tw=78 syn=sgml
vi: ts=1 sw=1
-->
