<?xml version="1.0" encoding="UTF-8"?>
<!-- $Revision: 3827 $ -->
<refentry id="api.get.cache.dir">
 <refnamediv>
  <refname>getCacheDir()</refname>
  <refpurpose>取得缓存目录</refpurpose>
 </refnamediv>
 <refsect1>
  <title>说明</title>
  <methodsynopsis>
   <type>string</type><methodname>getCacheDir</methodname>
   <void />
  </methodsynopsis>
  <example>
   <title>getCacheDir()</title>
   <programlisting role="php">
<![CDATA[
<?php

// 取得缓存目录
$cacheDir = $smarty->getCacheDir();

?>
]]>
   </programlisting>
  </example>
  <para>
  参见
   <link linkend="api.set.cache.dir"><varname>setCacheDir()</varname></link>和
   <link linkend="variable.cache.dir"><parameter>$cache_dir</parameter></link>.
  </para>
 </refsect1>
</refentry>
<!-- Keep this comment at the end of the file
Local variables:
mode: sgml
sgml-omittag:t
sgml-shorttag:t
sgml-minimize-attributes:nil
sgml-always-quote-attributes:t
sgml-indent-step:1
sgml-indent-data:t
indent-tabs-mode:nil
sgml-parent-document:nil
sgml-default-dtd-file:"../../../../manual.ced"
sgml-exposed-tags:nil
sgml-local-catalogs:nil
sgml-local-ecat-files:nil
End:
vim600: syn=xml fen fdm=syntax fdl=2 si
vim: et tw=78 syn=sgml
vi: ts=1 sw=1
-->
