<?xml version="1.0" encoding="UTF-8"?>
<!-- $Revision: 3827 $ -->
<refentry id="api.clear.cache">
 <refnamediv>
  <refname>clearCache()</refname>
  <refpurpose>清除缓存</refpurpose>
 </refnamediv>
 <refsect1>
  <title>说明</title>
  <methodsynopsis>
   <type>void</type><methodname>clearCache</methodname>
   <methodparam><type>string</type><parameter>template</parameter></methodparam>
   <methodparam choice="opt"><type>string</type><parameter>cache_id</parameter></methodparam>
   <methodparam choice="opt"><type>string</type><parameter>compile_id</parameter>
   </methodparam>
   <methodparam choice="opt"><type>int</type><parameter>expire_time</parameter></methodparam>
  </methodsynopsis>

  <itemizedlist>
  <listitem><para>
   模板中如果有使用<link linkend="caching.multiple.caches">多个缓存</link>，则可以通过<parameter>cache_id</parameter>指定清除相关缓存。
   </para></listitem>
   <listitem><para>
   你可以指定第三个参数
   <link linkend="variable.compile.id"><parameter>$compile_id</parameter></link>，
   在<link linkend="caching.groups">模板组</link>中清除一组模板，详见
   <link linkend="caching">缓存</link> 了解更多。
   </para></listitem>
   <listitem><para>
   第四个参数提供了一个最小时间，在这时间到来之前，缓存将会被清除。
  </para></listitem>
  </itemizedlist>

  <example>
   <title>clearCache()</title>
   <programlisting role="php">
<![CDATA[
<?php
// 清除特定模板的缓存
$smarty->clearCache('index.tpl');

// 清除多个缓存的模板中某个特定缓存id的缓存
$smarty->clearCache('index.tpl', 'MY_CACHE_ID');
?>
]]>
   </programlisting>
  </example>
  <para>
  参见
  <link linkend="api.clear.all.cache"><varname>clearAllCache()</varname></link>
  和
  <link linkend="caching"><varname>缓存</varname></link>。
  </para>
 </refsect1>
</refentry>
<!-- Keep this comment at the end of the file
Local variables:
mode: sgml
sgml-omittag:t
sgml-shorttag:t
sgml-minimize-attributes:nil
sgml-always-quote-attributes:t
sgml-indent-step:1
sgml-indent-data:t
indent-tabs-mode:nil
sgml-parent-document:nil
sgml-default-dtd-file:"../../../../manual.ced"
sgml-exposed-tags:nil
sgml-local-catalogs:nil
sgml-local-ecat-files:nil
End:
vim600: syn=xml fen fdm=syntax fdl=2 si
vim: et tw=78 syn=sgml
vi: ts=1 sw=1
-->

