<?xml version="1.0" encoding="UTF-8"?>
<!-- $Revision: 4309 $ -->
<refentry id="api.fetch">
 <refnamediv>
  <refname>fetch()</refname>
  <refpurpose>取得输出内容</refpurpose>
 </refnamediv>
 <refsect1>
  <title>说明</title>
  <methodsynopsis>
   <type>string</type><methodname>fetch</methodname>
   <methodparam><type>string</type><parameter>template</parameter></methodparam>
   <methodparam choice="opt"><type>string</type><parameter>cache_id</parameter></methodparam>
   <methodparam choice="opt"><type>string</type><parameter>compile_id</parameter>
   </methodparam>
  </methodsynopsis>
  <para>
  该函数将取得一个模板输出的内容，而不是<link linkend="api.display">显示</link>出来。
  该函数需要指定一个合法的<link
   linkend="resources">模板资源</link>的类型和路径。
   第二个可选的参数<parameter>$cache_id</parameter>设置缓存，详情参见
   <link linkend="caching">缓存</link>。
  </para>
  &parameter.compileid;
  <para>
   <example>
    <title>fetch()</title>
    <programlisting role="php">
<![CDATA[
<?php
include('Smarty.class.php');
$smarty = new Smarty;

$smarty->setCaching(true);

// 按照URL来MD5生成一个特定的缓存ID
$cache_id = md5($_SERVER['REQUEST_URI']);

// 捕获输出
$output = $smarty->fetch('index.tpl', $cache_id);

// 处理输出的内容
echo $output;
?>
]]>
    </programlisting>
   </example>
  </para>

  <para>
   <example>
    <title>用fetch()来发邮件</title>
    <para>
     <filename>email_body.tpl</filename>模板的内容：
    </para>
    <programlisting>
<![CDATA[
Dear {$contact_info.name},

Welcome and thank you for signing up as a member of our user group.

Click on the link below to login with your user name
of '{$contact_info.username}' so you can post in our forums.

{$login_url}

List master

{textformat wrap=40}
This is some long-winded disclaimer text that would automatically get wrapped
at 40 characters. This helps make the text easier to read in mail programs that
do not wrap sentences for you.
{/textformat}
]]>
    </programlisting>
    <para>
	该PHP脚本使用了PHP的<ulink url="&url.php-manual;function.mail">
     <varname>mail()</varname></ulink>函数。
    </para>
    <programlisting role="php">
<![CDATA[
<?php

// 从数据库或其他来源获取到$contact_info

$smarty->assign('contact_info',$contact_info);
$smarty->assign('login_url',"http://{$_SERVER['SERVER_NAME']}/login");

mail($contact_info['email'], 'Thank You', $smarty->fetch('email_body.tpl'));

?>
]]>
    </programlisting>
   </example>
  </para>

  <para>
   参见
   <link linkend="language.function.fetch"><varname>{fetch}</varname></link>
   <link linkend="api.display"><varname>display()</varname></link>,
   <link linkend="language.function.eval"><varname>{eval}</varname></link>,
   和
   <link linkend="api.template.exists"><varname>templateExists()</varname></link>.
  </para>
 </refsect1>
</refentry>

<!-- Keep this comment at the end of the file
Local variables:
mode: sgml
sgml-omittag:t
sgml-shorttag:t
sgml-minimize-attributes:nil
sgml-always-quote-attributes:t
sgml-indent-step:1
sgml-indent-data:t
indent-tabs-mode:nil
sgml-parent-document:nil
sgml-default-dtd-file:"../../../../manual.ced"
sgml-exposed-tags:nil
sgml-local-catalogs:nil
sgml-local-ecat-files:nil
End:
vim600: syn=xml fen fdm=syntax fdl=2 si
vim: et tw=78 syn=sgml
vi: ts=1 sw=1
-->
