<?xml version="1.0" encoding="UTF-8"?>
<!-- $Revision: 3827 $ -->
<refentry id="api.get.template.vars">
 <refnamediv>
  <refname>getTemplateVars()</refname>
  <refpurpose>取得变量值</refpurpose>
 </refnamediv>
 <refsect1>
  <title>说明</title>
  <methodsynopsis>
   <type>array</type><methodname>getTemplateVars</methodname>
   <methodparam choice="opt"><type>string</type><parameter>varname</parameter></methodparam>
  </methodsynopsis>
  <para>
  如果不设置参数，则全部<link linkend="api.assign">赋值</link>的变量值都将返回。
  </para>
  <example>
   <title>getTemplateVars</title>
   <programlisting role="php">
<![CDATA[
<?php
// 取得'foo'值
$myVar = $smarty->getTemplateVars('foo');

// 取得全部的变量值
$all_tpl_vars = $smarty->getTemplateVars();

// 看看
print_r($all_tpl_vars);
?>
]]>
   </programlisting>
  </example>
  <para>
  参见 <link linkend="api.assign"><varname>assign()</varname></link>,
  <link linkend="language.function.assign"><varname>{assign}</varname></link>,
  <link linkend="api.append"><varname>append()</varname></link>,
  <link linkend="api.clear.assign"><varname>clearAssign()</varname></link>,
  <link linkend="api.clear.all.assign"><varname>clearAllAssign()</varname></link>
  和
  <link linkend="api.get.config.vars"><varname>getConfigVars()</varname></link>
  </para>

 </refsect1>
</refentry>
<!-- Keep this comment at the end of the file
Local variables:
mode: sgml
sgml-omittag:t
sgml-shorttag:t
sgml-minimize-attributes:nil
sgml-always-quote-attributes:t
sgml-indent-step:1
sgml-indent-data:t
indent-tabs-mode:nil
sgml-parent-document:nil
sgml-default-dtd-file:"../../../../manual.ced"
sgml-exposed-tags:nil
sgml-local-catalogs:nil
sgml-local-ecat-files:nil
End:
vim600: syn=xml fen fdm=syntax fdl=2 si
vim: et tw=78 syn=sgml
vi: ts=1 sw=1
-->
