<?xml version="1.0" encoding="UTF-8"?>
<!-- $Revision: 3827 $ -->
<refentry id="api.create.data">
 <refnamediv>
  <refname>createData()</refname>
  <refpurpose>创建数据对象</refpurpose>
 </refnamediv>
 <refsect1>
  <title>说明</title>
  <methodsynopsis>
   <type>string</type><methodname>createData</methodname>
   <methodparam choice="opt"><type>object</type><parameter>parent</parameter></methodparam>
  </methodsynopsis>
  <methodsynopsis>
   <type>string</type><methodname>createData</methodname>
   <void />
  </methodsynopsis>
  <para>
  该函数将创建一个数据对象，以保存赋值。
   参数如下：
    <itemizedlist>
    <listitem>
     <para>
      <parameter>parent</parameter>可选。表示一个继承于Smarty对象的上层对象，上层对象可以是用户创建的其他数据对象或者是模板对象，这些对象可以链接起来。对象链条可共同对模板进行赋值。
     </para>
     </listitem>
    </itemizedlist>
  </para>
  <para>
  数据对象可以用作对赋值变量的进行范围控制，控制在模板中的可用范围。
  </para>
  <para>
   <example>
    <title>createData()</title>
    <programlisting role="php">
<![CDATA[
<?php
include('Smarty.class.php');
$smarty = new Smarty;

// 创建数据对象
$data = $smarty->createData();

// 赋值到数据对象
$data->assign('foo','bar');

// 创建模板对象，并将数据对象载入到其中作为赋值。
$tpl = $smarty->createTemplate('index.tpl',$data);

// 显示模板
$tpl->display();
?>
]]>
    </programlisting>
   </example>
  </para>

  <para>
   参见
   <link linkend="api.display"><varname>display()</varname></link>,
    和
   <link linkend="api.create.template"><varname>createTemplate()</varname></link>,
  </para>
 </refsect1>
</refentry>

<!-- Keep this comment at the end of the file
Local variables:
mode: sgml
sgml-omittag:t
sgml-shorttag:t
sgml-minimize-attributes:nil
sgml-always-quote-attributes:t
sgml-indent-step:1
sgml-indent-data:t
indent-tabs-mode:nil
sgml-parent-document:nil
sgml-default-dtd-file:"../../../../manual.ced"
sgml-exposed-tags:nil
sgml-local-catalogs:nil
sgml-local-ecat-files:nil
End:
vim600: syn=xml fen fdm=syntax fdl=2 si
vim: et tw=78 syn=sgml
vi: ts=1 sw=1
-->
