<?xml version="1.0" encoding="UTF-8"?>
<!-- $Revision: 3827 $ -->
<refentry id="api.register.object">
 <refnamediv>
  <refname>registerObject()</refname>
  <refpurpose>注册对象</refpurpose>
 </refnamediv>
 <refsect1>
  <title>说明</title>
  <methodsynopsis>
   <type>void</type><methodname>registerObject</methodname>
   <methodparam><type>string</type><parameter>object_name</parameter></methodparam>
   <methodparam><type>object</type><parameter>object</parameter></methodparam>
   <methodparam><type>array</type><parameter>allowed_methods_properties</parameter>
   </methodparam>
   <methodparam><type>boolean</type><parameter>format</parameter></methodparam>
   <methodparam><type>array</type><parameter>block_methods</parameter></methodparam>
  </methodsynopsis>

  <note><para>
在你注册/传递对象到模板时，请记住对象在模板中使用的成员变量和方法均只为了显示。通过对象在模板中进行一些更复杂的应用逻辑是很容易的事情，但这样会成为较差的设计，并且难以管理。请参见Smarty网站上关于最佳实践的主题。
  </para></note>  
  
  <para>
   详情参见<link linkend="advanced.features.objects">对象</link>。
  </para>
  <para>
参见
   <link linkend="api.get.registered.object"><varname>getRegisteredObject()</varname></link>,
   和
   <link linkend="api.unregister.object"><varname>unregisterObject()</varname></link>.
  </para>
 </refsect1>
</refentry>

<!-- Keep this comment at the end of the file
Local variables:
mode: sgml
sgml-omittag:t
sgml-shorttag:t
sgml-minimize-attributes:nil
sgml-always-quote-attributes:t
sgml-indent-step:1
sgml-indent-data:t
indent-tabs-mode:nil
sgml-parent-document:nil
sgml-default-dtd-file:"../../../../manual.ced"
sgml-exposed-tags:nil
sgml-local-catalogs:nil
sgml-local-ecat-files:nil
End:
vim600: syn=xml fen fdm=syntax fdl=2 si
vim: et tw=78 syn=sgml
vi: ts=1 sw=1
-->

