<?xml version="1.0" encoding="UTF-8"?>
<!-- $Revision: 4278 $ -->
<refentry id="api.unregister.filter">
 <refnamediv>
  <refname>unregisterFilter()</refname>
  <refpurpose>注销过滤器</refpurpose>
 </refnamediv>
 <refsect1>
  <title>Description</title>
  <methodsynopsis>
   <type>void</type><methodname>unregisterFilter</methodname>
   <methodparam><type>string</type><parameter>type</parameter></methodparam>
   <methodparam><type>string|array</type><parameter>callback</parameter></methodparam>
  </methodsynopsis>
  <para>
   注销过滤器。
   参数如下：
   <itemizedlist>
    &parameter.filtertype;
    &parameter.callback;
   </itemizedlist>   
  </para>
  
    <para>
    参见
    <link linkend="api.register.filter"><varname>registerFilter()</varname></link>.
</para>

 </refsect1>
</refentry>
<!-- Keep this comment at the end of the file
Local variables:
mode: sgml
sgml-omittag:t
sgml-shorttag:t
sgml-minimize-attributes:nil
sgml-always-quote-attributes:t
sgml-indent-step:1
sgml-indent-data:t
indent-tabs-mode:nil
sgml-parent-document:nil
sgml-default-dtd-file:"../../../../manual.ced"
sgml-exposed-tags:nil
sgml-local-catalogs:nil
sgml-local-ecat-files:nil
End:
vim600: syn=xml fen fdm=syntax fdl=2 si
vim: et tw=78 syn=sgml
vi: ts=1 sw=1
-->
