<?xml version="1.0" encoding="UTF-8"?>
<!-- $Revision: 3827 $ -->
<refentry id="api.get.template.dir">
 <refnamediv>
  <refname>getTemplateDir()</refname>
  <refpurpose>取得模板目录</refpurpose>
 </refnamediv>
 <refsect1>
  <title>说明</title>
  <methodsynopsis>
   <type>string|array</type><methodname>getTemplateDir</methodname>
   <methodparam choice="opt"><type>string</type><parameter>key</parameter></methodparam>
  </methodsynopsis>
  <example>
   <title>getTemplateDir()</title>
   <programlisting role="php">
<![CDATA[
<?php

// 设置一些模板目录
$smarty->setTemplateDir(array(
    'one' => './templates',
    'two' => './templates_2',
    'three' => './templates_3',
));

// 取得全部的模板目录
$template_dir = $smarty->getTemplateDir();
var_dump($template_dir); // 数组

// 取得特定的模板目录
$template_dir = $smarty->getTemplateDir('one');
var_dump($template_dir); // 字符串

?>
]]>
   </programlisting>
  </example>
  <para>
   参见
   <link linkend="api.set.template.dir"><varname>setTemplateDir()</varname></link>,
   <link linkend="api.add.template.dir"><varname>addTemplateDir()</varname></link> 和
   <link linkend="variable.template.dir"><parameter>$template_dir</parameter></link>.
  </para>
 </refsect1>
</refentry>
<!-- Keep this comment at the end of the file
Local variables:
mode: sgml
sgml-omittag:t
sgml-shorttag:t
sgml-minimize-attributes:nil
sgml-always-quote-attributes:t
sgml-indent-step:1
sgml-indent-data:t
indent-tabs-mode:nil
sgml-parent-document:nil
sgml-default-dtd-file:"../../../../manual.ced"
sgml-exposed-tags:nil
sgml-local-catalogs:nil
sgml-local-ecat-files:nil
End:
vim600: syn=xml fen fdm=syntax fdl=2 si
vim: et tw=78 syn=sgml
vi: ts=1 sw=1
-->
