<?xml version="1.0" encoding="UTF-8"?>
<!-- $Revision: 3827 $ -->
<refentry id="api.register.filter">
 <refnamediv>
  <refname>registerFilter()</refname>
  <refpurpose>注册过滤器</refpurpose>
 </refnamediv>
 <refsect1>
  <title>说明</title>
  <methodsynopsis>
   <type>void</type><methodname>registerFilter</methodname>
   <methodparam><type>string</type><parameter>type</parameter></methodparam>
   <methodparam><type>mixed</type><parameter>callback</parameter></methodparam>
  </methodsynopsis>
  <para>
   注册过滤器。
   参数如下：
   <itemizedlist>
    &parameter.filtertype;
   &parameter.callback;
   </itemizedlist>   
  </para>
   &note.parameter.function;

  <para>
   <link linkend="plugins.prefilters.postfilters">prefilter</link>前置过滤器，在模板编译之前执行的过滤器。
   详情参见<link
    linkend="advanced.features.prefilters">前置过滤器</link>。
  </para>
 
  <para>
   <link linkend="plugins.prefilters.postfilters">postfilter</link>后置过滤器，在模板编译成PHP后执行的过滤器。 
   详情参见<link
    linkend="advanced.features.postfilters">后置过滤器</link>。
  </para>
  
  <para>
   <link linkend="plugins.outputfilters">outputfilter</link>输出过滤器，在模板将要<link linkend="api.display">displayed</link>前执行的过滤器。
   详情参见<link linkend="advanced.features.outputfilters">输出过滤器</link>。
  </para>

  <para>
参见
<link linkend="api.unregister.filter"><varname>unregisterFilter()</varname></link>,
<link linkend="api.load.filter"><varname>loadFilter()</varname></link>,
<link linkend="variable.autoload.filters"><parameter>$autoload_filters</parameter></link>,
 <link linkend="advanced.features.prefilters">前置过滤器</link>
 <link linkend="advanced.features.postfilters">后置过滤器</link>
 <link linkend="advanced.features.outputfilters">输出过滤器</link>。
</para>
 </refsect1>
</refentry>
<!-- Keep this comment at the end of the file
Local variables:
mode: sgml
sgml-omittag:t
sgml-shorttag:t
sgml-minimize-attributes:nil
sgml-always-quote-attributes:t
sgml-indent-step:1
sgml-indent-data:t
indent-tabs-mode:nil
sgml-parent-document:nil
sgml-default-dtd-file:"../../../../manual.ced"
sgml-exposed-tags:nil
sgml-local-catalogs:nil
sgml-local-ecat-files:nil
End:
vim600: syn=xml fen fdm=syntax fdl=2 si
vim: et tw=78 syn=sgml
vi: ts=1 sw=1
-->
