<?xml version="1.0" encoding="UTF-8"?>
<!-- $Revision: 3827 $ -->
<refentry id="api.get.config.dir">
 <refnamediv>
  <refname>getConfigDir()</refname>
  <refpurpose>取得配置文件目录</refpurpose>
 </refnamediv>
 <refsect1>
  <title>说明</title>
  <methodsynopsis>
   <type>string|array</type><methodname>getConfigDir</methodname>
   <methodparam choice="opt"><type>string</type><parameter>key</parameter></methodparam>
  </methodsynopsis>
  <example>
   <title>getConfigDir()</title>
   <programlisting role="php">
<![CDATA[
<?php

// 设置一些配置目录
$smarty->setConfigDir(array(
    'one' => './config',
    'two' => './config_2',
    'three' => './config_3',
));

// 取得全部的配置文件目录
$config_dir = $smarty->getConfigDir();
var_dump($config_dir); // 数组

// 取得特定的配置文件目录
$config_dir = $smarty->getConfigDir('one');
var_dump($config_dir); // 字符串

?>
]]>
   </programlisting>
  </example>
  <para>
   参见
   <link linkend="api.set.config.dir"><varname>setConfigDir()</varname></link>,
   <link linkend="api.add.config.dir"><varname>addConfigDir()</varname></link> 和
   <link linkend="variable.config.dir"><parameter>$config_dir</parameter></link>.
  </para>
 </refsect1>
</refentry>
<!-- Keep this comment at the end of the file
Local variables:
mode: sgml
sgml-omittag:t
sgml-shorttag:t
sgml-minimize-attributes:nil
sgml-always-quote-attributes:t
sgml-indent-step:1
sgml-indent-data:t
indent-tabs-mode:nil
sgml-parent-document:nil
sgml-default-dtd-file:"../../../../manual.ced"
sgml-exposed-tags:nil
sgml-local-catalogs:nil
sgml-local-ecat-files:nil
End:
vim600: syn=xml fen fdm=syntax fdl=2 si
vim: et tw=78 syn=sgml
vi: ts=1 sw=1
-->
