<?xml version="1.0" encoding="UTF-8"?>
<!-- $Revision: 3827 $ -->
<refentry id="api.clear.compiled.tpl">
 <refnamediv>
  <refname>clearCompiledTemplate()</refname>
  <refpurpose>清除模板编译文件</refpurpose>
 </refnamediv>
 <refsect1>
  <title>说明</title>
  <methodsynopsis>
   <type>void</type><methodname>clearCompiledTemplate</methodname>
   <methodparam choice="opt"><type>string</type><parameter>tpl_file</parameter></methodparam>
   <methodparam choice="opt"><type>string</type><parameter>compile_id</parameter>
   </methodparam>
   <methodparam choice="opt"><type>int</type><parameter>exp_time</parameter></methodparam>
  </methodsynopsis>
  <para>
  清除特定模板的编译文件，如不指定特定模板则清除全部的编译文件。
  设置<link linkend="variable.compile.id"><parameter>$compile_id</parameter></link>将只清除该<link linkend="variable.compile.id"><parameter>$compile_id</parameter></link>对应的编译文件。
   如设置了exp_time值，则只会清除比<parameter>exp_time</parameter>更老的时间编译的编译文件。
   除非特殊的需要，一般情况下不需要使用该函数。
  </para>
  <example>
   <title>clearCompiledTemplate()</title>
   <programlisting role="php">
<![CDATA[
<?php
// 清除特定的已编译模板
$smarty->clearCompiledTemplate('index.tpl');

// 清除整个编译目录的文件
$smarty->clearCompiledTemplate();
?>
]]>
   </programlisting>
  </example>
  <para>参见
  <link linkend="api.clear.cache"><varname>clearCache()</varname></link>.
  </para>
 </refsect1>
</refentry>
<!-- Keep this comment at the end of the file
Local variables:
mode: sgml
sgml-omittag:t
sgml-shorttag:t
sgml-minimize-attributes:nil
sgml-always-quote-attributes:t
sgml-indent-step:1
sgml-indent-data:t
indent-tabs-mode:nil
sgml-parent-document:nil
sgml-default-dtd-file:"../../../../manual.ced"
sgml-exposed-tags:nil
sgml-local-catalogs:nil
sgml-local-ecat-files:nil
End:
vim600: syn=xml fen fdm=syntax fdl=2 si
vim: et tw=78 syn=sgml
vi: ts=1 sw=1
-->

