<?xml version="1.0" encoding="UTF-8"?>
<!-- $Revision: 4278 $ -->
<refentry id="api.register.plugin">
 <refnamediv>
  <refname>registerPlugin()</refname>
  <refpurpose>注册插件</refpurpose>
 </refnamediv>
 <refsect1>
  <title>说明</title>
  <methodsynopsis>
   <type>void</type><methodname>registerPlugin</methodname>
   <methodparam><type>string</type><parameter>type</parameter></methodparam>
   <methodparam><type>string</type><parameter>name</parameter></methodparam>
   <methodparam><type>mixed</type><parameter>callback</parameter></methodparam>
   <methodparam choice="opt"><type>bool</type><parameter>cacheable</parameter></methodparam>
   <methodparam choice="opt"><type>mixed</type><parameter>cache_attrs</parameter>
   </methodparam>
  </methodsynopsis>
  <para>
  该函数将以插件的形式来注册函数或者方法。
  参数如下：
   <itemizedlist>
   &parameter.plugintype;
   &parameter.pluginname;
   &parameter.callback;
    <listitem>
     <para>
     大多数情况下<parameter>cacheable</parameter> 和 <parameter>cache_attrs</parameter>可被省略。
	 参见<link
      linkend="caching.cacheable">缓存能力</link>设置它们的值。
    </para>
     </listitem>
   </itemizedlist>
  </para>

 <example>
   <title>注册函数</title>
   <programlisting role="php">
<![CDATA[
<?php
$smarty->registerPlugin("function","date_now", "print_current_date");

function print_current_date($params, $smarty)
{
  if(empty($params["format"])) {
    $format = "%b %e, %Y";
  } else {
    $format = $params["format"];
  }
  return strftime($format,time());
}
?>
]]>
   </programlisting>
   <para>
   在模板中：
   </para>
<programlisting>
<![CDATA[
{date_now}

{* 或定义时间格式 *}
{date_now format="%Y/%m/%d"}
]]>
</programlisting>
</example>

  <example>
   <title>注册块函数</title>
   <programlisting role="php">
<![CDATA[
<?php
// 函数定义
function do_translation ($params, $content, $smarty, &$repeat, $template)
{
  if (isset($content)) {
    $lang = $params["lang"];
    // 这里可以放置翻译 $content 的代码
    return $translation;
  }
}

// 注册到Smarty
$smarty->registerPlugin("block","translate", "do_translation");
?>
]]>
   </programlisting>
   <para>
	模板中：
   </para>
   <programlisting>
<![CDATA[
{translate lang="br"}Hello, world!{/translate}
]]>
   </programlisting>
  </example>

  <example>
   <title>注册修饰器</title>
   <programlisting role="php">
<![CDATA[
<?php

// 我们将PHP的stripslashes函数映射成一个Smarty的修饰器
$smarty->registerPlugin("modifier","ss", "stripslashes");

?>
]]>
</programlisting>
   <para>模板中可使用<literal>ss</literal>来过滤反斜线。</para>
   <programlisting>
<![CDATA[
<?php
{$var|ss}
?>
]]>
</programlisting>
   
  </example>
  
<para>
参见
<link linkend="api.unregister.plugin"><varname>unregisterPlugin()</varname></link>,
<link linkend="plugins.functions">插件函数</link>,
<link linkend="plugins.block.functions">块函数</link>,
<link linkend="plugins.compiler.functions">编译函数</link>,
和
 <link linkend="plugins.modifiers">修饰器</link>。
</para>

 </refsect1>
</refentry>
<!-- Keep this comment at the end of the file
Local variables:
mode: sgml
sgml-omittag:t
sgml-shorttag:t
sgml-minimize-attributes:nil
sgml-always-quote-attributes:t
sgml-indent-step:1
sgml-indent-data:t
indent-tabs-mode:nil
sgml-parent-document:nil
sgml-default-dtd-file:"../../../../manual.ced"
sgml-exposed-tags:nil
sgml-local-catalogs:nil
sgml-local-ecat-files:nil
End:
vim600: syn=xml fen fdm=syntax fdl=2 si
vim: et tw=78 syn=sgml
vi: ts=1 sw=1
-->

