<?xml version="1.0" encoding="UTF-8"?>
<!-- $Revision: 3827 $ -->
<refentry id="api.unregister.plugin">
 <refnamediv>
  <refname>unregisterPlugin</refname>
  <refpurpose>注销插件</refpurpose>
 </refnamediv>
 <refsect1>
   <title>说明</title>
  <methodsynopsis>
   <type>void</type><methodname>unregisterPlugin</methodname>
   <methodparam><type>string</type><parameter>type</parameter></methodparam>
   <methodparam><type>string</type><parameter>name</parameter></methodparam>
  </methodsynopsis>
  <para>
  该函数将注销通过<link linkend="api.register.plugin">registerPlugin()</link>注册的插件。
   参数如下：
   <itemizedlist>
    &parameter.plugintype;
    &parameter.pluginname;
  </itemizedlist>
  </para>

  <example>
   <title>注销函数</title>
   <programlisting role="php">
<![CDATA[
<?php

// 我们不希望模板设计者使用"date_now" 函数
$smarty->unregisterPlugin("function","date_now");

?>
]]>
   </programlisting>
  </example>

  <para>
  参见<link linkend="api.register.plugin">
  <varname>registerPlugin()</varname></link>.
</para>

 </refsect1>
</refentry>
<!-- Keep this comment at the end of the file
Local variables:
mode: sgml
sgml-omittag:t
sgml-shorttag:t
sgml-minimize-attributes:nil
sgml-always-quote-attributes:t
sgml-indent-step:1
sgml-indent-data:t
indent-tabs-mode:nil
sgml-parent-document:nil
sgml-default-dtd-file:"../../../../manual.ced"
sgml-exposed-tags:nil
sgml-local-catalogs:nil
sgml-local-ecat-files:nil
End:
vim600: syn=xml fen fdm=syntax fdl=2 si
vim: et tw=78 syn=sgml
vi: ts=1 sw=1
-->
