<?xml version="1.0" encoding="UTF-8"?>
<!-- $Revision: 3827 $ -->
<refentry id="api.clear.config">
 <refnamediv>
  <refname>clearConfig()</refname>
  <refpurpose>清除配置</refpurpose>
 </refnamediv>
 <refsect1>
  <title>说明</title>
  <methodsynopsis>
   <type>void</type><methodname>clearConfig</methodname>
   <methodparam choice="opt"><type>string</type><parameter>var</parameter></methodparam>
  </methodsynopsis>
  <para>
  该函数将清除全部的<link linkend="language.config.variables">预配置变量</link>。
   如果设置了参数，则仅清除指定的配置值。
  </para>
  <example>
   <title>clearConfig()</title>
   <programlisting role="php">
<![CDATA[
<?php
// 清除全部配置
$smarty->clearConfig();

// 仅清除foobar配置值
$smarty->clearConfig('foobar');
?>
]]>
   </programlisting>
  </example>
  <para>
  参见
  <link linkend="api.get.config.vars"><varname>getConfigVars()</varname></link>,
  <link linkend="language.config.variables"><varname>预配置变量</varname></link>,
  <link linkend="config.files"><varname>配置文件</varname></link>,
  <link linkend="language.function.config.load"><varname>{config_load}</varname></link>,
  <link linkend="api.config.load"><varname>configLoad()</varname></link>
  和
  <link linkend="api.clear.assign"><varname>clearAssign()</varname></link>.
  </para>
 </refsect1>
</refentry>
<!-- Keep this comment at the end of the file
Local variables:
mode: sgml
sgml-omittag:t
sgml-shorttag:t
sgml-minimize-attributes:nil
sgml-always-quote-attributes:t
sgml-indent-step:1
sgml-indent-data:t
indent-tabs-mode:nil
sgml-parent-document:nil
sgml-default-dtd-file:"../../../../manual.ced"
sgml-exposed-tags:nil
sgml-local-catalogs:nil
sgml-local-ecat-files:nil
End:
vim600: syn=xml fen fdm=syntax fdl=2 si
vim: et tw=78 syn=sgml
vi: ts=1 sw=1
-->
