<?xml version="1.0" encoding="UTF-8"?>
<!-- $Revision: 3827 $ -->
<refentry id="api.template.exists">
 <refnamediv>
  <refname>templateExists()</refname>
  <refpurpose>检查模板是否存在</refpurpose>
 </refnamediv>
 <refsect1>
  <title>说明</title>
  <methodsynopsis>
   <type>bool</type><methodname>templateExists</methodname>
   <methodparam><type>string</type><parameter>template</parameter></methodparam>
  </methodsynopsis>
  <para>
  检查的模板可以指定文件路径，或者一个模板资源。
  </para>

  <example>
  <title>templateExists()</title>
    <para>
	下面例子使用<literal>$_GET['page']</literal>来<link linkend="language.function.include"><varname>{include}</varname></link>指定的模板。
	如果模板不存在，则会显示一个“page not found”的错误信息。
	首先是<filename>page_container.tpl</filename>的模板内容：
    </para>
    <programlisting role="php">
<![CDATA[
<html>
<head><title>{$title}</title></head>
<body>
{include file='page_top.tpl'}

{* 包含中间内容的模板 *}
{include file=$content_template}

{include file='page_footer.tpl'}
</body>
]]>
  </programlisting>
  <para>
  然后在PHP脚本中：
  </para>
  <programlisting role="php">
<![CDATA[
<?php

// 设置文件名，如 index.inc.tpl
$mid_template = $_GET['page'].'.inc.tpl';

if( !$smarty->templateExists($mid_template) ){
    $mid_template = 'page_not_found.tpl';
}
$smarty->assign('content_template', $mid_template);

$smarty->display('page_container.tpl');

?>
]]>
  </programlisting>
  </example>

  <para>
  参见
  <link linkend="api.display"><varname>display()</varname></link>,
  <link linkend="api.fetch"><varname>fetch()</varname></link>,
  <link linkend="language.function.include"><varname>{include}</varname></link>
  和
  <link linkend="language.function.insert"><varname>{insert}</varname></link>
  </para>
 </refsect1>
</refentry>
<!-- Keep this comment at the end of the file
Local variables:
mode: sgml
sgml-omittag:t
sgml-shorttag:t
sgml-minimize-attributes:nil
sgml-always-quote-attributes:t
sgml-indent-step:1
sgml-indent-data:t
indent-tabs-mode:nil
sgml-parent-document:nil
sgml-default-dtd-file:"../../../../manual.ced"
sgml-exposed-tags:nil
sgml-local-catalogs:nil
sgml-local-ecat-files:nil
End:
vim600: syn=xml fen fdm=syntax fdl=2 si
vim: et tw=78 syn=sgml
vi: ts=1 sw=1
-->
