<?xml version="1.0" encoding="UTF-8"?>
<!-- $Revision: 3827 $ -->
<refentry id="api.add.config.dir">
 <refnamediv>
  <refname>addConfigDir()</refname>
  <refpurpose>增加一个配置文件目录</refpurpose>
 </refnamediv>
 <refsect1>
  <title>说明</title>
  <methodsynopsis>
   <type>Smarty</type><methodname>addConfigDir</methodname>
   <methodparam><type>string|array</type><parameter>config_dir</parameter></methodparam>
   <methodparam choice="opt"><type>string</type><parameter>key</parameter></methodparam>
  </methodsynopsis>
  <example>
   <title>addConfigDir()</title>
   <programlisting role="php">
<![CDATA[
<?php

// 增加一个配置文件的目录
$smarty->addConigDir('./config_1');

// 增加一个配置文件的目录并指定一个数组键值
$smarty->addConfigDir('./config_1', 'one');

// 以数组的方式加入多个配置文件目录，并为每个目录设定一个键值。
$smarty->addConfigDir(array(
    'two' => './config_2',
    'three' => './config_3',
));

// 显示全部的配置目录
var_dump($smarty->getConfigDir());

// 方法连用
$smarty->setConfigDir('./config')
       ->addConfigDir('./config_1', 'one')
       ->addConfigDir('./config_2', 'two');

?>
]]>
   </programlisting>
  </example>
  <para>
   参见
   <link linkend="api.get.config.dir"><varname>getConfigDir()</varname></link>,
   <link linkend="api.set.config.dir"><varname>setConfigDir()</varname></link> 和
   <link linkend="variable.config.dir"><parameter>$config_dir</parameter></link>.
  </para>
 </refsect1>
</refentry>
<!-- Keep this comment at the end of the file
Local variables:
mode: sgml
sgml-omittag:t
sgml-shorttag:t
sgml-minimize-attributes:nil
sgml-always-quote-attributes:t
sgml-indent-step:1
sgml-indent-data:t
indent-tabs-mode:nil
sgml-parent-document:nil
sgml-default-dtd-file:"../../../../manual.ced"
sgml-exposed-tags:nil
sgml-local-catalogs:nil
sgml-local-ecat-files:nil
End:
vim600: syn=xml fen fdm=syntax fdl=2 si
vim: et tw=78 syn=sgml
vi: ts=1 sw=1
-->
