<?xml version="1.0" encoding="UTF-8"?>
<!-- $Revision: 4309 $ -->
<refentry id="api.mute.expected.errors">
 <refnamediv>
  <refname>Smarty::muteExpectedErrors()</refname>
  <refpurpose>忽略脚本警告信息</refpurpose>
 </refnamediv>
 <refsect1>
  <title>说明</title>
  <methodsynopsis>
   <type>string</type><methodname>muteExpectedErrors</methodname>
   <void />
  </methodsynopsis>
  <para>
  muteExpectedErrors() 通过PHP的<ulink url="&url.php-manual;set_error_handler">set_error_handler()</ulink>函数来注册一个自定义错误处理器。
  该错误处理器仅简单通过<literal>$errno</literal> 和 <literal>$errfile</literal>来检查当前错误，如果当前错误级别是warning或notice将被忽略，而如果是其他错误级别将被传递到下一个错误处理器。 
  </para>
  <para>
   <literal>Smarty::unmuteExpectedErrors()</literal>可移除当前的自定义错误处理器。
   请注意，如果在调用了muteExpectedErrors()后，你还有注册一些自定义错误处理器，那么<literal>Smarty::unmuteExpectedErrors()</literal>将只会移除在后面注册的处理器，而不会移除muteExpectedErrors()注册的处理器。
  </para>
 </refsect1>
</refentry>

<!-- Keep this comment at the end of the file
Local variables:
mode: sgml
sgml-omittag:t
sgml-shorttag:t
sgml-minimize-attributes:nil
sgml-always-quote-attributes:t
sgml-indent-step:1
sgml-indent-data:t
indent-tabs-mode:nil
sgml-parent-document:nil
sgml-default-dtd-file:"../../../../manual.ced"
sgml-exposed-tags:nil
sgml-local-catalogs:nil
sgml-local-ecat-files:nil
End:
vim600: syn=xml fen fdm=syntax fdl=2 si
vim: et tw=78 syn=sgml
vi: ts=1 sw=1
-->
