<?xml version="1.0" encoding="UTF-8"?>
<!-- $Revision: 3827 $ -->
<refentry id="api.unregister.cacheresource">
 <refnamediv>
  <refname>unregisterCacheResource()</refname>
  <refpurpose>注销缓存资源</refpurpose>
 </refnamediv>
 <refsect1>
  <title>说明</title>
  <methodsynopsis>
   <type>void</type><methodname>unregisterCacheResource</methodname>
   <methodparam><type>string</type><parameter>name</parameter></methodparam>
  </methodsynopsis>
  <para>
   参数<parameter>name</parameter>是缓存资源的名称。
  </para>
  <example>
   <title>unregisterCacheResource()</title>
<programlisting role="php">
<![CDATA[
<?php

$smarty->unregisterCacheResource('mysql');

?>
]]>
   </programlisting>
  </example>

 <para>
参见
  <link linkend="api.register.cacheresource">
  <varname>registerCacheResource()</varname></link>
  和
  <link linkend="caching.custom">自定义缓存</link>。
</para>

 </refsect1>
</refentry>
<!-- Keep this comment at the end of the file
Local variables:
mode: sgml
sgml-omittag:t
sgml-shorttag:t
sgml-minimize-attributes:nil
sgml-always-quote-attributes:t
sgml-indent-step:1
sgml-indent-data:t
indent-tabs-mode:nil
sgml-parent-document:nil
sgml-default-dtd-file:"../../../../manual.ced"
sgml-exposed-tags:nil
sgml-local-catalogs:nil
sgml-local-ecat-files:nil
End:
vim600: syn=xml fen fdm=syntax fdl=2 si
vim: et tw=78 syn=sgml
vi: ts=1 sw=1
-->
