<?xml version="1.0" encoding="UTF-8"?>
<!-- $Revision: 3827 $ -->
<refentry id="api.add.template.dir">
 <refnamediv>
  <refname>addTemplateDir()</refname>
  <refpurpose>增加一个模板文件目录</refpurpose>
 </refnamediv>
 <refsect1>
  <title>说明</title>
  <methodsynopsis>
   <type>Smarty</type><methodname>addTemplateDir</methodname>
   <methodparam><type>string|array</type><parameter>template_dir</parameter></methodparam>
   <methodparam choice="opt"><type>string</type><parameter>key</parameter></methodparam>
  </methodsynopsis>
  <example>
   <title>addTemplateDir()</title>
   <programlisting role="php">
<![CDATA[
<?php

// 增加一个模板文件的目录
$smarty->addTemplateDir('./templates_1');

// 增加一个模板文件的目录并指定一个数组键值
$smarty->addTemplateDir('./templates_1', 'one');

// 以数组的方式加入多个模板文件目录，并为每个目录设定一个键值。
$smarty->addTemplateDir(array(
    'two' => './templates_2',
    'three' => './templates_3',
));

// 显示全部的模板目录
var_dump($smarty->getTemplateDir());

// 方法连用
$smarty->setTemplateDir('./templates')
       ->addTemplateDir('./templates_1', 'one')
       ->addTemplateDir('./templates_2', 'two');

?>
]]>
   </programlisting>
  </example>
  <para>
   参见
   <link linkend="api.get.template.dir"><varname>getTemplateDir()</varname></link>,
   <link linkend="api.set.template.dir"><varname>setTemplateDir()</varname></link> 和
   <link linkend="variable.template.dir"><parameter>$template_dir</parameter></link>.
  </para>
 </refsect1>
</refentry>
<!-- Keep this comment at the end of the file
Local variables:
mode: sgml
sgml-omittag:t
sgml-shorttag:t
sgml-minimize-attributes:nil
sgml-always-quote-attributes:t
sgml-indent-step:1
sgml-indent-data:t
indent-tabs-mode:nil
sgml-parent-document:nil
sgml-default-dtd-file:"../../../../manual.ced"
sgml-exposed-tags:nil
sgml-local-catalogs:nil
sgml-local-ecat-files:nil
End:
vim600: syn=xml fen fdm=syntax fdl=2 si
vim: et tw=78 syn=sgml
vi: ts=1 sw=1
-->
