<?xml version="1.0" encoding="UTF-8"?>
<!-- $Revision: 3849 $ -->
<refentry id="api.is.cached">
 <refnamediv>
  <refname>isCached()</refname>
  <refpurpose>检查模板是否已经缓存</refpurpose>
 </refnamediv>
 <refsect1>
  <title>说明</title>
  <methodsynopsis>
   <type>bool</type><methodname>isCached</methodname>
   <methodparam><type>string</type><parameter>template</parameter></methodparam>
   <methodparam choice="opt"><type>string</type><parameter>cache_id</parameter></methodparam>
   <methodparam choice="opt"><type>string</type><parameter>compile_id</parameter>
   </methodparam>
  </methodsynopsis>

  <itemizedlist>
  <listitem><para>
  此函数仅在<link linkend="variable.caching">
    <parameter>$caching</parameter></link>设置为<literal>Smarty::CACHING_LIFETIME_CURRENT</literal>或<literal>Smarty::CACHING_LIFETIME_SAVED</literal>的时候启用。
	参见
   <link linkend="caching">缓存</link>。
  </para></listitem>
    <listitem><para>
	当你需要使用<link linkend="caching.multiple.caches">多个缓存</link>时，需要设置
	<parameter>$cache_id</parameter>这个可选参数。
  </para></listitem>

  <listitem><para>
  你可以传递第三个可选的参数
  <link linkend="variable.compile.id"><parameter>$compile id</parameter></link>。
  如果省略了该参数，那么会继续使用之前的<link linkend="variable.compile.id">
   <parameter>$compile_id</parameter></link>，如果它有设置的话。
  </para></listitem>

  <listitem><para>
  如果你不希望传递<parameter>$cache_id</parameter>但想传递<link linkend="variable.compile.id">
   <parameter>$compile_id</parameter></link>参数，你可以传递一个&null;作为<parameter>$cache_id</parameter>.
  </para></listitem>
  </itemizedlist>

  <note>
  <title>技术说明</title>
  <para>
   如果<varname>isCached()</varname>返回 &true; ，那么系统底层将已经载入了缓存的内容并存储到系统中。
   接着执行的<link linkend="api.display"><varname>display()</varname></link> 或者
   <link linkend="api.fetch"><varname>fetch()</varname></link>
   将直接返回存储在系统中的缓存内容，而不会再从缓存文件内读取。
   这个机制避免了在执行<varname>isCached()</varname>和
   <link linkend="api.display"><varname>display()</varname></link>的时候重复两次读取缓存内容，导致系统开销。
   这也意味着，在<varname>isCached()</varname> 返回&true;后，调用的
   <link linkend="api.clear.cache"><varname>clearCache()</varname></link>
   或者其他缓存设置，将不会影响缓存的内容输出。
  </para>
  </note>

  <example>
   <title>isCached()</title>
   <programlisting role="php">
<![CDATA[
<?php
$smarty->setCaching(Smarty::CACHING_LIFETIME_CURRENT);

if(!$smarty->isCached('index.tpl')) {
// do database calls, assign vars here
}

$smarty->display('index.tpl');
?>
]]>
   </programlisting>
  </example>

  <example>
   <title>isCached()用于多缓存的模板</title>
   <programlisting role="php">
<![CDATA[
<?php
$smarty->setCaching(Smarty::CACHING_LIFETIME_CURRENT);

if(!$smarty->isCached('index.tpl', 'FrontPage')) {
  // do database calls, assign vars here
}

$smarty->display('index.tpl', 'FrontPage');
?>
]]>
   </programlisting>
  </example>


    <para>
    参见
    <link linkend="api.clear.cache"><varname>clearCache()</varname></link>,
    <link linkend="api.clear.all.cache"><varname>clearAllCache()</varname></link>,
    和
    <link linkend="caching">缓存</link>.
  </para>

 </refsect1>
</refentry>
<!-- Keep this comment at the end of the file
Local variables:
mode: sgml
sgml-omittag:t
sgml-shorttag:t
sgml-minimize-attributes:nil
sgml-always-quote-attributes:t
sgml-indent-step:1
sgml-indent-data:t
indent-tabs-mode:nil
sgml-parent-document:nil
sgml-default-dtd-file:"../../../../manual.ced"
sgml-exposed-tags:nil
sgml-local-catalogs:nil
sgml-local-ecat-files:nil
End:
vim600: syn=xml fen fdm=syntax fdl=2 si
vim: et tw=78 syn=sgml
vi: ts=1 sw=1
-->

