<?xml version="1.0" encoding="UTF-8"?>
<!-- $Revision: 3827 $ -->
<refentry id="api.disable.security">
 <refnamediv>
  <refname>disableSecurity()</refname>
  <refpurpose>关闭安全检查</refpurpose>
 </refnamediv>
 <refsect1>
  <title>说明</title>
  <methodsynopsis>
   <type>string</type><methodname>disableSecurity</methodname>
   <void />
  </methodsynopsis>
  <para>
  该函数将关闭模板的安全检查。
  </para>

  <para>
   参见
   <link linkend="api.enable.security"><varname>enableSecurity()</varname></link>,
    和
   <link linkend="advanced.features.security">安全</link>.
  </para>
 </refsect1>
</refentry>

<!-- Keep this comment at the end of the file
Local variables:
mode: sgml
sgml-omittag:t
sgml-shorttag:t
sgml-minimize-attributes:nil
sgml-always-quote-attributes:t
sgml-indent-step:1
sgml-indent-data:t
indent-tabs-mode:nil
sgml-parent-document:nil
sgml-default-dtd-file:"../../../../manual.ced"
sgml-exposed-tags:nil
sgml-local-catalogs:nil
sgml-local-ecat-files:nil
End:
vim600: syn=xml fen fdm=syntax fdl=2 si
vim: et tw=78 syn=sgml
vi: ts=1 sw=1
-->
