<?xml version="1.0" encoding="UTF-8"?>
<!-- $Revision: 3827 $ -->
<refentry id="api.append">
 <refnamediv>
  <refname>append()</refname>
  <refpurpose>把值追加到数组。</refpurpose>
 </refnamediv>
 <refsect1>
  <title>说明</title>
  <methodsynopsis>
   <type>void</type><methodname>append</methodname>
   <methodparam><type>mixed</type><parameter>var</parameter></methodparam>
  </methodsynopsis>
  <methodsynopsis>
   <type>void</type><methodname>append</methodname>
   <methodparam><type>string</type><parameter>varname</parameter></methodparam>
   <methodparam><type>mixed</type><parameter>var</parameter></methodparam>
   <methodparam choice="opt"><type>bool</type><parameter>merge</parameter></methodparam>
  </methodsynopsis>
  <para>
	在追加的时候，字符串将转换成数组的值。你可以显式传递键值对，或是联合数组。如果设置第三个参数为true时，该值将合并到原有数组上而并非追加。
  </para>
  &note.parameter.merge;
  <example>
   <title>append()</title>
   <programlisting role="php">
<![CDATA[
<?php
// 直接使用和assign()差不多
$smarty->append('foo', 'Fred');
// 这里，foo已经变成了模板中的一个数组。
$smarty->append('foo', 'Albert');

$array = array(1 => 'one', 2 => 'two');
$smarty->append('X', $array);
$array2 = array(3 => 'three', 4 => 'four');
// 下面会增加第二个X数组的元素
$smarty->append('X', $array2);

// 传递联合数组
$smarty->append(array('city' => 'Lincoln', 'state' => 'Nebraska'));
?>
]]>
   </programlisting>
  </example>
  <para>参见
  <link linkend="api.append.by.ref"><varname>appendByRef()</varname></link>,
  <link linkend="api.assign"><varname>assign()</varname></link>
  和
  <link linkend="api.get.template.vars"><varname>getTemplateVars()</varname></link>
  </para>
 </refsect1>
</refentry>
<!-- Keep this comment at the end of the file
Local variables:
mode: sgml
sgml-omittag:t
sgml-shorttag:t
sgml-minimize-attributes:nil
sgml-always-quote-attributes:t
sgml-indent-step:1
sgml-indent-data:t
indent-tabs-mode:nil
sgml-parent-document:nil
sgml-default-dtd-file:"../../../../manual.ced"
sgml-exposed-tags:nil
sgml-local-catalogs:nil
sgml-local-ecat-files:nil
End:
vim600: syn=xml fen fdm=syntax fdl=2 si
vim: et tw=78 syn=sgml
vi: ts=1 sw=1
-->
