<?xml version="1.0" encoding="UTF-8"?>
<!-- $Revision: 3842 $ -->
<refentry id="api.assign">
 <refnamediv>
  <refname>assign()</refname>
  <refpurpose>赋值</refpurpose>
 </refnamediv>
 <refsect1>
  <title>说明</title>
  <methodsynopsis>
   <type>void</type><methodname>assign</methodname>
   <methodparam><type>mixed</type><parameter>var</parameter></methodparam>
  </methodsynopsis>
  <methodsynopsis>
   <type>void</type><methodname>assign</methodname>
   <methodparam><type>string</type><parameter>varname</parameter></methodparam>
   <methodparam><type>mixed</type><parameter>var</parameter></methodparam>
   <methodparam choice="opt"><type>bool</type><parameter>nocache</parameter></methodparam>
  </methodsynopsis>
  <para>
   你可以传递键值对，或联合数组进行赋值到模板。
  </para>
  <para>
  如设置第三个参数<parameter>nocache</parameter>为true，则该变量不进行缓存。
   详细参考 <link linkend="cacheability.variables"><parameter>变量缓存</parameter></link>。
  </para>
  <note><para>
  在你传递对象到模板时，请记住对象在模板中使用的成员变量和方法均只为了显示。通过对象在模板中进行一些更复杂的应用逻辑是很容易的事情，但这样会成为较差的设计，并且难以管理。请参见Smarty网站上关于最佳实践的主题。
  </para></note>    
  
  <example>    
   <title>assign()</title>
<programlisting role="php">
<![CDATA[
<?php
// 传递键值对
$smarty->assign('Name', 'Fred');
$smarty->assign('Address', $address);

// 传递联合数组
$smarty->assign(array('city' => 'Lincoln', 'state' => 'Nebraska'));

// 传递数组
$myArray = array('no' => 10, 'label' => 'Peanuts');
$smarty->assign('foo',$myArray);

// 传递一行数据库的返回记录 (如 adodb)
$sql = 'select id, name, email from contacts where contact ='.$id;
$smarty->assign('contact', $db->getRow($sql));
?>
]]>
</programlisting>
   <para>
   模板中可以直接使用：
   </para>
<programlisting>
<![CDATA[
{* 和php一样，变量名不区分大小写 *}
{$Name}
{$Address}
{$city}
{$state}

{$foo.no}, {$foo.label}
{$contact.id}, {$contact.name},{$contact.email}
]]>
</programlisting>
  </example>
  <para>
  更多数组的使用方法请参见
  <link linkend="language.function.foreach"><varname>{foreach}</varname></link>
  和
  <link linkend="language.function.section"><varname>{section}</varname></link>
  </para>

  <para>
 参见
 <link linkend="api.assign.by.ref"><varname>assignByRef()</varname></link>,
 <link linkend="api.get.template.vars"><varname>getTemplateVars()</varname></link>,
 <link linkend="api.clear.assign"><varname>clearAssign()</varname></link>,
 <link linkend="api.append"><varname>append()</varname></link>
 和
 <link linkend="language.function.assign"><varname>{assign}</varname></link>
 </para>
 </refsect1>
</refentry>
<!-- Keep this comment at the end of the file
Local variables:
mode: sgml
sgml-omittag:t
sgml-shorttag:t
sgml-minimize-attributes:nil
sgml-always-quote-attributes:t
sgml-indent-step:1
sgml-indent-data:t
indent-tabs-mode:nil
sgml-parent-document:nil
sgml-default-dtd-file:"../../../../manual.ced"
sgml-exposed-tags:nil
sgml-local-catalogs:nil
sgml-local-ecat-files:nil
End:
vim600: syn=xml fen fdm=syntax fdl=2 si
vim: et tw=78 syn=sgml
vi: ts=1 sw=1
-->
