<?xml version="1.0" encoding="UTF-8"?>
<!-- $Revision: 3827 $ -->
<refentry id="api.set.plugins.dir">
 <refnamediv>
  <refname>setPluginsDir()</refname>
  <refpurpose>设置插件目录</refpurpose>
 </refnamediv>
 <refsect1>
  <title>说明</title>
  <methodsynopsis>
   <type>Smarty</type><methodname>setPluginsDir</methodname>
   <methodparam><type>string|array</type><parameter>plugins_dir</parameter></methodparam>
  </methodsynopsis>
  <example>
   <title>setPluginsDir()</title>
   <programlisting role="php">
<![CDATA[
<?php

// 设置单个插件目录
$smarty->setPluginsDir('./plugins');

// 查看全部插件目录
var_dump($smarty->getPluginsDir());

// 批量设置插件目录
$smarty->setPluginsDir(array(
    './plugins',
    './plugins_2',
));

// 查看全部插件目录
var_dump($smarty->getPluginsDir());

// 方法连用
$smarty->setTemplateDir('./templates')
       ->setPluginsDir('./plugins')
       ->setCompileDir('./templates_c')
       ->setCacheDir('./cache');

?>
]]>
   </programlisting>
  </example>
  <para>
  参见
   <link linkend="api.get.plugins.dir"><varname>getPluginsDir()</varname></link>,
   <link linkend="api.add.plugins.dir"><varname>addPluginsDir()</varname></link> 和
   <link linkend="variable.plugins.dir"><parameter>$plugins_dir</parameter></link>.
  </para>
 </refsect1>
</refentry>
<!-- Keep this comment at the end of the file
Local variables:
mode: sgml
sgml-omittag:t
sgml-shorttag:t
sgml-minimize-attributes:nil
sgml-always-quote-attributes:t
sgml-indent-step:1
sgml-indent-data:t
indent-tabs-mode:nil
sgml-parent-document:nil
sgml-default-dtd-file:"../../../../manual.ced"
sgml-exposed-tags:nil
sgml-local-catalogs:nil
sgml-local-ecat-files:nil
End:
vim600: syn=xml fen fdm=syntax fdl=2 si
vim: et tw=78 syn=sgml
vi: ts=1 sw=1
-->
