<?xml version="1.0" encoding="UTF-8"?>
<!-- $Revision: 3827 $ -->
<refentry id="api.set.config.dir">
 <refnamediv>
  <refname>setConfigDir()</refname>
  <refpurpose>设置配置目录</refpurpose>
 </refnamediv>
 <refsect1>
  <title>说明</title>
  <methodsynopsis>
   <type>Smarty</type><methodname>setConfigDir</methodname>
   <methodparam><type>string|array</type><parameter>config_dir</parameter></methodparam>
  </methodsynopsis>
  <example>
   <title>setConfigDir()</title>
   <programlisting role="php">
<![CDATA[
<?php

// 设置单个配置目录
$smarty->setConfigDir('./config');

// 查看全部配置目录
var_dump($smarty->getConfigDir());

// 批量设置配置目录
$smarty->setConfigDir(array(
    'one' => './config',
    'two' => './config_2',
    'three' => './config_3',
));

// 查看全部配置目录
var_dump($smarty->getConfigDir());

// 方法连用
$smarty->setTemplateDir('./templates')
       ->setConfigDir('./config')
       ->setCompileDir('./templates_c')
       ->setCacheDir('./cache');

?>
]]>
   </programlisting>
  </example>
  <para>
   参见
   <link linkend="api.get.config.dir"><varname>getConfigDir()</varname></link>,
   <link linkend="api.add.config.dir"><varname>addConfigDir()</varname></link> 和
   <link linkend="variable.config.dir"><parameter>$config_dir</parameter></link>.
  </para>
 </refsect1>
</refentry>
<!-- Keep this comment at the end of the file
Local variables:
mode: sgml
sgml-omittag:t
sgml-shorttag:t
sgml-minimize-attributes:nil
sgml-always-quote-attributes:t
sgml-indent-step:1
sgml-indent-data:t
indent-tabs-mode:nil
sgml-parent-document:nil
sgml-default-dtd-file:"../../../../manual.ced"
sgml-exposed-tags:nil
sgml-local-catalogs:nil
sgml-local-ecat-files:nil
End:
vim600: syn=xml fen fdm=syntax fdl=2 si
vim: et tw=78 syn=sgml
vi: ts=1 sw=1
-->
