<?xml version="1.0" encoding="UTF-8"?>
<!-- $Revision: 3827 $ -->
<refentry id="api.compile.all.templates">
 <refnamediv>
  <refname>compileAllTemplates()</refname>
  <refpurpose>编译全部模板</refpurpose>
 </refnamediv>
 <refsect1>
  <title>说明</title>
  <methodsynopsis>
   <type>string</type><methodname>compileAllTemplates</methodname>
   <methodparam choice="opt"><type>string</type><parameter>extension</parameter></methodparam>
   <methodparam choice="opt"><type>boolean</type><parameter>force</parameter></methodparam>
   <methodparam choice="opt"><type>integer</type><parameter>timelimit</parameter></methodparam>
   <methodparam choice="opt"><type>integer</type><parameter>maxerror</parameter></methodparam>
  </methodsynopsis>
   <para>
    该函数将编译<link linkend="variable.template.dir"><varname>$template_dir</varname></link>目录下的模板文件。
    参数如下：
    <itemizedlist>
     <listitem>
      <para>
       <parameter>extension</parameter> 字符串，指定模板文件的后缀名。默认为“.tpl”。
      </para>
     </listitem>
     <listitem>
        <para>
       <parameter>force</parameter> 布尔值。设定是否仅编译已修改的模板文件（false）或强制编译全部模板文件（true）。默认是false。
      </para>
     </listitem>
     <listitem>
      <para>
       <parameter>timelimit</parameter> 整型，设定模板编译过程的时间限制。默认是无限制。
      </para>
     </listitem>
     <listitem>
      <para>
       <parameter>maxerror</parameter> 整型，设定编译过程中出现的最大错误次数，超过此次数将停止编译。默认是无限制。
      </para>
     </listitem>
    </itemizedlist>
  </para>
  <note><para>
   该函数有可能不会生成全部预期的编译结果，所以使用会有一定风险。
  </para></note>
  <note><para>
  如模板需要注册插件、过滤器或对象等，在执行该函数之前必须先注册这些东西。
  </para></note>
  <note><para>
  如果使用模板继承，那么该函数将编译产生父模板的编译文件，但这些编译文件将永远也不会被使用到。
  </para></note>
  
  <para>
   <example>
    <title>compileAllTemplates()</title>
    <programlisting role="php">
<![CDATA[
<?php
include('Smarty.class.php');
$smarty = new Smarty;

// 强制编译全部模板
$smarty->compileAllTemplates('.tpl',true);

?>
]]>
    </programlisting>
   </example>
  </para>
 </refsect1>
</refentry>

<!-- Keep this comment at the end of the file
Local variables:
mode: sgml
sgml-omittag:t
sgml-shorttag:t
sgml-minimize-attributes:nil
sgml-always-quote-attributes:t
sgml-indent-step:1
sgml-indent-data:t
indent-tabs-mode:nil
sgml-parent-document:nil
sgml-default-dtd-file:"../../../../manual.ced"
sgml-exposed-tags:nil
sgml-local-catalogs:nil
sgml-local-ecat-files:nil
End:
vim600: syn=xml fen fdm=syntax fdl=2 si
vim: et tw=78 syn=sgml
vi: ts=1 sw=1
-->
