<?xml version="1.0" encoding="UTF-8"?>
<!-- $Revision: 3827 $ -->
<refentry id="api.get.registered.object">
 <refnamediv>
  <refname>getRegisteredObject()</refname>
  <refpurpose>获取已注册对象</refpurpose>
 </refnamediv>
 <refsect1>
  <title>说明</title>
  <methodsynopsis>
   <type>array</type><methodname>getRegisteredObject</methodname>
   <methodparam><type>string</type><parameter>object_name</parameter></methodparam>
  </methodsynopsis>
  <para>
  该函数可以很方便地在自定义函数中获取一个<link linkend="api.register.object">注册对象</link>。详情参见
   <link linkend="advanced.features.objects">对象</link>。
  </para>
  <example>
   <title>getRegisteredObject()</title>
   <programlisting role="php">
<![CDATA[
<?php
function smarty_block_foo($params, $smarty)
{
  if (isset($params['object'])) {
    // 获取已注册对象
    $obj_ref = $smarty->getRegisteredObject($params['object']);
    // 现在可通过 $obj_ref 来操作对象
  }
}
?>
]]>
   </programlisting>
  </example>
  <para>
  参见
  <link linkend="api.register.object"><varname>registerObject()</varname></link>,
  <link linkend="api.unregister.object"><varname>unregisterObject()</varname></link>
  和
  <link linkend="advanced.features.objects">对象</link>
  </para>
 </refsect1>
</refentry>
<!-- Keep this comment at the end of the file
Local variables:
mode: sgml
sgml-omittag:t
sgml-shorttag:t
sgml-minimize-attributes:nil
sgml-always-quote-attributes:t
sgml-indent-step:1
sgml-indent-data:t
indent-tabs-mode:nil
sgml-parent-document:nil
sgml-default-dtd-file:"../../../../manual.ced"
sgml-exposed-tags:nil
sgml-local-catalogs:nil
sgml-local-ecat-files:nil
End:
vim600: syn=xml fen fdm=syntax fdl=2 si
vim: et tw=78 syn=sgml
vi: ts=1 sw=1
-->
