<?xml version="1.0" encoding="UTF-8"?>
<!-- $Revision: 4278 $ -->
<refentry id="api.unregister.resource">
 <refnamediv>
  <refname>unregisterResource()</refname>
  <refpurpose>注销资源</refpurpose>
 </refnamediv>
 <refsect1>
  <title>说明</title>
  <methodsynopsis>
   <type>void</type><methodname>unregisterResource</methodname>
   <methodparam><type>string</type><parameter>name</parameter></methodparam>
  </methodsynopsis>
  <para>
  传递资源的名称<parameter>name</parameter>。
  </para>
  <example>
   <title>unregisterResource()</title>
<programlisting role="php">
<![CDATA[
<?php

$smarty->unregisterResource('db');

?>
]]>
   </programlisting>
  </example>

 <para>
参见
 <link linkend="api.register.resource">
 <varname>registerResource()</varname></link>
 和
 <link linkend="resources">资源</link>
</para>

 </refsect1>
</refentry>
<!-- Keep this comment at the end of the file
Local variables:
mode: sgml
sgml-omittag:t
sgml-shorttag:t
sgml-minimize-attributes:nil
sgml-always-quote-attributes:t
sgml-indent-step:1
sgml-indent-data:t
indent-tabs-mode:nil
sgml-parent-document:nil
sgml-default-dtd-file:"../../../../manual.ced"
sgml-exposed-tags:nil
sgml-local-catalogs:nil
sgml-local-ecat-files:nil
End:
vim600: syn=xml fen fdm=syntax fdl=2 si
vim: et tw=78 syn=sgml
vi: ts=1 sw=1
-->
