<?xml version="1.0" encoding="UTF-8"?>
<!-- $Revision: 3827 $ -->
<refentry id="api.clear.all.assign">
 <refnamediv>
  <refname>clearAllAssign()</refname>
  <refpurpose>清除全部赋值</refpurpose>
 </refnamediv>
 <refsect1>
  <title>说明</title>
  <methodsynopsis>
   <type>void</type><methodname>clearAllAssign</methodname>
   <void />
  </methodsynopsis>
  <example>
   <title>clearAllAssign()</title>
   <programlisting role="php">
<![CDATA[
<?php
// 传递键值对
$smarty->assign('Name', 'Fred');
$smarty->assign('Address', $address);

// 显示上面的值
print_r( $smarty->getTemplateVars() );

// 清除全部的值
$smarty->clearAllAssign();

// 什么也不显示
print_r( $smarty->getTemplateVars() );

?>
]]>
   </programlisting>
  </example>
  <para>
  参见
  <link linkend="api.clear.assign"><varname>clearAssign()</varname></link>,
  <link linkend="api.clear.config"><varname>clearConfig()</varname></link>,
  <link linkend="api.get.template.vars"><varname>getTemplateVars()</varname></link>,
  <link linkend="api.assign"><varname>assign()</varname></link>
  和 <link linkend="api.append"><varname>append()</varname></link>
  </para>
 </refsect1>
</refentry>
<!-- Keep this comment at the end of the file
Local variables:
mode: sgml
sgml-omittag:t
sgml-shorttag:t
sgml-minimize-attributes:nil
sgml-always-quote-attributes:t
sgml-indent-step:1
sgml-indent-data:t
indent-tabs-mode:nil
sgml-parent-document:nil
sgml-default-dtd-file:"../../../../manual.ced"
sgml-exposed-tags:nil
sgml-local-catalogs:nil
sgml-local-ecat-files:nil
End:
vim600: syn=xml fen fdm=syntax fdl=2 si
vim: et tw=78 syn=sgml
vi: ts=1 sw=1
-->

