<?xml version="1.0" encoding="UTF-8"?>
<!-- $Revision: 3827 $ -->
<refentry id="api.load.filter">
 <refnamediv>
  <refname>loadFilter()</refname>
  <refpurpose>载入过滤插件</refpurpose>
 </refnamediv>
 <refsect1>
  <title>说明</title>
  <methodsynopsis>
   <type>void</type><methodname>loadFilter</methodname>
   <methodparam><type>string</type><parameter>type</parameter></methodparam>
   <methodparam><type>string</type><parameter>name</parameter></methodparam>
  </methodsynopsis>
  <para>
  第一个参数代表过滤器的类型，取值应当是<literal>pre</literal>、<literal>post</literal>或者
   <literal>output</literal>之一。
   第二个参数<parameter>name</parameter> 设定过滤器的名称。
  </para>
  <example>
   <title>载入过滤插件</title>
   <programlisting role="php">
<![CDATA[
<?php

// 载入名为'trim'的前置过滤器
$smarty->loadFilter('pre', 'trim');

// 载入另一个名为'datefooter'的前置过滤器
$smarty->loadFilter('pre', 'datefooter');

// 载入名为'compress'的输出过滤器
$smarty->loadFilter('output', 'compress');

?>
]]>
   </programlisting>
  </example>
  <para>
  参见
  <link linkend="api.register.filter"><varname>registerFilter()</varname></link>,
  <link linkend="variable.autoload.filters"><parameter>$autoload_filters</parameter></link>
  和
  <link linkend="advanced.features">高级特性</link>.
  </para>
 </refsect1>
</refentry>
<!-- Keep this comment at the end of the file
Local variables:
mode: sgml
sgml-omittag:t
sgml-shorttag:t
sgml-minimize-attributes:nil
sgml-always-quote-attributes:t
sgml-indent-step:1
sgml-indent-data:t
indent-tabs-mode:nil
sgml-parent-document:nil
sgml-default-dtd-file:"../../../../manual.ced"
sgml-exposed-tags:nil
sgml-local-catalogs:nil
sgml-local-ecat-files:nil
End:
vim600: syn=xml fen fdm=syntax fdl=2 si
vim: et tw=78 syn=sgml
vi: ts=1 sw=1
-->
