<?xml version="1.0" encoding="UTF-8"?>
<!-- $Revision: 3827 $ -->
<refentry id="api.enable.security">
 <refnamediv>
  <refname>enableSecurity()</refname>
  <refpurpose>开启安全检查</refpurpose>
 </refnamediv>
 <refsect1>
  <title>说明</title>
  <methodsynopsis>
   <type>string</type><methodname>enableSecurity</methodname>
   <methodparam choice="opt"><type>string</type><parameter>securityclass</parameter></methodparam>
  </methodsynopsis>
  <methodsynopsis>
   <type>string</type><methodname>enableSecurity</methodname>
   <methodparam choice="opt"><type>object</type><parameter>securityobject</parameter></methodparam>
  </methodsynopsis>
  <methodsynopsis>
   <type>string</type><methodname>enableSecurity</methodname>
   <void />
  </methodsynopsis>
  <para>
  开启模板的安全检查。
  参数如下：
    <itemizedlist>
     <listitem>
      <para>
       <parameter>securityclass</parameter>可选，安全机制中设定的类。
      </para>
     </listitem>
     <listitem>
      <para>
       <parameter>securityobject</parameter>可选，安全机制中设定的对象。
      </para>
     </listitem>
    </itemizedlist>
  </para>
  <para>
  关于安全机制，详细请参见<link linkend="advanced.features.security">安全</link>。
  </para>

  <para>
   参见
   <link linkend="api.disable.security"><varname>disableSecurity()</varname></link>,
    和
   <link linkend="advanced.features.security">安全</link>.
  </para>
 </refsect1>
</refentry>

<!-- Keep this comment at the end of the file
Local variables:
mode: sgml
sgml-omittag:t
sgml-shorttag:t
sgml-minimize-attributes:nil
sgml-always-quote-attributes:t
sgml-indent-step:1
sgml-indent-data:t
indent-tabs-mode:nil
sgml-parent-document:nil
sgml-default-dtd-file:"../../../../manual.ced"
sgml-exposed-tags:nil
sgml-local-catalogs:nil
sgml-local-ecat-files:nil
End:
vim600: syn=xml fen fdm=syntax fdl=2 si
vim: et tw=78 syn=sgml
vi: ts=1 sw=1
-->
