<?xml version="1.0" encoding="UTF-8"?>
<!-- $Revision: 3827 $ -->
<refentry id="api.add.plugins.dir">
 <refnamediv>
  <refname>addPluginsDir()</refname>
  <refpurpose>增加一个插件目录</refpurpose>
 </refnamediv>
 <refsect1>
  <title>说明</title>
  <methodsynopsis>
   <type>Smarty</type><methodname>addPluginsDir</methodname>
   <methodparam><type>string|array</type><parameter>plugins_dir</parameter></methodparam>
  </methodsynopsis>
  <example>
   <title>addPluginsDir()</title>
   <programlisting role="php">
<![CDATA[
<?php

// 增加一个插件目录
$smarty->addPluginsDir('./plugins_1');

// 增加多个插件目录
$smarty->setPluginsDir(array(
    './plugins_2',
    './plugins_3',
));

// 显示全部的插件目录
var_dump($smarty->getPluginsDir());

// 方法连用
$smarty->setPluginsDir('./plugins')
       ->addPluginsDir('./plugins_1')
       ->addPluginsDir('./plugins_2');

?>
]]>
   </programlisting>
  </example>
  <para>
   参见
   <link linkend="api.get.plugins.dir"><varname>getPluginsDir()</varname></link>,
   <link linkend="api.set.plugins.dir"><varname>setPluginsDir()</varname></link> 和
   <link linkend="variable.plugins.dir"><parameter>$plugins_dir</parameter></link>.
  </para>
 </refsect1>
</refentry>
<!-- Keep this comment at the end of the file
Local variables:
mode: sgml
sgml-omittag:t
sgml-shorttag:t
sgml-minimize-attributes:nil
sgml-always-quote-attributes:t
sgml-indent-step:1
sgml-indent-data:t
indent-tabs-mode:nil
sgml-parent-document:nil
sgml-default-dtd-file:"../../../../manual.ced"
sgml-exposed-tags:nil
sgml-local-catalogs:nil
sgml-local-ecat-files:nil
End:
vim600: syn=xml fen fdm=syntax fdl=2 si
vim: et tw=78 syn=sgml
vi: ts=1 sw=1
-->
