<?xml version="1.0" encoding="UTF-8"?>
<!-- $Revision: 3827 $ -->
<refentry id="api.clear.assign">
 <refnamediv>
  <refname>clearAssign()</refname>
  <refpurpose>清除赋值</refpurpose>
 </refnamediv>
 <refsect1>
  <title>说明</title>
  <methodsynopsis>
   <type>void</type><methodname>clearAssign</methodname>
   <methodparam><type>mixed</type><parameter>var</parameter></methodparam>
  </methodsynopsis>
  <para>
可以指定一个单独的值，或是一个数组。
  </para>
  <example>
   <title>clearAssign()</title>
   <programlisting role="php">
<![CDATA[
<?php
// 清除一个值
$smarty->clearAssign('Name');

// 清除多个值
$smarty->clearAssign(array('Name', 'Address', 'Zip'));
?>
]]>
   </programlisting>
  </example>
  <para>
    参见
    <link linkend="api.clear.all.assign"><varname>clearAllAssign()</varname></link>,
    <link linkend="api.clear.config"><varname>clearConfig()</varname></link>,
    <link linkend="api.get.template.vars"><varname>getTemplateVars()</varname></link>,
    <link linkend="api.assign"><varname>assign()</varname></link>
    和 <link linkend="api.append"><varname>append()</varname></link>
  </para>
 </refsect1>
</refentry>
<!-- Keep this comment at the end of the file
Local variables:
mode: sgml
sgml-omittag:t
sgml-shorttag:t
sgml-minimize-attributes:nil
sgml-always-quote-attributes:t
sgml-indent-step:1
sgml-indent-data:t
indent-tabs-mode:nil
sgml-parent-document:nil
sgml-default-dtd-file:"../../../../manual.ced"
sgml-exposed-tags:nil
sgml-local-catalogs:nil
sgml-local-ecat-files:nil
End:
vim600: syn=xml fen fdm=syntax fdl=2 si
vim: et tw=78 syn=sgml
vi: ts=1 sw=1
-->
