<?xml version="1.0" encoding="UTF-8"?>
<!-- $Revision: 3827 $ -->
<refentry id="api.clear.all.cache">
 <refnamediv>
  <refname>clearAllCache()</refname>
  <refpurpose>清除全部缓存</refpurpose>
 </refnamediv>
 <refsect1>
  <title>说明</title>
  <methodsynopsis>
   <type>void</type><methodname>clearAllCache</methodname>
   <methodparam choice="opt"><type>int</type><parameter>expire_time</parameter></methodparam>
  </methodsynopsis>
  <para>
	参数提供了一个最小时间，在这时间到来之前，全部缓存将会被清除。
  </para>
  <example>
   <title>clearAllCache</title>
   <programlisting role="php">
<![CDATA[
<?php
// 清除全部缓存
$smarty->clearAllCache();

// 一个小时内清除全部缓存
$smarty->clearAllCache(3600);
?>
]]>
   </programlisting>
  </example>
  <para>
  参见
  <link linkend="api.clear.cache"><varname>clearCache()</varname></link>,
  <link linkend="api.is.cached"><varname>isCached()</varname></link>
  和
  <link linkend="caching">缓存</link>。
  </para>
 </refsect1>
</refentry>
<!-- Keep this comment at the end of the file
Local variables:
mode: sgml
sgml-omittag:t
sgml-shorttag:t
sgml-minimize-attributes:nil
sgml-always-quote-attributes:t
sgml-indent-step:1
sgml-indent-data:t
indent-tabs-mode:nil
sgml-parent-document:nil
sgml-default-dtd-file:"../../../../manual.ced"
sgml-exposed-tags:nil
sgml-local-catalogs:nil
sgml-local-ecat-files:nil
End:
vim600: syn=xml fen fdm=syntax fdl=2 si
vim: et tw=78 syn=sgml
vi: ts=1 sw=1
-->
