<?xml version="1.0" encoding="UTF-8"?>
<!-- $Revision: 3827 $ -->
<refentry id="api.config.load">
 <refnamediv>
  <refname>configLoad()</refname>
  <refpurpose>载入预配置的变量</refpurpose>
 </refnamediv>
 <refsect1>
  <title>说明</title>
  <methodsynopsis>
   <type>void</type><methodname>configLoad</methodname>
   <methodparam><type>string</type><parameter>file</parameter></methodparam>
   <methodparam choice="opt"><type>string</type><parameter>section</parameter></methodparam>
  </methodsynopsis>
  <para>
  该函数将从<link linkend="config.files">文件</link>中载入预配置的变量，功能等同<link linkend="language.function.config.load"><varname>{config_load}</varname></link>函数。
  </para>
  <note>
   <title>技术说明</title>
   <para>
    从Smarty 2.4.0开始，当程序调用<link linkend="api.fetch"><varname>fetch()</varname></link>
    和 <link linkend="api.display"><varname>display()</varname></link>的时候，预配置文件才会被载入并赋值，同时
    <varname>configLoad()</varname>加载的变量总是全局的变量。
    如果希望更快速地载入预配置变量，请开启<link linkend="variable.force.compile">
    <parameter>$force_compile</parameter></link> 和
    <link linkend="variable.compile.check">
    <parameter>$compile_check</parameter></link>配置。
   </para>
  </note>
  <example>
   <title>configLoad()</title>
   <programlisting role="php">
<![CDATA[
<?php
// 载入文件中预配置的变量
$smarty->configLoad('my.conf');

// 载入部分变量
$smarty->configLoad('my.conf', 'foobar');
?>
]]>
   </programlisting>
  </example>
  <para>
  参见
  <link linkend="language.function.config.load"><varname>{config_load}</varname></link>,
  <link linkend="api.get.config.vars"><varname>getConfigVars()</varname></link>,
  <link linkend="api.clear.config"><varname>clearConfig()</varname></link>,
  和
  <link linkend="language.config.variables"><varname>预配置变量</varname></link>
  </para>
 </refsect1>
</refentry>
<!-- Keep this comment at the end of the file
Local variables:
mode: sgml
sgml-omittag:t
sgml-shorttag:t
sgml-minimize-attributes:nil
sgml-always-quote-attributes:t
sgml-indent-step:1
sgml-indent-data:t
indent-tabs-mode:nil
sgml-parent-document:nil
sgml-default-dtd-file:"../../../../manual.ced"
sgml-exposed-tags:nil
sgml-local-catalogs:nil
sgml-local-ecat-files:nil
End:
vim600: syn=xml fen fdm=syntax fdl=2 si
vim: et tw=78 syn=sgml
vi: ts=1 sw=1
-->
