<?xml version="1.0" encoding="UTF-8"?>
<!-- $Revision: 3827 $ -->
<refentry id="api.get.tags">
 <refnamediv>
  <refname>getTags()</refname>
  <refpurpose>取得模板标签</refpurpose>
 </refnamediv>
 <refsect1>
  <title>说明</title>
  <methodsynopsis>
   <type>string</type><methodname>getTags</methodname>
   <methodparam><type>object</type><parameter>template</parameter></methodparam>
  </methodsynopsis>
   <para>
   该函数将返回模板内全部的标签名/值。
  参数如下：
    <itemizedlist>
     <listitem>
      <para>
       <parameter>template</parameter> 模板对象
      </para>
     </listitem>
   </itemizedlist>
  </para>
  <note><para>
   该函数是实验性的！
  </para></note>
  <para>
   <example>
    <title>getTags()</title>
    <programlisting role="php">
<![CDATA[
<?php
include('Smarty.class.php');
$smarty = new Smarty;

// 创建模板对象
$tpl = $smarty->createTemplate('index.tpl');

// 取得标签
$tags = $smarty->getTags($tpl);

print_r($tags);

?>
]]>
    </programlisting>
   </example>
  </para>
 </refsect1>
</refentry>

<!-- Keep this comment at the end of the file
Local variables:
mode: sgml
sgml-omittag:t
sgml-shorttag:t
sgml-minimize-attributes:nil
sgml-always-quote-attributes:t
sgml-indent-step:1
sgml-indent-data:t
indent-tabs-mode:nil
sgml-parent-document:nil
sgml-default-dtd-file:"../../../../manual.ced"
sgml-exposed-tags:nil
sgml-local-catalogs:nil
sgml-local-ecat-files:nil
End:
vim600: syn=xml fen fdm=syntax fdl=2 si
vim: et tw=78 syn=sgml
vi: ts=1 sw=1
-->
