<?xml version="1.0" encoding="UTF-8"?>
<!-- $Revision: 3827 $ -->
<refentry id="api.set.cache.dir">
 <refnamediv>
  <refname>setCacheDir()</refname>
  <refpurpose>设置缓存目录</refpurpose>
 </refnamediv>
 <refsect1>
  <title>说明</title>
  <methodsynopsis>
   <type>Smarty</type><methodname>setCacheDir</methodname>
   <methodparam><type>string</type><parameter>cache_dir</parameter></methodparam>
  </methodsynopsis>
  <example>
   <title>setCacheDir()</title>
   <programlisting role="php">
<![CDATA[
<?php

// 设置缓存目录
$smarty->setCacheDir('./cache');

// 方法连用
$smarty->setTemplateDir('./templates')
       ->setCompileDir('./templates_c')
       ->setCacheDir('./cache');

?>
]]>
   </programlisting>
  </example>
  <para>
   参见
   <link linkend="api.get.cache.dir"><varname>getCacheDir()</varname></link> 和
   <link linkend="variable.cache.dir"><parameter>$cache_dir</parameter></link>.
  </para>
 </refsect1>
</refentry>
<!-- Keep this comment at the end of the file
Local variables:
mode: sgml
sgml-omittag:t
sgml-shorttag:t
sgml-minimize-attributes:nil
sgml-always-quote-attributes:t
sgml-indent-step:1
sgml-indent-data:t
indent-tabs-mode:nil
sgml-parent-document:nil
sgml-default-dtd-file:"../../../../manual.ced"
sgml-exposed-tags:nil
sgml-local-catalogs:nil
sgml-local-ecat-files:nil
End:
vim600: syn=xml fen fdm=syntax fdl=2 si
vim: et tw=78 syn=sgml
vi: ts=1 sw=1
-->
