<?xml version="1.0" encoding="UTF-8"?>
<!-- $Revision: 4396 $ -->
<refentry id="api.create.template">
 <refnamediv>
  <refname>createTemplate()</refname>
  <refpurpose>创建模板对象</refpurpose>
 </refnamediv>
 <refsect1>
  <title>说明</title>
  <methodsynopsis>
   <type>Smarty_Internal_Template</type><methodname>createTemplate</methodname>
   <methodparam><type>string</type><parameter>template</parameter></methodparam>
   <methodparam choice="opt"><type>object</type><parameter>parent</parameter></methodparam>
  </methodsynopsis>
  <methodsynopsis>
    <type>Smarty_Internal_Template</type><methodname>createTemplate</methodname>
    <methodparam><type>string</type><parameter>template</parameter></methodparam>
    <methodparam choice="opt"><type>array</type><parameter>data</parameter></methodparam>
   </methodsynopsis>
   <methodsynopsis>
    <type>Smarty_Internal_Template</type><methodname>createTemplate</methodname>
    <methodparam><type>string</type><parameter>template</parameter></methodparam>
    <methodparam choice="opt"><type>string</type><parameter>cache_id</parameter></methodparam>
    <methodparam choice="opt"><type>string</type><parameter>compile_id</parameter></methodparam>
    <methodparam choice="opt"><type>object</type><parameter>parent</parameter></methodparam>
   </methodsynopsis>
   <methodsynopsis>
    <type>Smarty_Internal_Template</type><methodname>createTemplate</methodname>
    <methodparam><type>string</type><parameter>template</parameter></methodparam>
    <methodparam choice="opt"><type>string</type><parameter>cache_id</parameter></methodparam>
    <methodparam choice="opt"><type>string</type><parameter>compile_id</parameter></methodparam>
    <methodparam choice="opt"><type>array</type><parameter>data</parameter></methodparam>
   </methodsynopsis>
   <para>
   创建一个模板对象，可以让<link linkend="api.display">display</link>或者<link linkend="api.fetch">fetch</link>来使用。
    参数如下：
    <itemizedlist>
     <listitem>
      <para>
       <parameter>template</parameter>必须是 
       <link linkend="resources">模板资源</link>类型和路径。
      </para>
     </listitem>
     &parameter.cacheid;
     &parameter.compileid2;     
     &parameter.parent;     
     &parameter.data;     
    </itemizedlist>
  </para>

  <para>
   <example>
    <title>createTemplate()</title>
    <programlisting role="php">
<![CDATA[
<?php
include('Smarty.class.php');
$smarty = new Smarty;

// 创建模板对象
$tpl = $smarty->createTemplate('index.tpl');

// 赋值
$tpl->assign('foo','bar');

// 显示模板
$tpl->display();
?>
]]>
    </programlisting>
   </example>
  </para>

  <para>
   参见
   <link linkend="api.display"><varname>display()</varname></link>,
    和
   <link linkend="api.template.exists"><varname>templateExists()</varname></link>.
  </para>
 </refsect1>
</refentry>

<!-- Keep this comment at the end of the file
Local variables:
mode: sgml
sgml-omittag:t
sgml-shorttag:t
sgml-minimize-attributes:nil
sgml-always-quote-attributes:t
sgml-indent-step:1
sgml-indent-data:t
indent-tabs-mode:nil
sgml-parent-document:nil
sgml-default-dtd-file:"../../../../manual.ced"
sgml-exposed-tags:nil
sgml-local-catalogs:nil
sgml-local-ecat-files:nil
End:
vim600: syn=xml fen fdm=syntax fdl=2 si
vim: et tw=78 syn=sgml
vi: ts=1 sw=1
-->
