<?xml version="1.0" encoding="UTF-8"?>
<!-- $Revision: 4278 $ -->
  <chapter id="api.variables">
   <title>Smarty成员变量</title>

   <para>
   这里都是Smarty可用的成员变量。
   你可以直接存取它们，或者使用相应的setter/getter方法。
   </para>

<note><para>
全部成员变量都有setter/getter的魔术方法。
和变量格式不一样的是，setter/getter方法都是用驼峰命名法。
例如，你可以使用$smarty-&gt;setTemplateDir($dir) 和 $dir = $smarty-&gt;getTemplateDir()
 来存和取$smarty-&gt;template_dir变量。
</para></note>
 <note><para>
    参见<link linkend="advanced.features.template.settings"><varname>改变模板设置</varname></link>
	来了解如何在模板中改变这些变量。
 </para></note>

&programmers.api-variables.variable-allow-php-templates;
&programmers.api-variables.variable-auto-literal;
&programmers.api-variables.variable-autoload-filters;
&programmers.api-variables.variable-cache-dir;
&programmers.api-variables.variable-cache-id;
&programmers.api-variables.variable-cache-lifetime;
&programmers.api-variables.variable-cache-locking;
&programmers.api-variables.variable-cache-modified-check;
&programmers.api-variables.variable-caching;
&programmers.api-variables.variable-caching-type;
&programmers.api-variables.variable-compile-check;
&programmers.api-variables.variable-compile-dir;
&programmers.api-variables.variable-compile-id;
&programmers.api-variables.variable-compile-locking;
&programmers.api-variables.variable-compiler-class;
&programmers.api-variables.variable-config-booleanize;
&programmers.api-variables.variable-config-dir;
&programmers.api-variables.variable-config-overwrite;
&programmers.api-variables.variable-config-read-hidden;
&programmers.api-variables.variable-debug-template;
&programmers.api-variables.variable-debugging;
&programmers.api-variables.variable-debugging-ctrl;
&programmers.api-variables.variable-default-config-type;
&programmers.api-variables.variable-default-modifiers;
&programmers.api-variables.variable-default-resource-type;
&programmers.api-variables.variable-default-config-handler-func;
&programmers.api-variables.variable-default-template-handler-func;
&programmers.api-variables.variable-direct-access-security;
&programmers.api-variables.variable-error-reporting;
&programmers.api-variables.variable-escape-html;
&programmers.api-variables.variable-force-cache;
&programmers.api-variables.variable-force-compile;
&programmers.api-variables.variable-left-delimiter;
&programmers.api-variables.variable-locking-timeout;
&programmers.api-variables.variable-merge-compiled-includes;
&programmers.api-variables.variable-php-handling;
&programmers.api-variables.variable-plugins-dir;
&programmers.api-variables.variable-right-delimiter;
&programmers.api-variables.variable-smarty-debug-id;
&programmers.api-variables.variable-template-dir;
&programmers.api-variables.variable-trusted-dir;
&programmers.api-variables.variable-use-include-path;
&programmers.api-variables.variable-use-sub-dirs;
</chapter>
<!-- Keep this comment at the end of the file
Local variables:
mode: sgml
sgml-omittag:t
sgml-shorttag:t
sgml-minimize-attributes:nil
sgml-always-quote-attributes:t
sgml-indent-step:1
sgml-indent-data:t
indent-tabs-mode:nil
sgml-parent-document:nil
sgml-default-dtd-file:"../../../../manual.ced"
sgml-exposed-tags:nil
sgml-local-catalogs:nil
sgml-local-ecat-files:nil
End:
vim600: syn=xml fen fdm=syntax fdl=2 si
vim: et tw=78 syn=sgml
vi: ts=1 sw=1
-->
