<?xml version="1.0" encoding="UTF-8"?>
<!-- $Revision: 4335 $ -->
   <chapter id="api.functions">
     <title>Smarty成员方法</title>
 <note><para>
    参见<link linkend="advanced.features.template.settings"><varname>改变模板设置</varname></link>
	来了解如何在模板中使用这些函数。
 </para></note>
&programmers.api-functions.api-add-config-dir;
&programmers.api-functions.api-add-plugins-dir;
&programmers.api-functions.api-add-template-dir;
&programmers.api-functions.api-append;
&programmers.api-functions.api-append-by-ref;
&programmers.api-functions.api-assign;
&programmers.api-functions.api-assign-by-ref;
&programmers.api-functions.api-clear-all-assign;
&programmers.api-functions.api-clear-all-cache;
&programmers.api-functions.api-clear-assign;
&programmers.api-functions.api-clear-cache;
&programmers.api-functions.api-clear-compiled-tpl;
&programmers.api-functions.api-clear-config;
&programmers.api-functions.api-compile-all-config;
&programmers.api-functions.api-compile-all-templates;
&programmers.api-functions.api-config-load;
&programmers.api-functions.api-create-data;
&programmers.api-functions.api-create-template;
&programmers.api-functions.api-disable-security;
&programmers.api-functions.api-display;
&programmers.api-functions.api-enable-security;
&programmers.api-functions.api-fetch;
&programmers.api-functions.api-get-cache-dir;
&programmers.api-functions.api-get-compile-dir;
&programmers.api-functions.api-get-config-dir;
&programmers.api-functions.api-get-config-vars;
&programmers.api-functions.api-get-plugins-dir;
&programmers.api-functions.api-get-registered-object;
&programmers.api-functions.api-get-tags;
&programmers.api-functions.api-get-template-dir;
&programmers.api-functions.api-get-template-vars;
&programmers.api-functions.api-is-cached;
&programmers.api-functions.api-load-filter;
&programmers.api-functions.api-mute-expected-errors;
&programmers.api-functions.api-register-cacheresource;
&programmers.api-functions.api-register-class;
&programmers.api-functions.api-register-default-plugin-handler;
&programmers.api-functions.api-register-filter;
&programmers.api-functions.api-register-plugin;
&programmers.api-functions.api-register-object;
&programmers.api-functions.api-register-resource;
&programmers.api-functions.api-set-cache-dir;
&programmers.api-functions.api-set-compile-dir;
&programmers.api-functions.api-set-config-dir;
&programmers.api-functions.api-set-plugins-dir;
&programmers.api-functions.api-set-template-dir;
&programmers.api-functions.api-template-exists;
&programmers.api-functions.api-unregister-cacheresource;
&programmers.api-functions.api-unregister-filter;
&programmers.api-functions.api-unregister-plugin;
&programmers.api-functions.api-unregister-object;
&programmers.api-functions.api-unregister-resource;
&programmers.api-functions.api-test-install;

</chapter>
<!-- Keep this comment at the end of the file
Local variables:
mode: sgml
sgml-omittag:t
sgml-shorttag:t
sgml-minimize-attributes:nil
sgml-always-quote-attributes:t
sgml-indent-step:1
sgml-indent-data:t
indent-tabs-mode:nil
sgml-parent-document:nil
sgml-default-dtd-file:"../../../../manual.ced"
sgml-exposed-tags:nil
sgml-local-catalogs:nil
sgml-local-ecat-files:nil
End:
vim600: syn=xml fen fdm=syntax fdl=2 si
vim: et tw=78 syn=sgml
vi: ts=1 sw=1
-->
