<?xml version="1.0" encoding="UTF-8"?>
<!-- $Revision: 3827 $ -->
<chapter id="bc">
<title>SmartyBC - 向前兼容的类库</title>

<sect1 id="bc.class">
 <title>SmartyBC 类</title>
 <para>
  TODO: SmartyBC
  
  allows: {php} and {include_php}
 </para>

 <example>
  <title>使用SmartyBC</title>
  <programlisting role="php">
<![CDATA[
<?php
// 原应使用
require_once('path/to/smarty/libs/Smarty.class.php');
$smarty = new Smarty();

// 兼容而使用
require_once('path/to/smarty/libs/SmartyBC.class.php');
$smarty = new SmartyBC();
?>
]]>
  </programlisting>
 </example>
</sect1>

</chapter>
<!-- Keep this comment at the end of the file
Local variables:
mode: sgml
sgml-omittag:t
sgml-shorttag:t
sgml-minimize-attributes:nil
sgml-always-quote-attributes:t
sgml-indent-step:1
sgml-indent-data:t
indent-tabs-mode:nil
sgml-parent-document:nil
sgml-default-dtd-file:"../../../../manual.ced"
sgml-exposed-tags:nil
sgml-local-catalogs:nil
sgml-local-ecat-files:nil
End:
vim600: syn=xml fen fdm=syntax fdl=2 si
vim: et tw=78 syn=sgml
vi: ts=1 sw=1
-->
