<?xml version="1.0" encoding="UTF-8"?>
<!-- $Revision: 4278 $ -->
  <chapter id="caching">
   <title>缓存</title>
   <para>
   通过将输出内容保存到文件内，缓存机制可以用来加速
   <link
   linkend="api.display"><varname>display()</varname></link> 或者<link
   linkend="api.fetch"><varname>fetch()</varname></link>的执行。
   如果缓存被开启，那么显示时缓存的输出将替代重新生成显示内容的操作。
   缓存可以极大提高程序的执行速度，尤其当模板需要很长的计算时间的情况下。
   当<link linkend="api.display"><varname>display()</varname></link> 或者
   <link linkend="api.fetch"><varname>fetch()</varname></link>开启缓存，
   Smarty将生成对应的缓存文件，缓存文件包含了多个模板文件的内容，配置文件内容等等。
   </para>
   <para>
   当页面是动态的内容，那么必须谨慎考虑你的缓存和缓存时间。
   比如说，你的网站首页通常不会更新得太快，那么可以将其缓存一个小时或者更多，以便加速其显示。
   从另一方面讲，如果你的页面上有按秒来显示新内容的功能，那么该页面就不应该被缓存。
   </para>
&programmers.caching.caching-setting-up;
&programmers.caching.caching-multiple-caches;
&programmers.caching.caching-groups;
&programmers.caching.caching-cacheable;
&programmers.caching.caching-custom;
</chapter>
<!-- Keep this comment at the end of the file
Local variables:
mode: sgml
sgml-omittag:t
sgml-shorttag:t
sgml-minimize-attributes:nil
sgml-always-quote-attributes:t
sgml-indent-step:1
sgml-indent-data:t
indent-tabs-mode:nil
sgml-parent-document:nil
sgml-default-dtd-file:"../../../../manual.ced"
sgml-exposed-tags:nil
sgml-local-catalogs:nil
sgml-local-ecat-files:nil
End:
vim600: syn=xml fen fdm=syntax fdl=2 si
vim: et tw=78 syn=sgml
vi: ts=1 sw=1
-->
