<?xml version="1.0" encoding="UTF-8"?>
<!-- $Revision: 3827 $ -->
<chapter id="charset">
<title>字符集编码</title>

<sect1 id="charset.encoding">
 <title>字符集编码</title>
 <para>
 有许多种文本数据的编码方式，ISO-8859-1 (Latin1) 和 UTF-8 是最常见的。
  除非明确声明<varname>SMARTY_RESOURCE_CHAR_SET</varname>使用的字符集，默认
  Smarty当遇到<ulink url="&url.php-manual;mbstring">多字节字符</ulink>情况
  会使用<literal>UTF-8</literal>作为内置的字符集，
  而当没有多字节字符情况下使用<literal>ISO-8859-1</literal>。
 </para>

 <note><para>
  <literal>ISO-8859-1</literal>从开始就是PHP内置的默认字符集。
  Unicode从1991年开始演变而来，而且逐渐替代了其他的字符集，因为其能对大多数已知的字符进行编码，
  而且做到了跨各种不同字符集的系统(latin, cyrillic, japanese, …)。
  <literal>UTF-8</literal>是unicode中使用的最多的编码，它可以用最小的尺寸提供成千上万的字符。
 </para><para>现在unicode和UTF-8已经非常流行了，所以强烈建议使用它们。</para></note>

 <note><para>
 从Smarty3.1开始，Smarty核心类和插件都被设计成兼容UTF-8的。
 要做到良好的兼容性，最好开启<ulink url="&url.php-manual;mbstring">多字节字符</ulink>的PECL库。
 除非PHP环境可以提供这个库，Smarty将不一定能完整兼容UTF-8。
 </para></note>

 <example>
  <title>设置字符集编码</title>
  <programlisting>
<![CDATA[
// 使用日文字符集编码
if (function_exists('mb_internal_charset')) {
  mb_internal_charset('EUC-JP');
}
define('SMARTY_RESOURCE_CHAR_SET', 'EUC-JP');
require_once 'libs/Smarty.class.php';
$smarty = new Smarty();
]]>  
 </programlisting>
 </example>

</sect1>
</chapter>
<!-- Keep this comment at the end of the file
Local variables:
mode: sgml
sgml-omittag:t
sgml-shorttag:t
sgml-minimize-attributes:nil
sgml-always-quote-attributes:t
sgml-indent-step:1
sgml-indent-data:t
indent-tabs-mode:nil
sgml-parent-document:nil
sgml-default-dtd-file:"../../../../manual.ced"
sgml-exposed-tags:nil
sgml-local-catalogs:nil
sgml-local-ecat-files:nil
End:
vim600: syn=xml fen fdm=syntax fdl=2 si
vim: et tw=78 syn=sgml
vi: ts=1 sw=1
-->
