<?xml version="1.0" encoding="UTF-8"?>
<!-- $Revision: 3827 $ -->
 <chapter id="plugins">
  <title>以插件扩展Smarty</title>
  <para>
  Smarty 2.0引入的插件架构，已经成为了Smarty最常使用的自定义功能了。
   插件包含了：
   <itemizedlist spacing="compact">
    <listitem><simpara>functions</simpara></listitem>
    <listitem><simpara>modifiers</simpara></listitem>
    <listitem><simpara>block functions</simpara></listitem>
    <listitem><simpara>compiler functions</simpara></listitem>
    <listitem><simpara>prefilters</simpara></listitem>
    <listitem><simpara>postfilters</simpara></listitem>
    <listitem><simpara>outputfilters</simpara></listitem>
    <listitem><simpara>resources</simpara></listitem>
    <listitem><simpara>inserts</simpara></listitem>
   </itemizedlist>
   除了资源插件以外，为了向上兼容还是保留了通过register_* API来注册插件的方式。
   如果你不是使用API方式而是使用直接修改<literal>$custom_funcs</literal>, <literal>$custom_mods</literal>等方式，那么你需要调整你的代码，改为通过API方式或
   转换成自定义插件。
  </para>
   
&programmers.plugins.plugins-howto;

&programmers.plugins.plugins-naming-conventions;

&programmers.plugins.plugins-writing;

&programmers.plugins.plugins-functions;

&programmers.plugins.plugins-modifiers;

&programmers.plugins.plugins-block-functions;

&programmers.plugins.plugins-compiler-functions;

&programmers.plugins.plugins-prefilters-postfilters;

&programmers.plugins.plugins-outputfilters;

&programmers.plugins.plugins-resources;

&programmers.plugins.plugins-inserts;
</chapter>
<!-- Keep this comment at the end of the file
Local variables:
mode: sgml
sgml-omittag:t
sgml-shorttag:t
sgml-minimize-attributes:nil
sgml-always-quote-attributes:t
sgml-indent-step:1
sgml-indent-data:t
indent-tabs-mode:nil
sgml-parent-document:nil
sgml-default-dtd-file:"../../../../manual.ced"
sgml-exposed-tags:nil
sgml-local-catalogs:nil
sgml-local-ecat-files:nil
End:
vim600: syn=xml fen fdm=syntax fdl=2 si
vim: et tw=78 syn=sgml
vi: ts=1 sw=1
-->
