<?xml version="1.0" encoding="UTF-8"?>
<!-- $Revision: 4197 $ -->
<chapter id="resources">
 <title>资源</title>
  <para>
  模板可以是各种不同的来源提供的。
  当你<link linkend="api.display"><varname>display()</varname></link> 或者
   <link linkend="api.fetch"><varname>fetch()</varname></link>一个模板，
   又或者当你包含一个模板到另一个模板中的时候，你需要提供一个资源类型、路径及模板名。
   如果没有明确指明资源类型，则将假定是使用
   <link linkend="variable.default.resource.type"><parameter>$default_resource_type</parameter></link>
   （默认是“file”）。
  </para>
&programmers.resources.resources-file;
&programmers.resources.resources-string;
&programmers.resources.resources-streams;
&programmers.resources.resources-extends;
&programmers.resources.resources-custom;
</chapter>
<!-- Keep this comment at the end of the file
Local variables:
mode: sgml
sgml-omittag:t
sgml-shorttag:t
sgml-minimize-attributes:nil
sgml-always-quote-attributes:t
sgml-indent-step:1
sgml-indent-data:t
indent-tabs-mode:nil
sgml-parent-document:nil
sgml-default-dtd-file:"../../../../manual.ced"
sgml-exposed-tags:nil
sgml-local-catalogs:nil
sgml-local-ecat-files:nil
End:
vim600: syn=xml fen fdm=syntax fdl=2 si
vim: et tw=78 syn=sgml
vi: ts=1 sw=1
-->
