<?xml version="1.0" encoding="UTF-8"?>
<!-- $Revision: 3827 $ -->
<chapter id="smarty.constants">
<title>常量</title>

<sect1 id="constant.smarty.dir">
  <title>SMARTY_DIR</title>
    <para>
	这是Smarty类文件的<emphasis role="bold">系统路径</emphasis>。
	如果在你的程序中没有明确定义，则Smarty将自动获取适当的路径。
    如果定义了该路径，那么路径<emphasis role="bold">必须以斜杠/结尾</emphasis>.
    </para>
    <example>
     <title>SMARTY_DIR</title>
     <programlisting role="php">
<![CDATA[
<?php
// 用 *nix 方式定义Smarty的路径
define('SMARTY_DIR', '/usr/local/lib/php/Smarty-v.e.r/libs/');

// 用 windows 方式定义Smarty的路径
define('SMARTY_DIR', 'c:/webroot/libs/Smarty-v.e.r/libs/');

// 包含Smarty类，注意'S'是大写的。
require_once(SMARTY_DIR . 'Smarty.class.php');
?>
]]>
     </programlisting>
    </example>
  <para>
  参考
  <link linkend="language.variables.smarty.const"><parameter>$smarty.const</parameter></link>
  和
  <link
  linkend="variable.php.handling"><parameter>$php_handling constants</parameter></link>
  </para>
</sect1>

</chapter>
<!-- Keep this comment at the end of the file
Local variables:
mode: sgml
sgml-omittag:t
sgml-shorttag:t
sgml-minimize-attributes:nil
sgml-always-quote-attributes:t
sgml-indent-step:1
sgml-indent-data:t
indent-tabs-mode:nil
sgml-parent-document:nil
sgml-default-dtd-file:"../../../../manual.ced"
sgml-exposed-tags:nil
sgml-local-catalogs:nil
sgml-local-ecat-files:nil
End:
vim600: syn=xml fen fdm=syntax fdl=2 si
vim: et tw=78 syn=sgml
vi: ts=1 sw=1
-->
