<?xml version="1.0" encoding="UTF-8"?>
<!-- $Revision: 3827 $ -->
<sect1 id="resources.extends">
 <title>扩展模板资源</title>
 <para>
 <literal>extends:</literal>扩展资源使用在定义父/子关系的模板继承中。
 详情参见<link linkend="advanced.features.template.inheritance">模板继承</link>。
 </para>
 <para>
 Smarty 3.1后，<literal>extends:</literal>资源可以使用任何类型的
 <link linkend="resources">资源</link>，
 包括<literal>string:</literal> 和 <literal>eval:</literal>。
 当使用<link linkend="resources.string">字符串资源</link>的时候，确保其已经被编码（URL编码或base64编码）。
 在继承链条中的<literal>eval:</literal>资源，
 “不保存编译文件”的特性将被<literal>extends:</literal>取代。
 继承链条中的多个模板不会分开编译，而是仅会生成一个单独的编译文件。
 </para>
 <note>
  <para>
  当需要继承的时候使用这个。
	当在PHP代码中使用继承，子模板的覆盖看起来不是很明显。
	如果可以选择，这是一个更灵活和直接的方式来处理模板继承。
  </para>
 </note>
 <example>
  <title>使用模板继承</title>
  <programlisting role="php">
<![CDATA[
<?php
$smarty->display('extends:parent.tpl|child.tpl|grandchild.tpl'); 

// 从多个模板资源中继承
$smarty->display('extends:db:parent.tpl|file:child.tpl|grandchild.tpl|eval:{block name="fooBazVar_"}hello world{/block}'); 
?>
]]>
  </programlisting>
 </example>
 <para>
  参见
  <link linkend="advanced.features.template.inheritance">模板继承</link>
  <link linkend="language.function.block"><varname>{block}</varname></link> 和
  <link linkend="language.function.extends"><varname>{extends}</varname></link>.
  </para>
</sect1>

<!-- Keep this comment at the end of the file
Local variables:
mode: sgml
sgml-omittag:t
sgml-shorttag:t
sgml-minimize-attributes:nil
sgml-always-quote-attributes:t
sgml-indent-step:1
sgml-indent-data:t
indent-tabs-mode:nil
sgml-parent-document:nil
sgml-default-dtd-file:"../../../../manual.ced"
sgml-exposed-tags:nil
sgml-local-catalogs:nil
sgml-local-ecat-files:nil
End:
vim600: syn=xml fen fdm=syntax fdl=2 si
vim: et tw=78 syn=sgml
vi: ts=1 sw=1
-->
