<?xml version="1.0" encoding="UTF-8"?>
<!-- $Revision: 3827 $ -->
<sect1 id="resources.streams">
 <title>数据流资源</title>
 <para>
 可以将PHP的数据流作为一种模板资源。
 使用数据流和使用传统的资源类型差不多。
  </para>
  <para>
  Smarty会先寻找已注册的模板资源，如果找不到，
  则会检查该PHP数据流是否可用。
  如果PHP数据流可用，则通过数据流获取模板。
    <note><para>你可以进一步定义数据流的安全机制。</para></note>
  </para>
  <example>
   <title>PHP数据流</title>
   <para>display()函数使用了一个PHP数据流</para>
   <programlisting>
 <![CDATA[
 $smarty->display('foo:bar.tpl');
 ]]>
   </programlisting>
 </example>
 <example>
   <title>模板中使用</title>
    <para>在模板中使用PHP数据流</para>
    <programlisting>
 <![CDATA[
 {include file="foo:bar.tpl"}
 ]]>
   </programlisting>
 </example>
</sect1>

<!-- Keep this comment at the end of the file
Local variables:
mode: sgml
sgml-omittag:t
sgml-shorttag:t
sgml-minimize-attributes:nil
sgml-always-quote-attributes:t
sgml-indent-step:1
sgml-indent-data:t
indent-tabs-mode:nil
sgml-parent-document:nil
sgml-default-dtd-file:"../../../../manual.ced"
sgml-exposed-tags:nil
sgml-local-catalogs:nil
sgml-local-ecat-files:nil
End:
vim600: syn=xml fen fdm=syntax fdl=2 si
vim: et tw=78 syn=sgml
vi: ts=1 sw=1
-->
