<?xml version="1.0" encoding="UTF-8"?>
<!-- $Revision: 3827 $ -->
<sect1 id="resources.string">
 <title>字符串资源</title>
 <para>
 Smarty可使用<literal>string:</literal> 或 <literal>eval:</literal>的资源类型，
 来从一个字符串中获得模板内容。
 </para>

 <itemizedlist>
  <listitem>
   <para>
   <literal>string:</literal>资源看起来和文件模板差不多。
   字符串资源将被编译并存储成编译代码文件，以供重用。
   每个独立的模板字符串将创建一个新的编译文件。
   如果你的模板字符串被经常存取，这是一个好的选择。
   
   如果你的模板字符串经常被修改（或者字符串很少机会被重用），
   那么使用<literal>eval:</literal>是一个更好的选择，
   因为它不会保存编译文件到磁盘。
   </para>
  </listitem>
  <listitem>
   <para>
   <literal>eval:</literal>资源在每次页面渲染的时候都会运行。
   当字符串不常重用的情况下，这是一个好的选择。
   
   如果同样的字符串经常被存取，那么<literal>string:</literal>会是一个更好的选择。
   </para>
  </listitem>
 </itemizedlist>
 <note>
  <para>
  使用<literal>string:</literal>的资源，每个字符串都会生成一个编译文件。
  Smarty无法检查一个字符串是否已修改，所以只能为每个独立的字符串都生成一个新的编译文件。
  选择一个好的资源类型是很重要的，可避免你的磁盘塞满浪费的编译文件。
  </para>
 </note>
 
 <example>
  <title>使用字符串资源</title>
  <programlisting role="php">
<![CDATA[
<?php
$smarty->assign('foo','value');
$template_string = 'display {$foo} here';
$smarty->display('string:'.$template_string); // 下次使用时编译
$smarty->display('eval:'.$template_string); // 每次都编译
?>
]]>
  </programlisting>
  <para>在模板内使用</para>
  <programlisting>
<![CDATA[
{include file="string:$template_string"} {* 下次使用时编译 *}
{include file="eval:$template_string"} {* 每次都编译 *}

]]>
  </programlisting>
 </example>
 
 <para>
 <literal>string:</literal> 和 <literal>eval:</literal>的资源都可以通过
 <ulink url="&url.php-manual;urlencode"><varname>urlencode()</varname></ulink> 或
     <ulink url="&url.php-manual;urlencode"><varname>base64_encode()</varname></ulink>
	 来进行编码。
	 通常情况下编码是不需要的，但当和<link linkend="resources.extends"><varname>扩展模板资源</varname></link>
	 一起使用的时候，那么就需要进行编码了。
 </para>
 
 <example>
   <title>使用编码后的字符串资源</title>
   <programlisting role="php">
 <![CDATA[
 <?php
 $smarty->assign('foo','value');
 $template_string_urlencode = urlencode('display {$foo} here');
 $template_string_base64 = base64_encode('display {$foo} here');
 $smarty->display('eval:urlencode:'.$template_string_urlencode); // 将通过 urldecode() 解码
 $smarty->display('eval:base64:'.$template_string_base64); // 将通过 base64_decode() 解码
 ?>
 ]]>
   </programlisting>
   <para>在模板内使用</para>
   <programlisting>
 <![CDATA[
 {include file="string:urlencode:$template_string_urlencode"} {* 将通过 urldecode() 解码 *}
 {include file="eval:base64:$template_string_base64"} {* 将通过 base64_decode() 解码 *}

 ]]>
   </programlisting>
  </example>
</sect1>

<!-- Keep this comment at the end of the file
Local variables:
mode: sgml
sgml-omittag:t
sgml-shorttag:t
sgml-minimize-attributes:nil
sgml-always-quote-attributes:t
sgml-indent-step:1
sgml-indent-data:t
indent-tabs-mode:nil
sgml-parent-document:nil
sgml-default-dtd-file:"../../../../manual.ced"
sgml-exposed-tags:nil
sgml-local-catalogs:nil
sgml-local-ecat-files:nil
End:
vim600: syn=xml fen fdm=syntax fdl=2 si
vim: et tw=78 syn=sgml
vi: ts=1 sw=1
-->
