<?xml version="1.0" encoding="UTF-8"?>
<!-- $Revision: 3827 $ -->
<sect1 id="resources.file">
 <title>文件资源</title>
 <para>
 Smarty通常运行在内置的、基于文件系统的模板资源上。
 默认资源是<literal>file:</literal>。
 如果修改了<link linkend="variable.default.resource.type"><parameter>$default_resource_type</parameter></link>
 那么资源关键字<literal>file:</literal>就必须要指明。
 </para>
 <para>
 如果找不到需要的模板文件，那么 <link linkend="variable.default.template.handler.func"><parameter>$default_template_handler_func</parameter></link>将会被调用。
 </para>
 <note>
  <title>说明</title>
  <para>
  在Smarty 3.1开始，除非开启了
  <link linkend="variable.use.include.path"><parameter>$use_include_path</parameter></link>配置，否则文件资源不会再搜索
  <ulink url="&url.php-manual;ini.core.php#ini.include-path">include_path</ulink>
  的路径了。
  </para>
 </note>
 
 <sect2 id="templates.from.template.dir">
  <title>$template_dir目录</title>
  <para>
  Smarty从<link linkend="variable.template.dir"><parameter>$template_dir</parameter></link>设置的目录中，
  获取模板文件资源。
  多个模板目录将以在数组中的顺序进行搜索，在寻找到第一个匹配的模板时将返回。
  </para>
  <example>
   <title>使用$template_dir</title>
   <programlisting role="php">
<![CDATA[
<?php
$smarty->display('index.tpl');
$smarty->display('file:index.tpl'); // 同上
?>
]]>
   </programlisting>
   <para>模板中使用</para>
   <programlisting>
<![CDATA[
{include file='index.tpl'}
{include file='file:index.tpl'} {* 同上 *}
]]>
   </programlisting>
  </example>
 </sect2>
 
 <sect2 id="templates.from.specified.template.dir">
  <title>特定的$template_dir</title>
  <para>
   Smarty 3.1 提供“归类符号”来定义<link linkend="variable.template.dir"><parameter>$template_dir</parameter></link>中的特定元素。
   此特性可允许网站中使用和更好地管理多个模板集合。
  </para>
  <para>
  “归类符号”可以用在任何定义了<literal>file:</literal>资源类型的地方。
  </para>
  <example>
   <title>特定的$template_dir</title>
   <programlisting role="php">
<![CDATA[
<?php

// 设置模板目录
$smarty->setTemplateDir(array(
    './templates',            // element: 0, index: 0
    './templates_2',          // element: 1, index: 1
    '10' => 'templates_10',   // element: 2, index: '10'
    'foo' => 'templates_foo', // element: 3, index: 'foo'
));

/*
  假定模板目录结构如下：
  ./templates/foo.tpl
  ./templates_2/foo.tpl
  ./templates_2/bar.tpl
  ./templates_10/foo.tpl
  ./templates_10/bar.tpl
  ./templates_foo/foo.tpl
*/

// 正常读取
$smarty->display('file:foo.tpl'); 
// 将载入 ./templates/foo.tpl

// 默认使用数字下标
$smarty->display('file:[1]foo.tpl'); 
// 将载入 ./templates_2/foo.tpl

// 使用字符串的下标（'10'看起来像数字下标，但却是有单引号的字符串）
$smarty->display('file:[10]foo.tpl'); 
// 将载入 ./templates_10/foo.tpl

// 使用字符串的下标
$smarty->display('file:[foo]foo.tpl'); 
// 将载入 ./templates_foo/foo.tpl

// 使用 "未知" 数字下标 (用元素的数字)
$smarty->display('file:[2]foo.tpl'); 
// 将载入 ./templates_10/foo.tpl

?>
]]>
   </programlisting>
   <para>模板中调用</para>
   <programlisting>
<![CDATA[
{include file="file:foo.tpl"}
{* 将载入 ./templates/foo.tpl *}

{include file="file:[1]foo.tpl"}
{* 将载入 ./templates_2/foo.tpl *}

{include file="file:[foo]foo.tpl"}
{* 将载入 ./templates_foo/foo.tpl *}
]]>
   </programlisting>
  </example>
 </sect2>
   
 <sect2 id="templates.from.any.dir">
  <title>任意目录的模板</title>
  <para>
  在<link linkend="variable.template.dir"><parameter>$template_dir</parameter></link>之外的模板，
  <literal>file:</literal>将需要使用绝对路径来获取模板。
  </para>
  <note>
   <para>
   当<link linkend="advanced.features.security"><varname>Security</varname></link>开启，
   在<link linkend="variable.template.dir"><parameter>$template_dir</parameter></link>之外的模板是不允许读取的，除非你将这些目录都设置在<parameter>$secure_dir</parameter>中。
   </para>
  </note>
  <example>
   <title>任意目录的模板</title>
   <programlisting role="php">
<![CDATA[
<?php
$smarty->display('file:/export/templates/index.tpl');
$smarty->display('file:/path/to/my/templates/menu.tpl');
?>
]]>
   </programlisting>
   <para>
    模板中：
   </para>
   <programlisting>
<![CDATA[
{include file='file:/usr/local/share/templates/navigation.tpl'}
]]>
   </programlisting>
  </example>
 </sect2>
 
 <sect2 id="templates.windows.filepath">
  <title>Windows文件路径</title>
  <para>
  如果使用Windows的机器，那么文件路径将以驱动盘符（C:）开头。
  确保<literal>file:</literal>的路径避免命名空间冲突，达到需要的结果。
  </para>
  <example>
   <title>使用windows的文件路径</title>
   <programlisting role="php">
<![CDATA[
<?php
$smarty->display('file:C:/export/templates/index.tpl');
$smarty->display('file:F:/path/to/my/templates/menu.tpl');
?>
]]>
  </programlisting>
  <para>
   在模板中：
  </para>
  <programlisting>
<![CDATA[
{include file='file:D:/usr/local/share/templates/navigation.tpl'}
]]>
</programlisting>
  </example>
 </sect2>

</sect1>

<!-- Keep this comment at the end of the file
Local variables:
mode: sgml
sgml-omittag:t
sgml-shorttag:t
sgml-minimize-attributes:nil
sgml-always-quote-attributes:t
sgml-indent-step:1
sgml-indent-data:t
indent-tabs-mode:nil
sgml-parent-document:nil
sgml-default-dtd-file:"../../../../manual.ced"
sgml-exposed-tags:nil
sgml-local-catalogs:nil
sgml-local-ecat-files:nil
End:
vim600: syn=xml fen fdm=syntax fdl=2 si
vim: et tw=78 syn=sgml
vi: ts=1 sw=1
-->
