<?xml version="1.0" encoding="UTF-8"?>
<!-- $Revision: 4095 $ -->
  <sect1 id="resasdources">
   <title>资源</title>
   <para>
  模板可以是各种不同的来源提供的。
  当你<link linkend="api.display"><varname>display()</varname></link> 或者
   <link linkend="api.fetch"><varname>fetch()</varname></link>一个模板，
   又或者当你包含一个模板到另一个模板中的时候，你需要提供一个资源类型、路径及模板名。
   如果没有明确指明资源类型，则将假定是使用
   <link linkend="variable.default.resource.type"><parameter>$default_resource_type</parameter></link>
   （默认是“file”）。
   </para>

   <sect2 id="templates.from.elsewhere">
    <title>其他来源的模板</title>
    <para>
	你可以通过任何可访问的来源来提供模板，如数据库，网络sockets，文件等，
	编写这些来源的资源插件并将他们注册到Smarty。
    </para>

    <para>
     详细参见<link linkend="plugins.resources">资源插件</link>。
    </para>

    <note>
     <para>
	 注意你不能覆盖内置的<literal>file:</literal>资源，
	 但你可以设计一个基于文件系统的资源并为其注册另一个资源名称。
     </para>
    </note>
    <example>
     <title>使用自定义资源</title>
     <programlisting role="php">
<![CDATA[
<?php

/**
 * MySQL 资源
 *
 * 通过自定义API，实现用MySQL来存取模板和配置资源。
 *
 * 表定义:
 * <pre>CREATE TABLE IF NOT EXISTS `templates` (
 *   `name` varchar(100) NOT NULL,
 *   `modified` timestamp NOT NULL DEFAULT CURRENT_TIMESTAMP ON UPDATE CURRENT_TIMESTAMP,
 *   `source` text,
 *   PRIMARY KEY (`name`)
 * ) ENGINE=InnoDB DEFAULT CHARSET=utf8;</pre>
 *
 * 演示数据:
 * <pre>INSERT INTO `templates` (`name`, `modified`, `source`) VALUES ('test.tpl', "2010-12-25 22:00:00", '{$x="hello world"}{$x}');</pre>
 *
 * @package Resource-examples
 * @author Rodney Rehm
 */
class Smarty_Resource_Mysql extends Smarty_Resource_Custom {
    // PDO 实例
    protected $db;
    // prepared fetch() statement
    protected $fetch;
    // prepared fetchTimestamp() statement
    protected $mtime;

    public function __construct() {
        try {
            $this->db = new PDO("mysql:dbname=test;host=127.0.0.1", "smarty", "smarty");
        } catch (PDOException $e) {
            throw new SmartyException('Mysql Resource failed: ' . $e->getMessage());
        }
        $this->fetch = $this->db->prepare('SELECT modified, source FROM templates WHERE name = :name');
        $this->mtime = $this->db->prepare('SELECT modified FROM templates WHERE name = :name');
    }
    
    /**
	 * 从数据库中获取一个模板内容及修改时间。
     *
     * @param string $name 模板名称
     * @param string $source 引用的模板资源
     * @param integer $mtime 引用的模板修改时间戳
     * @return void
     */
    protected function fetch($name, &$source, &$mtime)
    {
        $this->fetch->execute(array('name' => $name));
        $row = $this->fetch->fetch();
        $this->fetch->closeCursor();
        if ($row) {
            $source = $row['source'];
            $mtime = strtotime($row['modified']);
        } else {
            $source = null;
            $mtime = null;
        }
    }
    
    /**
	 * 获取一个模板的修改时间
     *
     * @note 本方法是可选的。仅在修改时间的获取比加载完整的模板资源更快的情况下使用。
     * @param string $name 模板名称
     * @return integer 模板被修改的时间戳
     */
    protected function fetchTimestamp($name) {
        $this->mtime->execute(array('name' => $name));
        $mtime = $this->mtime->fetchColumn();
        $this->mtime->closeCursor();
        return strtotime($mtime);
    }
}


require_once 'libs/Smarty.class.php';
$smarty = new Smarty();
$smarty->registerResource('mysql', new Smarty_Resource_Mysql());

// 在PHP中使用资源
$smarty->display("mysql:index.tpl");
?>
]]>
     </programlisting>
     <para>
      在模板中：
     </para>
     <programlisting>
<![CDATA[
{include file='mysql:extras/navigation.tpl'}
]]>
     </programlisting>
    </example>
   </sect2>

   <sect2 id="default.template.handler.function">
    <title>默认模板处理函数</title>
    <para>
	你可以设置一个函数，当找不到需要的模板时默认调用。
	该函数可以用来动态创建模板。
    </para>

    <para>
     参加
     <link linkend="advanced.features.streams"><varname>流</varname></link>
    </para>     
   </sect2>
  </sect1>
<!-- Keep this comment at the end of the file
Local variables:
mode: sgml
sgml-omittag:t
sgml-shorttag:t
sgml-minimize-attributes:nil
sgml-always-quote-attributes:t
sgml-indent-step:1
sgml-indent-data:t
indent-tabs-mode:nil
sgml-parent-document:nil
sgml-default-dtd-file:"../../../../manual.ced"
sgml-exposed-tags:nil
sgml-local-catalogs:nil
sgml-local-ecat-files:nil
End:
vim600: syn=xml fen fdm=syntax fdl=2 si
vim: et tw=78 syn=sgml
vi: ts=1 sw=1
-->

