<?xml version="1.0" encoding="UTF-8"?>
<!-- $Revision: 4278 $ -->
     <sect1 id="variable.plugins.dir">
      <title>$plugins_dir</title>
      <para>
	  设置一个或者多个插件目录，Smarty将从这些目录中查找插件文件。
	  默认是在<link linkend="constant.smarty.dir"><constant>SMARTY_DIR</constant></link>下的<filename class="directory">plugins/</filename>目录。
      如果设置了相对路径，Smarty会先搜索<link linkend="constant.smarty.dir"><constant>SMARTY_DIR</constant></link>的相对路径，
	  然后再搜索相对当前工作目录的路径，再是搜索相对PHP包含路径。
	  如果<parameter>$plugins_dir</parameter>是多个目录值的数组，那么Smarty将<emphasis role="bold">按数组项排列的顺序</emphasis>来搜索每个目录里面的插件文件。
      </para>
      <note>
       <title>技术说明</title>
       <para>
	   从性能考虑，不要设置你的<parameter>$plugins_dir</parameter>为PHP必须进行包含的路径。
	   最好使用绝对路径，或相对于<constant>SMARTY_DIR</constant>的路径，又或者是当前的工作目录。
       </para>
      </note>
      <note>
       <title>说明</title>
       <para>
	   在Smarty 3.1之后，$plugins_dir属性不能直接访问，需使用 
        <link linkend="api.get.plugins.dir"><varname>getPluginsDir()</varname></link>，
        <link linkend="api.set.plugins.dir"><varname>setPluginsDir()</varname></link> 和
        <link linkend="api.add.plugins.dir"><varname>addPluginsDir()</varname></link>来进行存取。
       </para>
      </note>
      <para>
       参见
       <link linkend="api.get.plugins.dir"><varname>getPluginsDir()</varname></link>, 
       <link linkend="api.set.plugins.dir"><varname>setPluginsDir()</varname></link> 和
       <link linkend="api.add.plugins.dir"><varname>addPluginsDir()</varname></link>.
      </para>
</sect1>
<!-- Keep this comment at the end of the file
Local variables:
mode: sgml
sgml-omittag:t
sgml-shorttag:t
sgml-minimize-attributes:nil
sgml-always-quote-attributes:t
sgml-indent-step:1
sgml-indent-data:t
indent-tabs-mode:nil
sgml-parent-document:nil
sgml-default-dtd-file:"../../../../manual.ced"
sgml-exposed-tags:nil
sgml-local-catalogs:nil
sgml-local-ecat-files:nil
End:
vim600: syn=xml fen fdm=syntax fdl=2 si
vim: et tw=78 syn=sgml
vi: ts=1 sw=1
-->
