<?xml version="1.0" encoding="UTF-8"?>
<!-- $Revision: 3840 $ -->
   <sect1 id="variable.locking.timeout">
    <title>$locking_timeout</title>
    <para>
	设置一个缓存锁的最大执行时间，避免死锁的情况发生。
	默认是10秒。
    </para>
    <para>
     参见
     <link linkend="variable.cache.locking"><varname>$cache_locking</varname></link>
    </para>
    
   </sect1>

<!-- Keep this comment at the end of the file
Local variables:
mode: sgml
sgml-omittag:t
sgml-shorttag:t
sgml-minimize-attributes:nil
sgml-always-quote-attributes:t
sgml-indent-step:1
sgml-indent-data:t
indent-tabs-mode:nil
sgml-parent-document:nil
sgml-default-dtd-file:"../../../../manual.ced"
sgml-exposed-tags:nil
sgml-local-catalogs:nil
sgml-local-ecat-files:nil
End:
vim600: syn=xml fen fdm=syntax fdl=2 si
vim: et tw=78 syn=sgml
vi: ts=1 sw=1
-->
