<?xml version="1.0" encoding="UTF-8"?>
<!-- $Revision: 3945 $ -->
     <sect1 id="variable.default.modifiers">
      <title>$default_modifiers</title>
      <para>
	  这是一个包含修饰器名称的数组，这些修饰器将默认地对每个模板变量进行修饰操作。
	  例如我们对每个变量都进行HTML编码，可以用<literal>array('escape:"htmlall"')</literal>。
	  如果某个变量要避免这种默认的修饰操作，则需要加上“nofilter”的属性，例如<literal>{$var nofilter}</literal>。
      </para>
</sect1>
<!-- Keep this comment at the end of the file
Local variables:
mode: sgml
sgml-omittag:t
sgml-shorttag:t
sgml-minimize-attributes:nil
sgml-always-quote-attributes:t
sgml-indent-step:1
sgml-indent-data:t
indent-tabs-mode:nil
sgml-parent-document:nil
sgml-default-dtd-file:"../../../../manual.ced"
sgml-exposed-tags:nil
sgml-local-catalogs:nil
sgml-local-ecat-files:nil
End:
vim600: syn=xml fen fdm=syntax fdl=2 si
vim: et tw=78 syn=sgml
vi: ts=1 sw=1
-->