<?xml version="1.0" encoding="UTF-8"?>
<!-- $Revision: 3827 $ -->
     <sect1 id="variable.direct.access.security">
      <title>$direct_access_security</title>
       <para>
	   直接访问安全机制禁止了直接通过浏览器访问已编译或已缓存的模板文件。
       </para>
       <para>
	   直接访问安全机制默认是开启的。关闭该机制可以设置<varname>$direct_access_security</varname>为false。
       </para>
      <note>
       <para>
	   这是一个编译时的选项。如果你修改了该设置，那么你必须重新编译模板才能生效。
       </para>
      </note>
     </sect1>
<!-- Keep this comment at the end of the file
Local variables:
mode: sgml
sgml-omittag:t
sgml-shorttag:t
sgml-minimize-attributes:nil
sgml-always-quote-attributes:t
sgml-indent-step:1
sgml-indent-data:t
indent-tabs-mode:nil
sgml-parent-document:nil
sgml-default-dtd-file:"../../../../manual.ced"
sgml-exposed-tags:nil
sgml-local-catalogs:nil
sgml-local-ecat-files:nil
End:
vim600: syn=xml fen fdm=syntax fdl=2 si
vim: et tw=78 syn=sgml
vi: ts=1 sw=1
-->