<?xml version="1.0" encoding="UTF-8"?>
<!-- $Revision: 3840 $ -->
   <sect1 id="variable.cache.lifetime">
    <title>$cache_lifetime</title>
    <para>
	定义模板缓存文件的有效时间（按秒）。
	当缓存过期了，该缓存将被重新生成。
     </para>

     <itemizedlist>
     <listitem><para>
	 使用<parameter>$cache_lifetime</parameter>必须先开启<parameter>$caching</parameter>（值可以是Smarty::CACHING_LIFETIME_CURRENT 或者 Smarty::CACHING_LIFETIME_SAVED）。
     </para></listitem>

     <listitem><para>
	 设置<parameter>$cache_lifetime</parameter>为-1，则设置缓存永不过期。
     </para></listitem>

     <listitem><para>
	 设置为0可以让缓存每次都重新生成。（只用于测试。关闭缓存的另一个更高效的方法，是设置<link
      linkend="variable.caching"><parameter>$caching</parameter></link> = Smarty::CACHING_OFF）
    </para></listitem>

    <listitem><para>
	如果想要设置特定模板的缓存时间，你可以设置
	<link linkend="variable.caching">
       <parameter>$caching</parameter></link> = Smarty::CACHING_LIFETIME_SAVED，
	然后在调用<link linkend="api.display"><varname>display()</varname>
      </link>或<link linkend="api.fetch"><varname>fetch()</varname></link>之前，设置<parameter>$cache_lifetime</parameter>为一个特定的值。
     </para></listitem>
    </itemizedlist>

    <para>
	如果开启了<link linkend="variable.force.compile">
     <parameter>$force_compile</parameter></link>，那么缓存文件将每次都会重新生成，
 实际上等同于关闭缓存。
 你可以通过调用<link
     linkend="api.clear.all.cache"><varname>clear_all_cache()</varname></link>来清除全部的缓存，
	 或调用<link
     linkend="api.clear.cache"><varname>clear_cache()</varname></link>来清除特定的缓存。
    </para>

   </sect1>

<!-- Keep this comment at the end of the file
Local variables:
mode: sgml
sgml-omittag:t
sgml-shorttag:t
sgml-minimize-attributes:nil
sgml-always-quote-attributes:t
sgml-indent-step:1
sgml-indent-data:t
indent-tabs-mode:nil
sgml-parent-document:nil
sgml-default-dtd-file:"../../../../manual.ced"
sgml-exposed-tags:nil
sgml-local-catalogs:nil
sgml-local-ecat-files:nil
End:
vim600: syn=xml fen fdm=syntax fdl=2 si
vim: et tw=78 syn=sgml
vi: ts=1 sw=1
-->
