<?xml version="1.0" encoding="UTF-8"?>
<!-- $Revision: 4278 $ -->
    <sect1 id="variable.config.dir">
     <title>$config_dir</title>
     <para>
	 设置存储 <link linkend="config.files">配置文件</link>的目录。
	 默认是<filename class="directory">./configs</filename>，意味着Smarty将查询<filename class="directory">configs/</filename>并读取配置。
     </para>
	 <note>
	  <title>技术说明</title>
	  <para>
       不建议把该目录放到web根目录中。
      </para>
	 </note>
	 <note>
      <title>说明</title>
      <para>
	  在Smarty 3.1之后，$config_dir属性不能直接访问，需使用 
       <link linkend="api.get.config.dir"><varname>getConfigDir()</varname></link>，
       <link linkend="api.set.config.dir"><varname>setConfigDir()</varname></link>和
       <link linkend="api.add.config.dir"><varname>addConfigDir()</varname></link>来进行存取。
      </para>
     </note>
     <para>
      参见
      <link linkend="api.get.config.dir"><varname>getConfigDir()</varname></link>, 
      <link linkend="api.set.config.dir"><varname>setConfigDir()</varname></link> 和
      <link linkend="api.add.config.dir"><varname>addConfigDir()</varname></link>.
     </para>
</sect1>
<!-- Keep this comment at the end of the file
Local variables:
mode: sgml
sgml-omittag:t
sgml-shorttag:t
sgml-minimize-attributes:nil
sgml-always-quote-attributes:t
sgml-indent-step:1
sgml-indent-data:t
indent-tabs-mode:nil
sgml-parent-document:nil
sgml-default-dtd-file:"../../../../manual.ced"
sgml-exposed-tags:nil
sgml-local-catalogs:nil
sgml-local-ecat-files:nil
End:
vim600: syn=xml fen fdm=syntax fdl=2 si
vim: et tw=78 syn=sgml
vi: ts=1 sw=1
-->
