<?xml version="1.0" encoding="UTF-8"?>
<!-- $Revision: 3827 $ -->
     <sect1 id="variable.merge.compiled.includes">
      <title>$merge_compiled_includes</title>
      <para>
	  设置<varname>$merge_compiled_includes</varname>为true，Smarty会将子模板的编译文件合并到主模板的编译代码中，
	  可以增加包含了许多子模板的模板文件的渲染速度。
      </para>
      <para>
	  设置<varname>{include}</varname>的参数<literal>inline</literal>可以合并特定的子模板。
	  <literal>inline</literal>合并的方式并不一定要开启<varname>$merge_compiled_includes</varname>配置。
      </para>      
      <para>
       
        <informalexample>
        <programlisting role="php">
<![CDATA[
<?php
$smarty->merge_compiled_includes = true;
?>
]]>
        </programlisting>
       </informalexample>
      </para>
      <note>
       <para>
	   这是编译时的选项。如果修改了该参数，你必须重新编译对应的模板才能生效。
       </para>
      </note>
      
      <para>
      参见
       <link linkend="language.function.include"> <varname>{include}</varname></link>。
      </para>
     </sect1>

<!-- Keep this comment at the end of the file
Local variables:
mode: sgml
sgml-omittag:t
sgml-shorttag:t
sgml-minimize-attributes:nil
sgml-always-quote-attributes:t
sgml-indent-step:1
sgml-indent-data:t
indent-tabs-mode:nil
sgml-parent-document:nil
sgml-default-dtd-file:"../../../../manual.ced"
sgml-exposed-tags:nil
sgml-local-catalogs:nil
sgml-local-ecat-files:nil
End:
vim600: syn=xml fen fdm=syntax fdl=2 si
vim: et tw=78 syn=sgml
vi: ts=1 sw=1
-->
