<?xml version="1.0" encoding="UTF-8"?>
<!-- $Revision: 3827 $ -->
     <sect1 id="variable.autoload.filters">
      <title>$autoload_filters</title>
      <para>
	  如果有些过滤器你希望每个模板编译的时候都可以调用，那么你可以使用这个参数。
	  Smarty将自动加载这些过滤器。参数是二维数组，键是过滤器的类型，值是包含着多个过滤器名字的数组。
	  例如：
       <informalexample>
        <programlisting role="php">
<![CDATA[
<?php
$smarty->autoload_filters = array('pre' => array('trim', 'stamp'),
                                  'output' => array('convert'));
?>
]]>
        </programlisting>
       </informalexample>
      </para>

      <para>
     参见
      <link linkend="api.register.filter"><varname>registerFilter()</varname></link>
      和
   <link linkend="api.load.filter"><varname>loadFilter()</varname></link>
      </para>
     </sect1>

<!-- Keep this comment at the end of the file
Local variables:
mode: sgml
sgml-omittag:t
sgml-shorttag:t
sgml-minimize-attributes:nil
sgml-always-quote-attributes:t
sgml-indent-step:1
sgml-indent-data:t
indent-tabs-mode:nil
sgml-parent-document:nil
sgml-default-dtd-file:"../../../../manual.ced"
sgml-exposed-tags:nil
sgml-local-catalogs:nil
sgml-local-ecat-files:nil
End:
vim600: syn=xml fen fdm=syntax fdl=2 si
vim: et tw=78 syn=sgml
vi: ts=1 sw=1
-->
