<?xml version="1.0" encoding="UTF-8"?>
<!-- $Revision: 3827 $ -->
     <sect1 id="variable.trusted.dir">
      <title>$trusted_dir</title>
      <para>
	  仅当开启安全设置的时候才可使用<parameter>$trusted_dir</parameter>。
	  这是一个保存信任目录的数组。你可以把PHP脚本存放到信任目录中，在模板内通过<link linkend="language.function.include.php"><varname>{include_php}</varname></link>来直接执行这些PHP脚本。
      </para>
</sect1>
<!-- Keep this comment at the end of the file
Local variables:
mode: sgml
sgml-omittag:t
sgml-shorttag:t
sgml-minimize-attributes:nil
sgml-always-quote-attributes:t
sgml-indent-step:1
sgml-indent-data:t
indent-tabs-mode:nil
sgml-parent-document:nil
sgml-default-dtd-file:"../../../../manual.ced"
sgml-exposed-tags:nil
sgml-local-catalogs:nil
sgml-local-ecat-files:nil
End:
vim600: syn=xml fen fdm=syntax fdl=2 si
vim: et tw=78 syn=sgml
vi: ts=1 sw=1
-->