<?xml version="1.0" encoding="UTF-8"?>
<!-- $Revision: 3827 $ -->
     <sect1 id="variable.force.compile">
      <title>$force_compile</title>
      <para>
	  强制让Smarty每次调用时，都（重新）编译模板文件。
	  该设置将重写<link linkend="variable.compile.check">
       <parameter>$compile_check</parameter></link>值。
	默认情况下是false。
	这是开发和<link linkend="chapter.debugging.console">调试</link>时比较方便的工具，但在实际生产环境中绝对不能使用。
	如果<link linkend="variable.caching"><parameter>$caching</parameter></link>是开启的，那么缓存文件将每次都会被重新缓存。
      </para>
</sect1>
<!-- Keep this comment at the end of the file
Local variables:
mode: sgml
sgml-omittag:t
sgml-shorttag:t
sgml-minimize-attributes:nil
sgml-always-quote-attributes:t
sgml-indent-step:1
sgml-indent-data:t
indent-tabs-mode:nil
sgml-parent-document:nil
sgml-default-dtd-file:"../../../../manual.ced"
sgml-exposed-tags:nil
sgml-local-catalogs:nil
sgml-local-ecat-files:nil
End:
vim600: syn=xml fen fdm=syntax fdl=2 si
vim: et tw=78 syn=sgml
vi: ts=1 sw=1
-->