<?xml version="1.0" encoding="UTF-8"?>
<!-- $Revision: 4278 $ -->
   <sect1 id="variable.template.dir">
    <title>$template_dir</title>
    <para>
	默认模板目录的设置。
	如果在包含文件时没有设置资源类型，那么Smarty会查询本目录。
	默认值是<filename class="directory">./templates</filename>，意味着Smaty会查询<filename class="directory">templates/</filename>寻找模板文件和执行PHP脚本。
	<property>$template_dir</property>同样可以是一个多目录值的数组，Smarty将逐个查询这些目录直到匹配的模板被找到为止。
    </para>
    <note>
     <title>技术说明</title>
     <para>
      不建议把该目录放到web根目录中。
     </para>
    </note>
    <note>
     <title>技术说明</title>
     <para>
	 如果<parameter>$template_dir</parameter> 的目录是相对<ulink url="&url.php-manual;ini.core.php#ini.include-path">include_path</ulink>的目录，
	 那么你需要打开<link linkend="variable.use.include.path"><parameter>$use_include_path</parameter></link> 设置。
     </para>
    </note>
    <note>
     <title>说明</title>
     <para>
	 在Smarty 3.1之后，$template_dir属性不能直接访问，需使用 
      <link linkend="api.get.template.dir"><varname>getTemplateDir()</varname></link>，
      <link linkend="api.set.template.dir"><varname>setTemplateDir()</varname></link> 和
      <link linkend="api.add.template.dir"><varname>addTemplateDir()</varname></link>来进行存取。
     </para>
    </note>
    <para>
     参见
     <link linkend="resources"><varname>资源</varname></link>, 
     <link linkend="variable.use.include.path"><parameter>$use_include_path</parameter></link>, 
     <link linkend="api.get.template.dir"><varname>getTemplateDir()</varname></link>, 
     <link linkend="api.set.template.dir"><varname>setTemplateDir()</varname></link> 和
     <link linkend="api.add.template.dir"><varname>addTemplateDir()</varname></link>.
    </para>
</sect1>
<!-- Keep this comment at the end of the file
Local variables:
mode: sgml
sgml-omittag:t
sgml-shorttag:t
sgml-minimize-attributes:nil
sgml-always-quote-attributes:t
sgml-indent-step:1
sgml-indent-data:t
indent-tabs-mode:nil
sgml-parent-document:nil
sgml-default-dtd-file:"../../../../manual.ced"
sgml-exposed-tags:nil
sgml-local-catalogs:nil
sgml-local-ecat-files:nil
End:
vim600: syn=xml fen fdm=syntax fdl=2 si
vim: et tw=78 syn=sgml
vi: ts=1 sw=1
-->
