<?xml version="1.0" encoding="UTF-8"?>
<!-- $Revision: 3827 $ -->
     <sect1 id="variable.use.sub.dirs">
      <title>$use_sub_dirs</title>
 <para>
 当<parameter>$use_sub_dirs</parameter>设置成true的时候，
 Smarty将在<link linkend="variable.compile.dir">编译目录</link> 和
<link linkend="variable.cache.dir">缓存目录</link>下面创建子目录。
默认是false。
在一些情况下，上述的目录有可能会生成成千上万的文件，
建立子目录的方式有助于加快文件系统的搜索速度。
另外，一些环境是不允许PHP进程创建目录的，所以这只能默认是关闭。
</para>
<para>
子目录是非常高效的，所以如有可能的话，尽可能采用它。
理论上来说，在文件系统上的10个目录里每个目录有100个文件，
比起1个目录有1000个文件，前者性能高得多。
在Solaris 7 (UFS)系统上已经被证实了这点，还有较新的文件系统如ext3，甚至是reiserfs，均大同小异。
</para>

<note>
<title>技术说明</title>
<itemizedlist>
<listitem>
	<para><literal>$use_sub_dirs=true</literal>不会和
	<ulink url="&url.php-manual;features.safe-mode">safe_mode=On</ulink>一起工作，
	那就是为什么它是可选并且默认关闭的。
	</para>
</listitem>
<listitem>
	<para>在Windows上设置<literal>$use_sub_dirs=true</literal>将会引起一些问题。</para>
</listitem>
<listitem>
	<para>PHP6已经废除了安全模式。</para>
</listitem>
</itemizedlist>
</note>

 <para>
  参见
  <link linkend="variable.compile.id"><parameter>$compile_id</parameter></link>,
  <link linkend="variable.cache.dir"><parameter>$cache_dir</parameter></link>,
   和
   <link linkend="variable.compile.dir"><parameter>$compile_dir</parameter></link>.
 </para>
</sect1>
<!-- Keep this comment at the end of the file
Local variables:
mode: sgml
sgml-omittag:t
sgml-shorttag:t
sgml-minimize-attributes:nil
sgml-always-quote-attributes:t
sgml-indent-step:1
sgml-indent-data:t
indent-tabs-mode:nil
sgml-parent-document:nil
sgml-default-dtd-file:"../../../../manual.ced"
sgml-exposed-tags:nil
sgml-local-catalogs:nil
sgml-local-ecat-files:nil
End:
vim600: syn=xml fen fdm=syntax fdl=2 si
vim: et tw=78 syn=sgml
vi: ts=1 sw=1
-->

