<?xml version="1.0" encoding="UTF-8"?>
<!-- $Revision: 3827 $ -->
<sect1 id="variable.cache.id">
 <title>$cache_id</title>
 <para>
 永久的缓存标识id。
这是可选的设置，在每个函数调用的时候均被传入同一个<parameter>$cache_id</parameter>，你可以设置<parameter>$cache_id</parameter>，随后这个标识id将被隐含地调用。
 </para>
 <para>
 使用 <parameter>$cache_id</parameter> 你可以通过调用<link linkend="api.display"><varname>display()</varname></link>
  或<link linkend="api.fetch"><varname>fetch()</varname></link>来得到多个缓存文件，比如多份不同的内容来自同一个模板。
  详细参见
  <link linkend="caching">缓存</link>。
  </para>
 </sect1>
<!-- Keep this comment at the end of the file
Local variables:
mode: sgml
sgml-omittag:t
sgml-shorttag:t
sgml-minimize-attributes:nil
sgml-always-quote-attributes:t
sgml-indent-step:1
sgml-indent-data:t
indent-tabs-mode:nil
sgml-parent-document:nil
sgml-default-dtd-file:"../../../../manual.ced"
sgml-exposed-tags:nil
sgml-local-catalogs:nil
sgml-local-ecat-files:nil
End:
vim600: syn=xml fen fdm=syntax fdl=2 si
vim: et tw=78 syn=sgml
vi: ts=1 sw=1
-->
