<?xml version="1.0" encoding="UTF-8"?>
<!-- $Revision: 3827 $ -->
     <sect1 id="variable.config.booleanize">
      <title>$config_booleanize</title>
      <para>
	  设置为true的时候，<link linkend="config.files">配置文件</link>内的变量值如果为<literal>on/true/yes</literal>
        或<literal>off/false/no</literal>将会自动转换为布尔值。
		这样你可以在使用<literal>{if #foobar#}...{/if}</literal>语句时，当foobar是<literal>on</literal>，<literal>true</literal>或者<literal>yes</literal>，<varname>{if}</varname>内的语句将被执行。
		默认是true。
      </para>
</sect1>
<!-- Keep this comment at the end of the file
Local variables:
mode: sgml
sgml-omittag:t
sgml-shorttag:t
sgml-minimize-attributes:nil
sgml-always-quote-attributes:t
sgml-indent-step:1
sgml-indent-data:t
indent-tabs-mode:nil
sgml-parent-document:nil
sgml-default-dtd-file:"../../../../manual.ced"
sgml-exposed-tags:nil
sgml-local-catalogs:nil
sgml-local-ecat-files:nil
End:
vim600: syn=xml fen fdm=syntax fdl=2 si
vim: et tw=78 syn=sgml
vi: ts=1 sw=1
-->