<?xml version="1.0" encoding="UTF-8"?>
<!-- $Revision: 4278 $ -->
<sect1 id="variable.cache.modified.check">
<title>$cache_modified_check</title>
<para>
设置为true的时候，Smarty采用浏览器的头信息“If-Modified-Since”。如果上次访问后缓存文件的时间戳并没有发生修改，则会返回“304: Not Modified”给浏览器。
如果缓存模板内有<link linkend="language.function.insert"><varname>{insert}</varname></link>标签，该设置将不会生效。

</para>

  <para>
   参见
   <link linkend="variable.caching"><parameter>$caching</parameter></link>,
   <link linkend="variable.cache.lifetime"><parameter>$cache_lifetime</parameter></link>,
   和
   <link linkend="caching">缓存</link>.
  </para>

</sect1>

<!-- Keep this comment at the end of the file
Local variables:
mode: sgml
sgml-omittag:t
sgml-shorttag:t
sgml-minimize-attributes:nil
sgml-always-quote-attributes:t
sgml-indent-step:1
sgml-indent-data:t
indent-tabs-mode:nil
sgml-parent-document:nil
sgml-default-dtd-file:"../../../../manual.ced"
sgml-exposed-tags:nil
sgml-local-catalogs:nil
sgml-local-ecat-files:nil
End:
vim600: syn=xml fen fdm=syntax fdl=2 si
vim: et tw=78 syn=sgml
vi: ts=1 sw=1
-->
