<?xml version="1.0" encoding="UTF-8"?>
<!-- $Revision: 3827 $ -->
     <sect1 id="variable.auto.literal">
      <title>$auto_literal</title>
      <para>
	  忽略Smarty的左右限定符周围的空格。设置auto_literal为false的时候关闭此特性。
        <informalexample>
        <programlisting role="php">
<![CDATA[
<?php
$smarty->auto_literal = false;
?>
]]>
        </programlisting>
       </informalexample>
      </para>

      <para>
     参见
       <link linkend="language.escaping">避免解析</link>,
      </para>
     </sect1>

<!-- Keep this comment at the end of the file
Local variables:
mode: sgml
sgml-omittag:t
sgml-shorttag:t
sgml-minimize-attributes:nil
sgml-always-quote-attributes:t
sgml-indent-step:1
sgml-indent-data:t
indent-tabs-mode:nil
sgml-parent-document:nil
sgml-default-dtd-file:"../../../../manual.ced"
sgml-exposed-tags:nil
sgml-local-catalogs:nil
sgml-local-ecat-files:nil
End:
vim600: syn=xml fen fdm=syntax fdl=2 si
vim: et tw=78 syn=sgml
vi: ts=1 sw=1
-->
