<?xml version="1.0" encoding="UTF-8"?>
<!-- $Revision: 3827 $ -->
     <sect1 id="variable.debug_template">
      <title>$debug_tpl</title>
      <para>
	  设置调试控制台使用的模板文件名称。
	  默认是<filename>debug.tpl</filename>文件，存放在
	   <link
	   linkend="constant.smarty.dir"><constant>SMARTY_DIR</constant></link>里。
      </para>
      <para>
      参见
      <link linkend="variable.debugging"><parameter>$debugging</parameter></link>
      和
      <link linkend="chapter.debugging.console">调试控制台</link>。
      </para>
</sect1>
<!-- Keep this comment at the end of the file
Local variables:
mode: sgml
sgml-omittag:t
sgml-shorttag:t
sgml-minimize-attributes:nil
sgml-always-quote-attributes:t
sgml-indent-step:1
sgml-indent-data:t
indent-tabs-mode:nil
sgml-parent-document:nil
sgml-default-dtd-file:"../../../../manual.ced"
sgml-exposed-tags:nil
sgml-local-catalogs:nil
sgml-local-ecat-files:nil
End:
vim600: syn=xml fen fdm=syntax fdl=2 si
vim: et tw=78 syn=sgml
vi: ts=1 sw=1
-->
