<?xml version="1.0" encoding="UTF-8"?>
<!-- $Revision: 3827 $ -->
     <sect1 id="variable.cache.locking">
      <title>$cache_locking</title>
       <para>
	   缓存锁避免同时生成缓存。这意味着多个模板页面将只会被生成一次缓存，即使同一时刻它们被多次调用。
       </para>
       <para>
	   默认缓存锁是关闭的。设置<varname>$cache_locking</varname>为true则开启。
       </para>
      <para>
       参见
       <link linkend="variable.locking.timeout"><varname>$locking_timeout</varname></link>
      </para>
     </sect1>
<!-- Keep this comment at the end of the file
Local variables:
mode: sgml
sgml-omittag:t
sgml-shorttag:t
sgml-minimize-attributes:nil
sgml-always-quote-attributes:t
sgml-indent-step:1
sgml-indent-data:t
indent-tabs-mode:nil
sgml-parent-document:nil
sgml-default-dtd-file:"../../../../manual.ced"
sgml-exposed-tags:nil
sgml-local-catalogs:nil
sgml-local-ecat-files:nil
End:
vim600: syn=xml fen fdm=syntax fdl=2 si
vim: et tw=78 syn=sgml
vi: ts=1 sw=1
-->