<?xml version="1.0" encoding="UTF-8"?>
<!-- $Revision: 4278 $ -->
     <sect1 id="variable.cache.dir">
      <title>$cache_dir</title>
      <para>
	  保存模板缓存文件的目录名称，默认是<filename class="directory">./cache</filename>。
	  这意味着Smarty将进入<filename class="directory">cache/</filename>目录查找缓存文件并把缓存文件当作PHP来执行。
       <emphasis role="bold">该目录必须可写入</emphasis>,
     详细参见<link linkend="installing.smarty.basic">安装</link>。
     </para>
     <para>
	 你也可以建立<link linkend="caching.custom">自定义缓存</link>来控制缓存文件，这将忽略本设置。
       参见
       <link linkend="variable.use.sub.dirs"><parameter>$use_sub_dirs</parameter></link>。
      </para>
      <note>
       <title>技术说明</title>
       <para>
	   本设置必须是相对或绝对路径，include_path不能作为写文件的目录。
       </para>
      </note>
      <note>
       <title>技术说明</title>
       <para>
		不建议把该目录放到web根目录中。
       </para>
      </note>
      <note>
       <title>说明</title>
       <para>
        在Smarty 3.1之后，$cache_dir属性不能直接访问，需使用 <link linkend="api.get.cache.dir"><varname>getCacheDir()</varname></link> 和 
        <link linkend="api.set.cache.dir"><varname>setCacheDir()</varname></link> 来进行存取。
       </para>
      </note>
  <para>
  参见
  <link linkend="api.get.cache.dir"><varname>getCacheDir()</varname></link>, 
  <link linkend="api.set.cache.dir"><varname>setCacheDir()</varname></link>,
  <link linkend="variable.caching"><parameter>$caching</parameter></link>,
  <link linkend="variable.use.sub.dirs"><parameter>$use_sub_dirs</parameter></link>,
  <link linkend="variable.cache.lifetime"><parameter>$cache_lifetime</parameter></link>,
  <link linkend="variable.cache.modified.check"><parameter>$cache_modified_check</parameter></link>
  和
  <link linkend="caching">缓存</link>.
  </para>
</sect1>

<!-- Keep this comment at the end of the file
Local variables:
mode: sgml
sgml-omittag:t
sgml-shorttag:t
sgml-minimize-attributes:nil
sgml-always-quote-attributes:t
sgml-indent-step:1
sgml-indent-data:t
indent-tabs-mode:nil
sgml-parent-document:nil
sgml-default-dtd-file:"../../../../manual.ced"
sgml-exposed-tags:nil
sgml-local-catalogs:nil
sgml-local-ecat-files:nil
End:
vim600: syn=xml fen fdm=syntax fdl=2 si
vim: et tw=78 syn=sgml
vi: ts=1 sw=1
-->

