<?xml version="1.0" encoding="UTF-8"?>
<!-- $Revision: 3827 $ -->
<sect1 id="variable.compile.id">
 <title>$compile_id</title>
 <para>
 永久的编译标识id。这是可选的设置，在每个函数调用的时候均被传入同一个<parameter>$compile_id</parameter>，你可以设置<parameter>$compile_id</parameter>，随后这个标识id将被隐含地调用。
 </para>
 <para>
 <parameter>$compile_id</parameter>有个限制就是你不能够在多个模板目录<link linkend="variable.template.dir">
  <parameter>$template_dirs</parameter></link>的情况下使用同一个编译标识id<link linkend="variable.compile.dir"><parameter>$compile_dir</parameter></link>。如果你单独为每个模板目录都设置一个<parameter>$compile_id</parameter>，那么Smarty将自动按<parameter>$compile_id</parameter>来对编译文件进行区分。
 </para>
 <para>
 举个例子，你会在编译时用<link linkend="plugins.prefilters.postfilters">前置过滤器</link>来本地化你的模板（也就是每个语言均分开），可以用语言名作为<parameter>$compile_id</parameter>，那么你就可以为每种语言单独进行编译了。
 </para>
 <para>
 在多域名 / 多虚拟主机的环境中，其他应用程序也有可能使用同一个编译目录，
 </para>
 <example>
  <title>虚拟主机环境的$compile_id</title>
  <programlisting role="php">
<![CDATA[
<?php

$smarty->compile_id = $_SERVER['SERVER_NAME'];
$smarty->compile_dir = '/path/to/shared_compile_dir';

?>
]]>
  </programlisting>
 </example>
</sect1>
<!-- Keep this comment at the end of the file
Local variables:
mode: sgml
sgml-omittag:t
sgml-shorttag:t
sgml-minimize-attributes:nil
sgml-always-quote-attributes:t
sgml-indent-step:1
sgml-indent-data:t
indent-tabs-mode:nil
sgml-parent-document:nil
sgml-default-dtd-file:"../../../../manual.ced"
sgml-exposed-tags:nil
sgml-local-catalogs:nil
sgml-local-ecat-files:nil
End:
vim600: syn=xml fen fdm=syntax fdl=2 si
vim: et tw=78 syn=sgml
vi: ts=1 sw=1
-->
