<?xml version="1.0" encoding="UTF-8"?>
<!-- $Revision: 4278 $ -->
   <sect1 id="variable.compile.dir">
    <title>$compile_dir</title>
    <para>
	保存模板编译文件的目录名称。默认是<filename class="directory">./templates_c</filename>，
	这意味着Smarty将进入<filename class="directory">templates_c/</filename>目录来执行已编译的PHP文件。
	 <emphasis role="bold">该目录必须可写入</emphasis>,
     详细参见<link linkend="installing.smarty.basic">安装</link>。
    </para>

    <note>
     <title>技术说明</title>
     <para>
		本设置必须是相对或绝对路径，include_path不能作为写文件的目录。
     </para>
    </note>
    <note>
     <title>技术说明</title>
     <para>
      不建议把该目录放到web根目录中。
     </para>
    </note>
    <note>
     <title>说明</title>
     <para>
     在Smarty 3.1之后，$cache_dir属性不能直接访问，需使用<link linkend="api.get.compile.dir"><varname>getCompileDir()</varname></link> 和 
      <link linkend="api.set.compile.dir"><varname>setCompileDir()</varname></link> 来进行存取。
     </para>
    </note>
    <para>
     参见
     <link linkend="api.get.compile.dir"><varname>getCompileDir()</varname></link>, 
     <link linkend="api.set.compile.dir"><varname>setCompileDir()</varname></link>,
     <link linkend="variable.compile.id"><parameter>$compile_id</parameter></link>
     和
     <link linkend="variable.use.sub.dirs"><parameter>$use_sub_dirs</parameter></link>.
    </para>
</sect1>
<!-- Keep this comment at the end of the file
Local variables:
mode: sgml
sgml-omittag:t
sgml-shorttag:t
sgml-minimize-attributes:nil
sgml-always-quote-attributes:t
sgml-indent-step:1
sgml-indent-data:t
indent-tabs-mode:nil
sgml-parent-document:nil
sgml-default-dtd-file:"../../../../manual.ced"
sgml-exposed-tags:nil
sgml-local-catalogs:nil
sgml-local-ecat-files:nil
End:
vim600: syn=xml fen fdm=syntax fdl=2 si
vim: et tw=78 syn=sgml
vi: ts=1 sw=1
-->
