<?xml version="1.0" encoding="UTF-8"?>
<!-- $Revision: 4317 $ -->
<sect1 id="variable.error.reporting">
 <title>$error_reporting</title>
 <para>
 设置一个非空值可以调整<link linkend="api.display"><varname>display()</varname></link>和<link linkend="api.fetch"><varname>fetch()</varname></link>内的
 <ulink url="&url.php-manual;error_reporting"><varname>error_reporting</varname></ulink>报告级别。
 </para>
 <para>
 Smarty 3.1.2提供了 <link linkend="api.mute.expected.errors"><varname>muteExpectedErrors()</varname></link>函数。
 在设置了自定义错误处理器后，需调用<literal>Smarty::muteExpectedErrors();</literal>来确保Smarty产生的warning和notices报告，不会传递到自定义错误处理器上。
 如果你的错误日志充满了关于<literal>filemtime()</literal>和<literal>unlink()</literal>调用时产生的warning，请使用Smarty的<link linkend="api.mute.expected.errors"><varname>muteExpectedErrors()</varname></link>。
 </para>
 <para>
  参见
  <link linkend="chapter.debugging.console">调试</link>
  和
  <link linkend="troubleshooting">疑难解答</link>.
 </para>
</sect1>

<!-- Keep this comment at the end of the file
Local variables:
mode: sgml
sgml-omittag:t
sgml-shorttag:t
sgml-minimize-attributes:nil
sgml-always-quote-attributes:t
sgml-indent-step:1
sgml-indent-data:t
indent-tabs-mode:nil
sgml-parent-document:nil
sgml-default-dtd-file:"../../../../manual.ced"
sgml-exposed-tags:nil
sgml-local-catalogs:nil
sgml-local-ecat-files:nil
End:
vim600: syn=xml fen fdm=syntax fdl=2 si
vim: et tw=78 syn=sgml
vi: ts=1 sw=1
-->
