<?xml version="1.0" encoding="UTF-8"?>
<!-- $Revision: 4238 $ -->
<sect1 id="variable.escape.html">
 <title>$escape_html</title>
 <para>
 设置<varname>$escape_html</varname>为true，Smarty将会为所有模板里的变量调用
 <literal>htmlspecialchars({$output}, ENT_QUOTES, SMARTY_RESOURCE_CHAR_SET);</literal>，
 效果等同于调用<literal>{$variable|escape:"html"}</literal>。
 </para>
 <para>
 模板设计者可以有选择地使用<literal>nofilter</literal>标签来关闭此特性在某个变量上的作用：<literal>{$variable nofilter}</literal>。
 </para>
 <para>
 修饰器和过滤器的执行顺序如下：
 修饰器，
 默认修饰器，
 $escape_html设置，
 注册的变量过滤器，
 自动加载的变量过滤器，
 模板实例的变量过滤器。
 
 在默认修饰器后执行的每个步骤都可以使用<literal>nofilter</literal>标签来关闭。
 </para>
 <note>
  <para>
    这是编译时的选项。如果修改了该参数，你必须重新编译对应的模板才能生效。
  </para>
 </note>
</sect1>
<!-- Keep this comment at the end of the file
Local variables:
mode: sgml
sgml-omittag:t
sgml-shorttag:t
sgml-minimize-attributes:nil
sgml-always-quote-attributes:t
sgml-indent-step:1
sgml-indent-data:t
indent-tabs-mode:nil
sgml-parent-document:nil
sgml-default-dtd-file:"../../../../manual.ced"
sgml-exposed-tags:nil
sgml-local-catalogs:nil
sgml-local-ecat-files:nil
End:
vim600: syn=xml fen fdm=syntax fdl=2 si
vim: et tw=78 syn=sgml
vi: ts=1 sw=1
-->
