<?xml version="1.0" encoding="UTF-8"?>
<!-- $Revision: 4201 $ -->
<sect1 id="variable.default.config.type">
      <title>$default_config_type</title>
      <para>
	  设置Smarty的配置文件使用的资源类型。
	  默认值为 <literal>file</literal>，这意味着
	  <literal>$smarty->configLoad('test.conf')</literal>和
	  <literal>$smarty->configLoad('file:test.conf')</literal>是等价的。

	  详细参见<link linkend="resources">资源</link>。
	  </para>
</sect1>
<!-- Keep this comment at the end of the file
Local variables:
mode: sgml
sgml-omittag:t
sgml-shorttag:t
sgml-minimize-attributes:nil
sgml-always-quote-attributes:t
sgml-indent-step:1
sgml-indent-data:t
indent-tabs-mode:nil
sgml-parent-document:nil
sgml-default-dtd-file:"../../../../manual.ced"
sgml-exposed-tags:nil
sgml-local-catalogs:nil
sgml-local-ecat-files:nil
End:
vim600: syn=xml fen fdm=syntax fdl=2 si
vim: et tw=78 syn=sgml
vi: ts=1 sw=1
-->