<?xml version="1.0" encoding="UTF-8"?>
<!-- $Revision: 3827 $ -->
     <sect1 id="variable.php.handling">
      <title>$php_handling</title>
      <para>
	  设置Smarty将如何处理嵌入到模板中的PHP代码。
	  这里有四个选项，默认是<constant>Smarty::PHP_PASSTHRU</constant>。
	  注意该设置不会影响到模板中使用<link linkend="language.function.php">
       <varname>{php}{/php}</varname></link>标签嵌入的PHP代码。
      </para>


      <itemizedlist>
       <listitem><para>
       <constant>Smarty::PHP_PASSTHRU</constant> - 原样输出这些代码。
       </para></listitem>

       <listitem><para>
       <constant>Smarty::PHP_QUOTE</constant> - 把这些代码转换成HTML实体显示。
         </para></listitem>

       <listitem><para>
       <constant>Smarty::PHP_REMOVE</constant> - 清除这些代码。</para></listitem>

       <listitem><para>
       <constant>Smarty::PHP_ALLOW</constant> - 作为PHP代码来执行。</para></listitem>
      </itemizedlist>

       <note>
       <para>
	   强烈不建议在模板内嵌入PHP代码。
	   使用<link linkend="plugins.functions">自定义函数</link>或者
        <link linkend="plugins.modifiers">过滤器</link>来替代。
       </para>
      </note>
</sect1>
<!-- Keep this comment at the end of the file
Local variables:
mode: sgml
sgml-omittag:t
sgml-shorttag:t
sgml-minimize-attributes:nil
sgml-always-quote-attributes:t
sgml-indent-step:1
sgml-indent-data:t
indent-tabs-mode:nil
sgml-parent-document:nil
sgml-default-dtd-file:"../../../../manual.ced"
sgml-exposed-tags:nil
sgml-local-catalogs:nil
sgml-local-ecat-files:nil
End:
vim600: syn=xml fen fdm=syntax fdl=2 si
vim: et tw=78 syn=sgml
vi: ts=1 sw=1
-->
