<?xml version="1.0" encoding="UTF-8"?>
<!-- $Revision: 4278 $ -->
     <sect1 id="variable.debugging.ctrl">
      <title>$debugging_ctrl</title>
      <para>
	  设置开启调试信息的方式。
	  设置成<literal>NONE</literal>则不开启调试信息。
	  <literal>URL</literal>值意味着当<literal>URL参数</literal>中有<literal>SMARTY_DEBUG</literal>关键字则开启调试信息。
		如果开启了<link linkend="variable.debugging">
        <parameter>$debugging</parameter></link>，则本设置将忽略。
      </para>
 <example>
  <title>在localhost上的$debugging_ctrl</title>

<programlisting role="php">
<![CDATA[
<?php
// 只在localhost的地址上面显示调试控制台
// 地址：http://localhost/script.php?foo=bar&SMARTY_DEBUG
$smarty->debugging = false; // 默认
$smarty->debugging_ctrl = ($_SERVER['SERVER_NAME'] == 'localhost') ? 'URL' : 'NONE';
?>
]]>
</programlisting>
 </example>

   <para>
     参见 <link linkend="chapter.debugging.console">调试控制台</link>，
     <link linkend="variable.debugging"><parameter>$debugging</parameter></link> 和
    <link linkend="variable.smarty.debug.id"><parameter>$smarty_debug_id</parameter></link>.
   </para>
</sect1>
<!-- Keep this comment at the end of the file
Local variables:
mode: sgml
sgml-omittag:t
sgml-shorttag:t
sgml-minimize-attributes:nil
sgml-always-quote-attributes:t
sgml-indent-step:1
sgml-indent-data:t
indent-tabs-mode:nil
sgml-parent-document:nil
sgml-default-dtd-file:"../../../../manual.ced"
sgml-exposed-tags:nil
sgml-local-catalogs:nil
sgml-local-ecat-files:nil
End:
vim600: syn=xml fen fdm=syntax fdl=2 si
vim: et tw=78 syn=sgml
vi: ts=1 sw=1
-->
