<?xml version="1.0" encoding="UTF-8"?>
<!-- $Revision: 3827 $ -->
<sect1 id="variable.use.include.path">
 <title>$use_include_path</title>
 <para>
 设置Smarty把<ulink url="&url.php-manual;ini.core.php#ini.include-path">include_path</ulink>
 加入<link linkend="resources.file"><varname>文件资源</varname></link>的处理器中，
 以及加入到<link linkend="variable.template.dir"><parameter>$template_dir</parameter></link>
 的搜索目录中。 
  本设置还会影响<link linkend="variable.plugins.dir"><parameter>$plugins_dir</parameter></link>
  使用时也搜索include_path。
 </para>
 <note>
  <title>说明</title>
  <para>
  设计程序中，不能让你的应用系统依赖于include_path，也就是“依赖于实现”，
  这将极大的降低你的系统（和Smarty）的性能。
  </para>
 </note>
 <para>
 开启了use_include_path后，
 <link linkend="variable.template.dir"><parameter>$template_dir</parameter></link> 和 
  <link linkend="variable.plugins.dir"><parameter>$plugins_dir</parameter></link> 
  将会以下面的方式来寻找文件。
 </para>
 <itemizedlist>
  <listitem>
   <para>
   遍历（$template_dir 或 $plugins_dir 的）<literal>$directory</literal>目录数组。
   </para>
  </listitem>
  <listitem>
   <para>
   <literal>$directory</literal>中的目录都是相对于
   <ulink url="&url.php-manual;function.getcwd.php">当前工作目录</ulink>的，
  查询需要的文件是否在目录中，如果找到文件，则返回。
   </para>
  </listitem>
  <listitem>
   <para>
   遍历include_path内的<literal>$path</literal>路径。
   </para>
  </listitem>
  <listitem>
   <para>
   <literal>$directory</literal>中的目录都是相对于<literal>$path</literal>的（可能是
   <ulink url="&url.php-manual;function.getcwd.php">当前工作目录</ulink>），
   查询需要的文件是否在目录中，如果找到文件，则返回。
   </para>
  </listitem>
  <listitem>
   <para>
   尝试使用default_handler或者失败。
   </para>
  </listitem>
 </itemizedlist>
 <para>
 这意味着任何相对于当前工作目录的目录/文件都会被搜索到，
 它将在include_path中检查任何可能的目录/文件。
 </para>
 <note>
  <title>说明</title>
  <para>
  Smarty不会过滤include_path的元素，也就是说在你的包含路径中的“.:”会使得当前工作目录被扫描两次。
  </para>
 </note>
 <para>
   参见
   <link linkend="resources"><varname>资源</varname></link> 和 
   <link linkend="variable.template.dir"><parameter>$template_dir</parameter></link>
  </para>
</sect1>
<!-- Keep this comment at the end of the file
Local variables:
mode: sgml
sgml-omittag:t
sgml-shorttag:t
sgml-minimize-attributes:nil
sgml-always-quote-attributes:t
sgml-indent-step:1
sgml-indent-data:t
indent-tabs-mode:nil
sgml-parent-document:nil
sgml-default-dtd-file:"../../../../manual.ced"
sgml-exposed-tags:nil
sgml-local-catalogs:nil
sgml-local-ecat-files:nil
End:
vim600: syn=xml fen fdm=syntax fdl=2 si
vim: et tw=78 syn=sgml
vi: ts=1 sw=1
-->