<?xml version="1.0" encoding="UTF-8"?>
<!-- $Revision: 3827 $ -->
     <sect1 id="variable.smarty.debug.id">
      <title>$smarty_debug_id</title>
      <para>
	  <varname>$smarty_debug_id</varname>值定义了浏览器中调试的URL关键字。
	  默认值是<literal>SMARTY_DEBUG</literal>。
      </para>

      <para>
      参见 <link linkend="chapter.debugging.console">错误控制台</link>，
     <link linkend="variable.debugging"><parameter>$debugging</parameter></link> 和
       <link linkend="variable.debugging.ctrl"><parameter>$debugging_ctrl</parameter></link>.
      </para>
</sect1>
<!-- Keep this comment at the end of the file
Local variables:
mode: sgml
sgml-omittag:t
sgml-shorttag:t
sgml-minimize-attributes:nil
sgml-always-quote-attributes:t
sgml-indent-step:1
sgml-indent-data:t
indent-tabs-mode:nil
sgml-parent-document:nil
sgml-default-dtd-file:"../../../../manual.ced"
sgml-exposed-tags:nil
sgml-local-catalogs:nil
sgml-local-ecat-files:nil
End:
vim600: syn=xml fen fdm=syntax fdl=2 si
vim: et tw=78 syn=sgml
vi: ts=1 sw=1
-->
