<?xml version="1.0" encoding="UTF-8"?>
<!-- $Revision: 4278 $ -->
     <sect1 id="variable.caching">
      <title>$caching</title>
      <para>
	  设置Smarty是否将模板的输出缓存到<link linkend="variable.cache.dir">
       <parameter>$cache_dir</parameter></link>里。
	  默认将设置成Smarty::CACHING_OFF。
	  如果你的模板每次都生成同样的内容，
	  建议开启<parameter>$caching</parameter>以得到更高的性能。
	   </para>

	   <para>
	   同个模板可以有<link linkend="caching.multiple.caches">多个缓存</link>。
       </para>

	   <itemizedlist>
	   <listitem><para>
	   常量值 Smarty::CACHING_LIFETIME_CURRENT 或 Smarty::CACHING_LIFETIME_SAVED 可以开启缓存。
     </para></listitem>

       <listitem><para>
	   Smarty::CACHING_LIFETIME_CURRENT 值设置Smarty将根据
	   <link linkend="variable.cache.lifetime"><parameter>$cache_lifetime</parameter></link>
	   来判断缓存的过期。
       </para></listitem>
	    <listitem><para>
		Smarty::CACHING_LIFETIME_SAVED 值设置Smarty还是根据
		<link linkend="variable.cache.lifetime"><parameter>$cache_lifetime</parameter></link>
		来判断缓存的有效时间，但你可以在调用<link linkend="api.fetch">fetching</link>前，
		使用<link linkend="variable.cache.lifetime"> <parameter>$cache_lifetime</parameter></link>
		来为特定的某个模板设置其过期时间。
	   参见<link linkend="api.is.cached"><varname>isCached()</varname></link>.
           </para></listitem>

      <listitem><para>
	   当开启了<link linkend="variable.compile.check"><parameter>$compile_check</parameter></link>，
	   如果模板文件或配置文件有修改，那么缓存将重新生成。
       </para></listitem>
       <listitem><para>
	   当开启了<link linkend="variable.force.compile">
       <parameter>$force_compile</parameter></link>，缓存内容总是会重新生成。
      </para></listitem>
</itemizedlist>
<para>
  参见
  <link linkend="variable.cache.dir"><parameter>$cache_dir</parameter></link>,
  <link linkend="variable.cache.lifetime"><parameter>$cache_lifetime</parameter></link>,
  <link linkend="variable.cache.modified.check"><parameter>$cache_modified_check</parameter></link>,
  <link linkend="api.is.cached"><varname>is_cached()</varname></link>
和
<link linkend="caching">缓存</link>.
</para>

</sect1>
<!-- Keep this comment at the end of the file
Local variables:
mode: sgml
sgml-omittag:t
sgml-shorttag:t
sgml-minimize-attributes:nil
sgml-always-quote-attributes:t
sgml-indent-step:1
sgml-indent-data:t
indent-tabs-mode:nil
sgml-parent-document:nil
sgml-default-dtd-file:"../../../../manual.ced"
sgml-exposed-tags:nil
sgml-local-catalogs:nil
sgml-local-ecat-files:nil
End:
vim600: syn=xml fen fdm=syntax fdl=2 si
vim: et tw=78 syn=sgml
vi: ts=1 sw=1
-->
