<?xml version="1.0" encoding="UTF-8"?>
<!-- $Revision: 4278 $ -->
  <sect1 id="variable.config.overwrite">
  <title>$config_overwrite</title>
  <para>
  默认为true，设置为true时， <link linkend="config.files">配置文件</link>
  内的变量将覆盖每个相同名称的变量值。
  当false时，相同名称的变量将合并成一个数组。
  这在你希望把配置文件内变量变成数组来循环使用的时候非常有用。
  </para>

  <example>
    <title>#变量#数组</title>
    <para>
	以下例子是，当<parameter>$config_overwrite</parameter>为false时，
	使用<link linkend="language.function.cycle"><varname>{cycle}</varname></link>
	来显示一个在每列上交替红/绿/蓝三种颜色的表格。
    </para>
    <para>配置文件</para>
    <programlisting>
<![CDATA[
# 行列的颜色
rowColors = #FF0000
rowColors = #00FF00
rowColors = #0000FF
]]>
    </programlisting>
    <para>
	带<link linkend="language.function.section">
      <varname>{section}</varname></link>循环的模板。
      </para>
    <programlisting>
<![CDATA[
<table>
  {section name=r loop=$rows}
  <tr bgcolor="{cycle values=#rowColors#}">
    <td> ....etc.... </td>
  </tr>
  {/section}
</table>
]]>
    </programlisting>
  </example>
    <para>
    参见
    <link linkend="language.function.config.load"><varname>{config_load}</varname></link>,
    <link linkend="api.get.config.vars"><varname>getConfigVars()</varname></link>,
    <link linkend="api.clear.config"><varname>clearConfig()</varname></link>,
    <link linkend="api.config.load"><varname>configLoad()</varname></link>
    和<link linkend="config.files">配置文件</link>。
  </para>

</sect1>
<!-- Keep this comment at the end of the file
Local variables:
mode: sgml
sgml-omittag:t
sgml-shorttag:t
sgml-minimize-attributes:nil
sgml-always-quote-attributes:t
sgml-indent-step:1
sgml-indent-data:t
indent-tabs-mode:nil
sgml-parent-document:nil
sgml-default-dtd-file:"../../../../manual.ced"
sgml-exposed-tags:nil
sgml-local-catalogs:nil
sgml-local-ecat-files:nil
End:
vim600: syn=xml fen fdm=syntax fdl=2 si
vim: et tw=78 syn=sgml
vi: ts=1 sw=1
-->
