<?xml version="1.0" encoding="UTF-8"?>
<!-- $Revision: 3827 $ -->
     <sect1 id="variable.allow.php.templates">
      <title>$allow_php_templates</title>
      <para>
	  默认PHP模板文件是不允许使用的。设置<varname>$allow_php_templates</varname>为true，则允许使用PHP模板文件。
      </para>
      <para>
       
        <informalexample>
        <programlisting role="php">
<![CDATA[
<?php
$smarty->allow_php_templates = true;
?>
]]>
        </programlisting>
       </informalexample>
      </para>
      <note>
       <para>
	   PHP模板文件是一个不在文档中注明的废弃特性。
       </para>
      </note>
     </sect1>

<!-- Keep this comment at the end of the file
Local variables:
mode: sgml
sgml-omittag:t
sgml-shorttag:t
sgml-minimize-attributes:nil
sgml-always-quote-attributes:t
sgml-indent-step:1
sgml-indent-data:t
indent-tabs-mode:nil
sgml-parent-document:nil
sgml-default-dtd-file:"../../../../manual.ced"
sgml-exposed-tags:nil
sgml-local-catalogs:nil
sgml-local-ecat-files:nil
End:
vim600: syn=xml fen fdm=syntax fdl=2 si
vim: et tw=78 syn=sgml
vi: ts=1 sw=1
-->
