<?xml version="1.0" encoding="UTF-8"?>
<!-- $Revision: 3827 $ -->
     <sect1 id="variable.debugging">
      <title>$debugging</title>
      <para>
	  <link
        linkend="chapter.debugging.console">调试控制台</link>的开关设置。
		控制台以javascript弹出窗口的方式显示调试信息。
		调试信息包括<link linkend="language.function.include">包含</link>的模板，
		从PHP<link linkend="api.assign">赋值</link>过来的变量，还有
		<link linkend="language.config.variables">预配置变量</link>等信息。
	   控制台不会显示在模板里面通过<link linkend="language.function.assign"><varname>{assign}</varname>
       </link>函数进行赋值的变量。
      </para>
      <para>
	  使用<link linkend="variable.debugging.ctrl">
      <parameter>$debugging_ctrl</parameter></link>可以通过URL的方式来开启控制台。
      </para>
      <para>
     参见
      <link linkend="language.function.debug"><varname>{debug}</varname></link>,
      <link linkend="variable.debug_template"><parameter>$debug_tpl</parameter></link>,
      和 <link linkend="variable.debugging.ctrl"><parameter>$debugging_ctrl</parameter></link>.
      </para>
</sect1>
<!-- Keep this comment at the end of the file
Local variables:
mode: sgml
sgml-omittag:t
sgml-shorttag:t
sgml-minimize-attributes:nil
sgml-always-quote-attributes:t
sgml-indent-step:1
sgml-indent-data:t
indent-tabs-mode:nil
sgml-parent-document:nil
sgml-default-dtd-file:"../../../../manual.ced"
sgml-exposed-tags:nil
sgml-local-catalogs:nil
sgml-local-ecat-files:nil
End:
vim600: syn=xml fen fdm=syntax fdl=2 si
vim: et tw=78 syn=sgml
vi: ts=1 sw=1
-->
