<?xml version="1.0" encoding="UTF-8"?>
<!-- $Revision: 3841 $ -->
  <sect1 id="caching.setting.up">
   <title>配置缓存时间</title>
   <para>
   缓存可以通过设置
   <link
    linkend="variable.caching">
    <parameter>$caching</parameter></link>为：<literal>Smarty::CACHING_LIFETIME_CURRENT</literal> 或 <literal>Smarty::CACHING_LIFETIME_SAVED</literal>来开启。
   </para>
   <example>
    <title>开启缓存</title>
    <programlisting role="php">
<![CDATA[
<?php
require('Smarty.class.php');
$smarty = new Smarty;

// 使用$smarty->cacheLifetime()可以更精确定义缓存时间

$smarty->setCaching(Smarty::CACHING_LIFETIME_CURRENT);

$smarty->display('index.tpl');
?>
]]>
    </programlisting>
   </example>
   <para>
   开启了缓存，调用<literal>display('index.tpl')</literal>
   会正常渲染模板，但也会保存一份输出的内容到<link linkend="variable.cache.dir"><parameter>$cache_dir</parameter></link>目录下的文件中（缓存副本）。
	在下一次调用<literal>display('index.tpl')</literal>，
	缓存文件会替代渲染模板的过程。
   </para>
   <note>
    <title>技术说明</title>
    <para>
	在<link linkend="variable.cache.dir"><parameter>$cache_dir</parameter></link>下的文件，文件名与模板名称相似。
	虽然这些文件也有<filename>.php</filename> 后缀，但它们不会被直接执行。请不要编辑这些文件！
    </para>
   </note>
   <para>
   每个缓存页面都有一个缓存过期时间<link
    linkend="variable.cache.lifetime"><parameter>$cache_lifetime</parameter></link>。
	默认是3600秒，也就是一小时。
	当超过了此时间，缓存将被重新生成。
	当设置<link linkend="variable.caching"><parameter>$caching</parameter></link>为<literal>Smarty::CACHING_LIFETIME_SAVED</literal>时，可以给每个缓存设置其单独的缓存时间。
    参见<link
    linkend="variable.cache.lifetime"><parameter>$cache_lifetime</parameter></link>。
   </para>
   <example>
    <title>为每个缓存设置$cache_lifetime</title>
    <programlisting role="php">
<![CDATA[
<?php
require('Smarty.class.php');
$smarty = new Smarty;

// 让每个缓存的过期时间都可以在display执行前单独设置。
$smarty->setCaching(Smarty::CACHING_LIFETIME_SAVED);

// 设置index.tpl的过期时间为5分钟
$smarty->setCacheLifetime(300);
$smarty->display('index.tpl');

// 设置home.tpl的过期时间为1小时
$smarty->setCacheLifetime(3600);
$smarty->display('home.tpl');

// 注意：当$caching设置了Smarty::CACHING_LIFETIME_SAVED后，
// 下面的$cache_lifetime将不会起效。
// home.tpl已经设置了过期时间为1小时，
// 所以不会再遵循下面的$cache_lifetime值，
// home.tpl的过期时间还是1小时。
$smarty->setCacheLifetime(30); // 30 秒
$smarty->display('home.tpl');
?>
]]>
    </programlisting>
   </example>
   <para>
   当<link linkend="variable.compile.check">
    <parameter>$compile_check</parameter></link>开启的时候（默认开启），
	每个模板文件和配置文件都会在缓存检查的时候执行编译检查。
	如果这些文件在缓存生成后被修改，那么缓存会马上重新生成。
    这是一个覆盖的选项，所以更好的性能建议把
	<link linkend="variable.compile.check"><parameter>$compile_check</parameter>
    </link>设置成false。
   </para>
   <example>
    <title>关闭 $compile_check</title>
    <programlisting role="php">
<![CDATA[
<?php
require('Smarty.class.php');
$smarty = new Smarty;

$smarty->setCaching(Smarty::CACHING_LIFETIME_CURRENT);
$smarty->setCompileCheck(false);

$smarty->display('index.tpl');
?>
]]>
    </programlisting>
   </example>
   <para>
   如果开启了<link linkend="variable.force.compile">
    <parameter>$force_compile</parameter></link>，
	缓存文件将总是会重新生成。效果和关闭缓存是一样的，
	而且还会降低性能。
    <link linkend="variable.force.compile"><parameter>$force_compile</parameter>
    </link>一般用于
    <link linkend="chapter.debugging.console">调试</link>的目的。
	更确当的方式是把缓存<link
    linkend="variable.caching"><parameter>$caching</parameter>
    </link>设置成Smarty::CACHING_OFF。
   </para>
   <para>
    <link linkend="api.is.cached"><varname>isCached()</varname></link>
	函数可以检查模板的缓存是否存在。
	如果你的模板是需要读取某些数据（如数据库），
	那么你可以用它来跳过这个过程。
   </para>
   <example>
    <title>使用 isCached()</title>
    <programlisting role="php">
<![CDATA[
<?php
require('Smarty.class.php');
$smarty = new Smarty;

$smarty->setCaching(Smarty::CACHING_LIFETIME_CURRENT);

if(!$smarty->isCached('index.tpl')) {
	// 找不到缓存，这里进行一些赋值操作
    $contents = get_database_contents();
    $smarty->assign($contents);
}

$smarty->display('index.tpl');
?>
]]>
    </programlisting>
   </example>
   <para>
   你可以使用<link
    linkend="language.function.nocache"><varname>{nocache}{/nocache}</varname></link>来设置页面上部分区块是动态的（不缓存），
	同样你也可以使用
	<link linkend="language.function.insert"><varname>{insert}</varname></link>函数，或者<literal>nocache</literal>参数来达到同样目的。
   </para>
   <para>  
   比如说我们希望把整个页面缓存，除了页面两边显示的banner广告。
   那么我们可以用<link linkend="language.function.insert"><varname>{insert}</varname></link>来显示banner广告，
   这样就可以在缓存的内容里面，保存广告部分的动态效果。
	参见
    <link linkend="language.function.insert"><varname>{insert}</varname></link>的详细文档。
   </para>
   <para>
   你可以通过<link
    linkend="api.clear.all.cache"><varname>clearAllCache()</varname></link>来删除全部缓存，或者
	用<link
    linkend="api.clear.cache"><varname>clearCache()</varname></link> 
	来删除特定的<link linkend="caching.groups">缓存组</link>
	的缓存内容。
   </para>
   <example>
    <title>删除缓存</title>
    <programlisting role="php">
<![CDATA[
<?php
require('Smarty.class.php');
$smarty = new Smarty;

$smarty->setCaching(Smarty::CACHING_LIFETIME_CURRENT);

// 仅删除index.tpl的缓存
$smarty->clearCache('index.tpl');

// 删除全部缓存
$smarty->clearAllCache();

$smarty->display('index.tpl');
?>
]]>
    </programlisting>
   </example>

  </sect1>

<!-- Keep this comment at the end of the file
Local variables:
mode: sgml
sgml-omittag:t
sgml-shorttag:t
sgml-minimize-attributes:nil
sgml-always-quote-attributes:t
sgml-indent-step:1
sgml-indent-data:t
indent-tabs-mode:nil
sgml-parent-document:nil
sgml-default-dtd-file:"../../../../manual.ced"
sgml-exposed-tags:nil
sgml-local-catalogs:nil
sgml-local-ecat-files:nil
End:
vim600: syn=xml fen fdm=syntax fdl=2 si
vim: et tw=78 syn=sgml
vi: ts=1 sw=1
-->
