<?xml version="1.0" encoding="UTF-8"?>
<!-- $Revision: 3839 $ -->
   <sect1 id="caching.groups">
    <title>缓存组</title>
     <para>
	 你可以通过设置<parameter>$cache_id</parameter>更精细地组织你的缓存。
	 在<parameter>$cache_id</parameter>值中使用竖线<literal>|</literal>来设置缓存组，
	 同时你可以根据需要设置多个缓存组。
     </para>

     <itemizedlist>
     <listitem><para>
	 你可以把缓存组理解成目录层次结构。
	 比如缓存组<literal>'a|b|c'</literal>可以理解成目录结构<literal>'/a/b/c/'</literal>。
      </para></listitem>

      <listitem><para>
      <literal>clearCache(null,'a|b|c')</literal>相等于删除文件 <literal>'/a/b/c/*'</literal>。
      <literal>clearCache(null,'a|b')</literal>相等于删除文件 <literal>'/a/b/*'</literal>。
      </para></listitem>

      <listitem><para>
	  如果你按照<literal>clearCache(null,'a|b','foo')</literal>的方式来设置
	  <link linkend="variable.compile.id"><parameter>$compile_id</parameter></link>，
	  那么它将自动附带一个<link linkend="variable.compile.id"><parameter>$compile_id</parameter></link>
	  的缓存组。
      </para></listitem>

      <listitem><para>
	  如果你按照<literal>clearCache('foo.tpl','a|b|c')</literal>的方式来设置模板名称，
	  然后Smarty将试图删除<literal>'/a/b/c/foo.tpl'</literal>。
      </para></listitem>

      <listitem><para>
	  因为缓存组是“从左到右”顺序删除缓存的，所以你不能单独删除某个缓存如<literal>'/a/b/*/foo.tpl'</literal>。
	  你可以另外再设置一个缓存组来达到此目的。
     </para></listitem>
     </itemizedlist>

     <para>
	 不能混淆缓存组和模板目录结构，缓存组与你的模板层次结构是无关的。
      比如说，你有一个模板文件<filename>themes/blue/index.tpl</filename>，
	  然后你想删除全部带<quote>blue</quote>的主题（theme），
	  这样你可以参考模板目录结构来创建一个缓存组，如
	   <literal>display('themes/blue/index.tpl','themes|blue')</literal>，
	   之后你可以通过<literal>clearCache(null,'themes|blue')</literal>来删除它们。
     </para>
     <example>
      <title>$cache_id 组</title>
      <programlisting role="php">
<![CDATA[
<?php
require('Smarty.class.php');
$smarty = new Smarty;

$smarty->setCaching(Smarty::CACHING_LIFETIME_CURRENT);

// 删除全部'sports|basketball'的缓存
$smarty->clearCache(null,'sports|basketball');

// 删除全部"sports"下的缓存，这里包括了
// "sports|basketball", 或者 "sports|(anything)|(anything)|(anything)|..."等等
$smarty->clearCache(null,'sports');

// 删除"sports|basketball"下的foo.tpl缓存文件
$smarty->clearCache('foo.tpl','sports|basketball');


$smarty->display('index.tpl','sports|basketball');
?>
]]>
      </programlisting>
     </example>

    </sect1>

<!-- Keep this comment at the end of the file
Local variables:
mode: sgml
sgml-omittag:t
sgml-shorttag:t
sgml-minimize-attributes:nil
sgml-always-quote-attributes:t
sgml-indent-step:1
sgml-indent-data:t
indent-tabs-mode:nil
sgml-parent-document:nil
sgml-default-dtd-file:"../../../../manual.ced"
sgml-exposed-tags:nil
sgml-local-catalogs:nil
sgml-local-ecat-files:nil
End:
vim600: syn=xml fen fdm=syntax fdl=2 si
vim: et tw=78 syn=sgml
vi: ts=1 sw=1
-->
