<?xml version="1.0" encoding="UTF-8"?>
<!-- $Revision: 3839 $ -->
   <sect1 id="caching.multiple.caches">
    <title>单页多个缓存</title>
    <para>
	在调用<link linkend="api.display"><varname>display()</varname></link>或者
	<link linkend="api.fetch"><varname>fetch()</varname></link>的时候，
	你可以设置单个页面有多个缓存。
	当我们希望执行<literal>display('index.tpl')</literal>的时候，
	可以根据不同的情况来生成不同的缓存，并且可以单独区分，
	那么就需要设置<parameter>$cache_id</parameter>为第二个参数来实现了。
    </para>
    <example>
     <title>display()的参数作为$cache_id</title>
     <programlisting role="php">
<![CDATA[
<?php
require('Smarty.class.php');
$smarty = new Smarty;

$smarty->setCaching(Smarty::CACHING_LIFETIME_CURRENT);

$my_cache_id = $_GET['article_id'];

$smarty->display('index.tpl', $my_cache_id);
?>
]]>
     </programlisting>
    </example>
    <para>
	上面，我们将<literal>$my_cache_id</literal>值作为<parameter>$cache_id</parameter>参数传递给
	<link linkend="api.display"><varname>display()</varname></link>。
     每个单独的<literal>$my_cache_id</literal>值，对应将会有单独的
	 <filename>index.tpl</filename>模板的缓存文件生成。
	在这个例子里面，<parameter>$cache_id</parameter>是我们从URL中获得的<literal>article_id</literal>。
    </para>
    <note>
     <title>技术说明</title>
     <para>
	 当客户端（浏览器）传递值到Smarty或任何的PHP程序时，务必谨慎。
	 虽然上面例子通过URL传递article_id显得比较方便，但可能会引起问题。
      <parameter>$cache_id</parameter>值会用来建立文件目录的，
	  所以如果用户故意传递了非常大的值给article_id，或写个快速循环的脚本来发送随机的article_id，
	  那么这很有可能引起一些服务器端的问题。
	  要记住，使用任何数据前要先检查。
	  在上面的例子中，或许article_id有10个字符的长度，
	  仅可以是字母数组的组合，而且还应该是存在于数据库内，那么，你就应该检查它！
     </para>
    </note>
    <para>
	确保用同一个<parameter>$cache_id</parameter>作为
     <link linkend="api.is.cached"><varname>isCached()</varname></link> 和
     <link linkend="api.clear.cache"><varname>clearCache()</varname></link>的第二个参数。
    </para>
    <example>
     <title>给 isCached() 传递一个 cache_id </title>
     <programlisting role="php">
<![CDATA[
<?php
require('Smarty.class.php');
$smarty = new Smarty;

$smarty->setCaching(Smarty::CACHING_LIFETIME_CURRENT);

$my_cache_id = $_GET['article_id'];

if(!$smarty->isCached('index.tpl',$my_cache_id)) {
    // 没有缓存，这里将进行一些赋值操作
    $contents = get_database_contents();
    $smarty->assign($contents);
}

$smarty->display('index.tpl',$my_cache_id);
?>
]]>
     </programlisting>
    </example>
    <para>
	要删除特定<parameter>$cache_id</parameter>的全部缓存，
	同时需要给<link linkend="api.clear.cache"><varname>clearCache()</varname></link>
	传递null作为第一个参数。
    </para>
    <example>
     <title>删除特定$cache_id的缓存</title>
     <programlisting role="php">
<![CDATA[
<?php
require('Smarty.class.php');
$smarty = new Smarty;

$smarty->setCaching(Smarty::CACHING_LIFETIME_CURRENT);

// 删除$cache_id为"sports"的全部缓存
$smarty->clearCache(null,'sports');

$smarty->display('index.tpl','sports');
?>
]]>
     </programlisting>
    </example>
    <para>
	按这种方式，你可以通过设置同一个<parameter>$cache_id</parameter>来把你的缓存<quote>组织</quote>起来。
    </para>

   </sect1>

<!-- Keep this comment at the end of the file
Local variables:
mode: sgml
sgml-omittag:t
sgml-shorttag:t
sgml-minimize-attributes:nil
sgml-always-quote-attributes:t
sgml-indent-step:1
sgml-indent-data:t
indent-tabs-mode:nil
sgml-parent-document:nil
sgml-default-dtd-file:"../../../../manual.ced"
sgml-exposed-tags:nil
sgml-local-catalogs:nil
sgml-local-ecat-files:nil
End:
vim600: syn=xml fen fdm=syntax fdl=2 si
vim: et tw=78 syn=sgml
vi: ts=1 sw=1
-->
