<?xml version="1.0" encoding="UTF-8"?>
<!-- $Revision: 4289 $ -->
<bookinfo id="bookinfo">
  <title>Smarty - PHP模板引擎</title>
  <authorgroup id="authors">
   <author>
    <firstname>Monte</firstname>
    <surname>Ohrt &lt;monte at ohrt dot com&gt;</surname>
   </author>
   <author>
    <firstname>Uwe</firstname>
    <surname>Tews &lt;uwe dot tews at googlemail dot com&gt;</surname>
   </author>
  </authorgroup>
  <authorgroup id="translators">
   <author>
    <firstname>jake</firstname><surname>&lt;jake at speedphp dot com&gt;</surname>
   </author>
  </authorgroup>
  <pubdate>&build-date;</pubdate>
  <copyright>
   <year>2001-2011</year>
   <holder>New Digital Group, Inc.</holder>
  </copyright>
 </bookinfo>
<!-- Keep this comment at the end of the file
Local variables:
mode: sgml
sgml-omittag:t
sgml-shorttag:t
sgml-minimize-attributes:nil
sgml-always-quote-attributes:t
sgml-indent-step:1
sgml-indent-data:t
indent-tabs-mode:nil
sgml-parent-document:nil
sgml-default-dtd-file:"../../../../manual.ced"
sgml-exposed-tags:nil
sgml-local-catalogs:nil
sgml-local-ecat-files:nil
End:
vim600: syn=xml fen fdm=syntax fdl=2 si
vim: et tw=78 syn=sgml
vi: ts=1 sw=1
-->
