<?xml version="1.0" encoding="UTF-8"?>
<!-- $Revision: 4314 $ -->
<part id="getting.started">
 <title>开始</title>

 <chapter id="what.is.smarty">
  <title>Smarty是什么?</title>
  <para>
  Smarty是一个PHP的模板引擎。更明确来说，它可以帮助开发者更好地
  分离程序逻辑和页面显示。最好的例子，是当程序员和模板设计师是不同的两个角色的情况，而且
  大部分时候都不是同一个人的情况。
  </para>

  <para>
  举个例子，现在你要制作一个页面来显示新闻内容。
   </para>
   <itemizedlist>
   <listitem><para>
   文章内有<literal>$headline</literal>, <literal>$tagline</literal>,
   <literal>$author</literal> 和 <literal>$body</literal>等各部分内容，
   这些内容没有包括它们如何被显示的信息。
   程序将它们<link linkend="api.assign">传递</link>给Smarty。
   </para></listitem>

   <listitem><para>
   然后，模板设计师编辑模板，使用HTML标签和
   <link linkend="language.basic.syntax">模板标签</link>，来对这些内容进行排版显示，
   如表格、DIV、背景颜色、字体大小、样式表、SVG等等。
   </para></listitem>

   <listitem><para>
   当有一天，程序员需要改变文章数据内容的获取方式，也就是修改程序逻辑。
   那么这个改变不会影响到模板设计师的工作，内容还是会传递到模板。
   </para></listitem>

   <listitem><para>
   同样的，如果模板设计师想要完全重新设计模板，也可以做到完全不需要修改程序逻辑。
   </para></listitem>

   <listitem><para>
   所以，程序员可以改变程序逻辑，而不需要调整模板页面；
   模板设计师也可以修改模板，而不会打断程序逻辑。
  </para></listitem>
  </itemizedlist>

  <para>
  业务逻辑和显示逻辑分离，是Smarty的一个设计理念。
   </para>

   <itemizedlist>
   <listitem><para>
   这意味着模板可以包含部分仅作为显示用的逻辑代码。
   这些显示逻辑如：<link linkend="language.function.include">包含</link>
   其他模板，<link linkend="language.function.cycle">交替</link>设置表格每行的颜色，
   把变量转为
   <link linkend="language.modifier.upper">大写</link>字母，
   <link linkend="language.function.foreach">循环</link>遍历数组并
   <link linkend="api.display">显示</link>出来。
   </para></listitem>
   <listitem><para>
   Smarty也不是无论如何也强制分离业务和显示逻辑。毕竟Smarty
   无法知道谁是谁，所以，会不会把业务逻辑放到模板也是看你怎么处理。
    </para></listitem>
   <listitem><para>
   同时，如果你希望在你的模板里<emphasis>没有</emphasis>任何的逻辑代码，你也可以
	把模板写成仅剩下文字和变量。
  </para></listitem>
  </itemizedlist>

  <para>
   <emphasis role="bold">Smarty的一些特性:</emphasis>
  </para>
  <itemizedlist>
   <listitem>
    <para>
	非常快速。
    </para>
   </listitem>
   <listitem>
    <para>
	比PHP内嵌到HTML中的做法要有效率的多。
    </para>
   </listitem>
   <listitem>
    <para>
	无模板解析的开销，只编译一次。
    </para>
   </listitem>
   <listitem>
    <para>
	仅当模板文件被修改后才会聪明地<link linkend="variable.compile.check">重新编译</link>。
    </para>
   </listitem>
   <listitem>
    <para>
	你可以很容易创建自己的<link
     linkend="language.custom.functions">函数</link>
     和 <link linkend="language.modifiers">变量修饰器</link>，非常具有可扩展性。
    </para>
   </listitem>
   <listitem>
    <para>
	可配置的模板定界符语法<link linkend="variable.left.delimiter">{delimiter}</link>，
	你可以使用<literal>{$foo}</literal>, <literal>{{$foo}}</literal>,
     <literal>&lt;!--{$foo}--&gt;</literal>等等。
    </para>
   </listitem>
   <listitem>
    <para>
	条件判断语句<link linkend="language.function.if">
     <literal>{if}..{elseif}..{else}..{/if}</literal></link>
	 会直接使用PHP解析，所以<literal>{if...}</literal>后可以是简单或者较复杂的表达式。
    </para>
   </listitem>
   <listitem>
    <para>
	支持无限的<link linkend="language.function.section">
     <varname>sections</varname></link>, <varname>if</varname>等的嵌套。
    </para>
   </listitem>
   <listitem>
    <para>
     内置<link linkend="caching">缓存</link>支持。
    </para>
   </listitem>
   <listitem>
    <para>
	任意的<link linkend="resources">模板</link>源。
    </para>
   </listitem>
   <listitem>
    <para>
    <link linkend="advanced.features.template.inheritance">模板继承</link>
	可以轻松管理模板和内容。
    </para>
   </listitem>
   <listitem>
    <para>
     <link linkend="plugins">插件</link> 架构。
    </para>
   </listitem>
  </itemizedlist>
 </chapter>





 <chapter id="installation">
  <title>安装</title>

  <sect1 id="installation.requirements">
   <title>环境需求</title>
   <para>
   Smarty需要运行PHP5.2或更高版本的服务器。
   </para>
  </sect1>

  <sect1 id="installing.smarty.basic">
   <title>基础安装</title>

   <para>
   在Smarty发行包中，目录<filename class="directory">/libs/</filename>
   里面的文件就是Smarty的库文件。
   库文件都是<filename>.php</filename>文件，开发者不应该编辑它们。
   库文件可以多个应用程序共用，而且只在升级新版本的Smarty时进行覆盖。
   </para>
   <para>
   下面的例子Smarty的库文件被解压：
   <itemizedlist>
   <listitem><para>
   <filename class="directory">/usr/local/lib/Smarty-v.e.r/</filename> 在 *nix
   的环境</para></listitem>
   <listitem><para> 以及
   <filename class="directory">c:\webroot\libs\Smarty-v.e.r\</filename> 在
   windows 环境.</para></listitem>
   </itemizedlist>
   </para>

   <example>
    <title>载入Smarty库文件</title>
    <screen>
<![CDATA[
Smarty-v.e.r/
   libs/
      Smarty.class.php
      debug.tpl
      sysplugins/* (everything)
      plugins/*    (everything)
]]>
    </screen>
   </example>

   <para>
   Smarty的<link linkend="constant.smarty.dir"><constant>SMARTY_DIR</constant>
    </link><ulink url="&url.php-manual;define">常量</ulink>，是定义
	Smarty库文件<filename>libs/</filename>目录的
	<emphasis role="bold">完整系统路径</emphasis>。
	一般来说，如果你的程序可以找到<filename>Smarty.class.php</filename>文件，
	那么你不需要设置<link linkend="constant.smarty.dir"><constant>SMARTY_DIR</constant></link>，
	Smarty会自行进行赋值。
	然而，如果<filename>Smarty.class.php</filename>文件不在你的
	<ulink url="&url.php-manual;ini.core.php#ini.include-path">include_path</ulink>内，
	或者你不能在程序中使用绝对路径的时候，那么你需要定义<constant>SMARTY_DIR</constant>。
    <constant>SMARTY_DIR</constant> <emphasis role="bold">必须以斜杠（/）结尾。</emphasis>.
   </para>


   <informalexample>
   <para>
   在PHP中实例化Smarty对象的方法： 
   </para>
    <programlisting role="php">
<![CDATA[
<?php
// NOTE: Smarty has a capital 'S'
require_once('Smarty.class.php');
$smarty = new Smarty();
?>
]]>
    </programlisting>
   </informalexample>

   <para>
   运行上面的程序。如果发生错误提示说找不到<filename>Smarty.class.php</filename>文件,
   那么你需要按下面的其中一种方法来处理：
   </para>

   <example>
    <title>手动指定 SMARTY_DIR 常量</title>
    <programlisting role="php">
<![CDATA[
<?php
// *nix style (note capital 'S')
define('SMARTY_DIR', '/usr/local/lib/Smarty-v.e.r/libs/');

// windows style
define('SMARTY_DIR', 'c:/webroot/libs/Smarty-v.e.r/libs/');

// hack version example that works on both *nix and windows
// Smarty is assumend to be in 'includes/' dir under current script
define('SMARTY_DIR',str_replace("\\","/",getcwd()).'/includes/Smarty-v.e.r/libs/');

require_once(SMARTY_DIR . 'Smarty.class.php');
$smarty = new Smarty();
?>
]]>
    </programlisting>
   </example>

   <example>
    <title>用绝对路径引用库文件</title>
    <programlisting role="php">
<![CDATA[
<?php
// *nix style (note capital 'S')
require_once('/usr/local/lib/Smarty-v.e.r/libs/Smarty.class.php');

// windows style
require_once('c:/webroot/libs/Smarty-v.e.r/libs/Smarty.class.php');

$smarty = new Smarty();
?>
]]>
    </programlisting>
   </example>

   <example>
    <title>将库文件路径增加到<filename>php.ini</filename> 文件</title>
     <programlisting role="php">
<![CDATA[
;;;;;;;;;;;;;;;;;;;;;;;;;
; Paths and Directories ;
;;;;;;;;;;;;;;;;;;;;;;;;;

; *nix: "/path1:/path2"
include_path = ".:/usr/share/php:/usr/local/lib/Smarty-v.e.r/libs/"

; Windows: "\path1;\path2"
include_path = ".;c:\php\includes;c:\webroot\libs\Smarty-v.e.r\libs\"
]]>
</programlisting>
</example>

<example>
    <title>通过函数<literal><ulink url="&url.php-manual;ini-set">ini_set()</ulink></literal>
	来设置include path
    </title>
    <programlisting role="php">
<![CDATA[
<?php
// *nix
ini_set('include_path', ini_get('include_path').PATH_SEPARATOR.'/usr/local/lib/Smarty-v.e.r/libs/');

// windows
ini_set('include_path', ini_get('include_path').PATH_SEPARATOR.'c:/webroot/lib/Smarty-v.e.r/libs/');
?>
]]>
    </programlisting>
   </example>

   <para>
   现在，库文件已经放好了，可以开始为你的程序配置Smarty了：</para>

    <itemizedlist>
    <listitem><para>
	Smarty可配置四个目录，默认名称分别是
	<filename class="directory">templates/</filename>,
    <filename class="directory">templates_c/</filename>, <filename
    class="directory">configs/</filename> 和 <filename
    class="directory">cache/</filename>。
    </para></listitem>

    <listitem><para>
	这些都分别对应Smarty类的属性定义
    <link linkend="variable.template.dir">
    <varname>$template_dir</varname></link>,
    <link linkend="variable.compile.dir">
    <varname>$compile_dir</varname></link>,
    <link linkend="variable.config.dir">
    <varname>$config_dir</varname></link>, 和
    <link linkend="variable.cache.dir">
    <varname>$cache_dir</varname></link>。
    </para></listitem>

     <listitem><para>
	 强烈建议分别在每个使用Smarty的程序中都单独定义这些目录。
     </para></listitem>
     <listitem><para>
	 你可以通过<link linkend="api.test.install"><varname>testInstall()</varname></link>
	 来测试Smarty是否有权限读写这些目录。
     </para></listitem>
    </itemizedlist>

    <para>
	在下面的安装例子中，我们将为一个留言本程序建立Smarty环境。
	我们提供了一个目录命名约定的例子。
	你可以为任何的程序建立同样的环境，仅需要修改<literal>guestbook/</literal>名称。
    </para>


   <example>
    <title>目录文件结构</title>
    <screen>
<![CDATA[
/usr/local/lib/Smarty-v.e.r/libs/
        Smarty.class.php
        debug.tpl
        sysplugins/*
        plugins/*

/web/www.example.com/
        guestbook/
        templates/
            index.tpl
        templates_c/
        configs/
        cache/
        htdocs/
            index.php
]]>
    </screen>
   </example>

   <para>
   明确你的web服务器文档根目录。在下面的例子中，
   文档根目录是<filename
    class="directory">/web/www.example.com/guestbook/htdocs/</filename>。
	Smarty目录仅可以通过Smarty库文件访问，而不能直接被浏览器访问。
	这样可以避免一些安全问题，强烈建议（但不强制）把这些目录
	放到WEB服务器文档根目录<emphasis>之外</emphasis>。
   </para>

   <para>
   将会有至少一个文件是放到文档根目录的，这个文件也会被浏览器访问到。
   我们将这文件命名为<filename>index.php</filename>, 
   放置到文档根目录<filename class="directory">/htdocs/</filename>中。
   </para>


   <para>
   Smarty需要一些对目录的
   <emphasis role="bold">读写权限</emphasis>
    (windows用户请忽略)，包括
    <link linkend="variable.compile.dir">
    <parameter>$compile_dir</parameter></link> 和
    <link linkend="variable.cache.dir">
    <parameter>$cache_dir</parameter></link> 目录
    (<filename class="directory">templates_c/</filename> 和
    <filename class="directory">cache/</filename>), 
	所以，要确保web服务器用户有权限读写它们。

    <note><para>
	通常是用户<quote>nobody</quote> 和组<quote>nobody</quote>. 
	OS X用户，默认用户是<quote>www</quote>和组<quote>www</quote>.
	如果你使用Apache，你可以看看你的<filename>httpd.conf</filename>
	来确定是使用什么用户和组的。</para></note>
    </para>

   <example>
    <title>设置目录的读写权限</title>
    <programlisting role="shell">
<![CDATA[
chown nobody:nobody /web/www.example.com/guestbook/templates_c/
chmod 770 /web/www.example.com/guestbook/templates_c/

chown nobody:nobody /web/www.example.com/guestbook/cache/
chmod 770 /web/www.example.com/guestbook/cache/
]]>
    </programlisting>
   </example>

   <note>
    <title>说明</title>
    <para>
     <literal>chmod 770</literal>是比较适当的安全设置，仅允许
	 用户<quote>nobody</quote>和组<quote>nobody</quote>可以读写访问这些目录。
	 如果你希望能让所有人都能读取该目录 (大部分是因为你需要方便查看这些目录内的文件), 
	 你可以使用<literal>775</literal>。
    </para>
   </note>

   <para>
   我们需要创建文件<filename>index.tpl</filename>，然后供Smarty显示。
   文件需要放到<link linkend="variable.template.dir">
    <parameter>$template_dir</parameter></link>目录内。
   </para>

   <example>
    <title>/web/www.example.com/guestbook/templates/index.tpl</title>
    <screen>
<![CDATA[
{* Smarty *}

Hello {$name}, welcome to Smarty!
]]>
    </screen>
   </example>

   <note>
    <title>技术说明</title>
    <para>
     <literal>{* Smarty *}</literal>是模板的
     <link linkend="language.syntax.comments">注释</link>.
	 虽然不是必须的，但在模板内添加注释这是个很好的习惯。
	 它可以帮助识别出文件类型，而不需要看后缀。
	 比如说，代码编辑器可以识别该文件并自动语法高亮。
    </para>
   </note>

   <para>
   现在，我们来修改<filename>index.php</filename>. 
   我们将创建Smarty的实例，给模板<link linkend="api.assign"><varname>assign()</varname></link>
赋值变量， 并且<link linkend="api.display"><varname>display()</varname></link>显示该模板文件
<filename>index.tpl</filename>。
   </para>

   <example>
    <title>修改 /web/www.example.com/docs/guestbook/index.php</title>
    <programlisting role="php">
<![CDATA[
<?php

require_once(SMARTY_DIR . 'Smarty.class.php');

$smarty = new Smarty();

$smarty->setTemplateDir('/web/www.example.com/guestbook/templates/');
$smarty->setCompileDir('/web/www.example.com/guestbook/templates_c/');
$smarty->setConfigDir('/web/www.example.com/guestbook/configs/');
$smarty->setCacheDir('/web/www.example.com/guestbook/cache/');

$smarty->assign('name','Ned');

//** un-comment the following line to show the debug console
//$smarty->debugging = true;

$smarty->display('index.tpl');

?>
]]>
    </programlisting>
   </example>

   <note>
    <title>说明</title>
    <para>
	在我们的例子中，我们为Smarty的目录使用了绝对路径。
	如果<filename
     class="directory">/web/www.example.com/guestbook/</filename>在你PHP的include_path内，
		那么，这些设置不是必须的。
	然而，设置成绝对路径，是更高效和更不容易出错（来自经验）。
	这可以保证Smarty的目录路径被设置成正确的。
    </para>
   </note>

   <para>
   现在，用浏览器访问<filename>index.php</filename>文件。
   你可以看到<emphasis>"Hello Ned, welcome to Smarty!"</emphasis>
   </para>
   <para>
   你已经完成了Smarty的基础安装！
   </para>
  </sect1>





  <sect1 id="installing.smarty.extended">
   <title>进阶安装</title>

   <para>
   这是<link
    linkend="installing.smarty.basic">基础安装</link>的进阶，请先阅读基础安装文章。
   </para>
   <para>
   稍微更灵活的方式是使用<ulink url="&url.php-manual;ref.classobj">扩展类</ulink>来安装Smarty和初始化。
   代替反复地定义路径，赋同样的值等等，我们可以把这些操作放在一个地方进行。
    </para>
    <para>
	我们新建一个目录<filename
    class="directory">/php/includes/guestbook/</filename>，并新建一个
	<filename>setup.php</filename>文件。
	在下面的例子中，我们假设<filename class="directory">/php/includes</filename>
	目录已经在<literal>include_path</literal>中。
	确定你已经进行这个配置，或者使用绝对路径。
   </para>

   <example>
    <title>/php/includes/guestbook/setup.php</title>
    <programlisting role="php">
<![CDATA[
<?php

// load Smarty library
require('Smarty.class.php');

// The setup.php file is a good place to load
// required application library files, and you
// can do that right here. An example:
// require('guestbook/guestbook.lib.php');

class Smarty_GuestBook extends Smarty {

   function __construct()
   {

        // Class Constructor.
        // These automatically get set with each new instance.

        parent::__construct();

        $this->setTemplateDir('/web/www.example.com/guestbook/templates/');
        $this->setCompileDir('/web/www.example.com/guestbook/templates_c/');
        $this->setConfigDir('/web/www.example.com/guestbook/configs/');
        $this->setCacheDir('/web/www.example.com/guestbook/cache/');

        $this->caching = Smarty::CACHING_LIFETIME_CURRENT;
        $this->assign('app_name', 'Guest Book');
   }

}
?>
]]>
    </programlisting>
   </example>

  <para>
  在<filename>index.php</filename>文件中使用<filename>setup.php</filename>:
  </para>

  <example>
   <title>/web/www.example.com/guestbook/htdocs/index.php</title>
   <programlisting role="php">
<![CDATA[
<?php

require('guestbook/setup.php');

$smarty = new Smarty_GuestBook();

$smarty->assign('name','Ned');

$smarty->display('index.tpl');
?>
]]>
   </programlisting>
  </example>

  <para>
  现在你可以看到这是非常简单就可以实例化一个Smarty的对象，
  仅调用<literal>Smarty_GuestBook()</literal>就可以自动初始化程序。
  </para>

  </sect1>

 </chapter>
</part>

<!-- Keep this comment at the end of the file
Local variables:
mode: sgml
sgml-omittag:t
sgml-shorttag:t
sgml-minimize-attributes:nil
sgml-always-quote-attributes:t
sgml-indent-step:1
sgml-indent-data:t
indent-tabs-mode:nil
sgml-parent-document:nil
sgml-default-dtd-file:"../../../../manual.ced"
sgml-exposed-tags:nil
sgml-local-catalogs:nil
sgml-local-ecat-files:nil
End:
vim600: syn=xml fen fdm=syntax fdl=2 si
vim: et tw=78 syn=sgml
vi: ts=1 sw=1
-->
