<?xml version="1.0" encoding="UTF-8"?>
<!-- $Revision: 3827 $ -->
<sect1 id="language.function.math">
 <title>{math}</title>
  <para>
   <varname>{math}</varname>可以让模板设计者在模板中进行一些数学运算。
   </para>
   <itemizedlist>
   <listitem><para>
   任何在模板中的数字变量都可以进行计算，而计算的结果会替代原来的标签。
   </para></listitem>

   <listitem><para>
   模板变量或者静态的值都可以作为参数进行计算。
   </para></listitem>

   <listitem><para>可以允许的计算有 +, -, /, *, abs, ceil, cos,  exp, floor, log, log10, max, min,
   pi, pow, rand, round, sin, sqrt, srans 和 tan 。
   参见PHP手册，了解<ulink url="&url.php-manual;eval">math</ulink> 函数。
  </para></listitem>

  <listitem><para>
  如果你提供了<parameter>assign</parameter> 属性，
  <varname>{math}</varname>函数的输出将不会显示，而是赋值给模板变量。
   </para></listitem>
  </itemizedlist>

   <note>
  <title>技术说明</title>
  <para>
  因为使用了PHP函数<ulink url="&url.php-manual;eval">
   <varname>eval()</varname></ulink>，所以<varname>{math}</varname>是一个比较耗费性能的操作。
   在PHP中做数学运算会更高效，所以尽可能在PHP进行数学运算并且把结果
   <link linkend="api.assign"><varname>assign()</varname></link>到模板中。
   比较不建议的做法是在循环中使用<varname>{math}</varname>函数，比如在<link linkend="language.function.section">
    <varname>{section}</varname></link>循环。
  </para>
 </note>

 <informaltable frame="all">
  <tgroup cols="5">
   <colspec colname="param" align="center" />
   <colspec colname="type" align="center" />
   <colspec colname="required" align="center" />
   <colspec colname="default" align="center" />
   <colspec colname="desc" />
   <thead>
    <row>
     <entry>参数名称</entry>
     <entry>类型</entry>
     <entry>必选参数</entry>
     <entry>默认值</entry>
     <entry>说明</entry>
    </row>
   </thead>
   <tbody>
    <row>
     <entry>equation</entry>
     <entry>string</entry>
     <entry>Yes</entry>
     <entry><emphasis>n/a</emphasis></entry>
     <entry>数学运算式</entry>
    </row>
    <row>
     <entry>format</entry>
     <entry>string</entry>
     <entry>No</entry>
     <entry><emphasis>n/a</emphasis></entry>
     <entry>结果的显示格式(sprintf)</entry>
    </row>
    <row>
     <entry>var</entry>
     <entry>numeric</entry>
     <entry>Yes</entry>
     <entry><emphasis>n/a</emphasis></entry>
     <entry>运算的变量值</entry>
    </row>
    <row>
     <entry>assign</entry>
     <entry>string</entry>
     <entry>No</entry>
     <entry><emphasis>n/a</emphasis></entry>
     <entry>用于赋值的变量名</entry>
    </row>
    <row>
     <entry>[var ...]</entry>
     <entry>numeric</entry>
     <entry>Yes</entry>
     <entry><emphasis>n/a</emphasis></entry>
     <entry>运算的变量值</entry>
    </row>
   </tbody>
  </tgroup>
 </informaltable>


 <example>
  <title>{math}</title>
  <para>
  <emphasis role="bold">例子 a:</emphasis>
  </para>
  <programlisting>
<![CDATA[
   {* $height=4, $width=5 *}

   {math equation="x + y" x=$height y=$width}
]]>
  </programlisting>
  <para>
   输出：
  </para>
  <screen>
<![CDATA[
   9
]]>
  </screen>
  <para>
    <emphasis role="bold">例子 b:</emphasis>
  </para>
  <programlisting>
<![CDATA[
   {* $row_height = 10, $row_width = 20, #col_div# = 2, assigned in template *}

   {math equation="height * width / division"
   height=$row_height
   width=$row_width
   division=#col_div#}
]]>
  </programlisting>
  <para>
  输出：
  </para>
  <screen>
<![CDATA[
   100
]]>
  </screen>
  <para>
  <emphasis role="bold">例子 c:</emphasis>
  </para>
  <programlisting>
<![CDATA[
   {* you can use parenthesis *}

   {math equation="(( x + y ) / z )" x=2 y=10 z=2}
]]>
  </programlisting>
  <para>
  输出：
  </para>
  <screen>
<![CDATA[
   6
]]>
  </screen>
    <para>
    <emphasis role="bold">例子 d:</emphasis>
  </para>
  <programlisting>
<![CDATA[
   {* you can supply a format parameter in sprintf format *}

   {math equation="x + y" x=4.4444 y=5.0000 format="%.2f"}
   ]]>
  </programlisting>
  <para>
   输出：
  </para>
  <screen>
<![CDATA[
   9.44
]]>
  </screen>
 </example>
</sect1>
<!-- Keep this comment at the end of the file
Local variables:
mode: sgml
sgml-omittag:t
sgml-shorttag:t
sgml-minimize-attributes:nil
sgml-always-quote-attributes:t
sgml-indent-step:1
sgml-indent-data:t
indent-tabs-mode:nil
sgml-parent-document:nil
sgml-default-dtd-file:"../../../../manual.ced"
sgml-exposed-tags:nil
sgml-local-catalogs:nil
sgml-local-ecat-files:nil
End:
vim600: syn=xml fen fdm=syntax fdl=2 si
vim: et tw=78 syn=sgml
vi: ts=1 sw=1
-->