<?xml version="1.0" encoding="UTF-8"?>
<!-- $Revision: 4278 $ -->
<sect1 id="language.function.html.select.date">
 <title>{html_select_date}</title>
  <para>
   <varname>{html_select_date}</varname>是一个
   <link linkend="language.custom.functions">自定义函数</link>，用于创建一个选择日期的下拉框。
   它可以显示任何或者全部的年、月、日。
   任何不在上面列表中的键值对属性，都会被输出到<literal>&lt;select&gt;</literal>标签中作为属性和值。
 </para>

 <informaltable frame="all">
  <tgroup cols="5">
   <colspec colname="param" align="center" />
   <colspec colname="type" align="center" />
   <colspec colname="required" align="center" />
   <colspec colname="default" align="center" />
   <colspec colname="desc" />
   <thead>
    <row>
     <entry>参数名称</entry>
     <entry>类型</entry>
     <entry>必选参数</entry>
     <entry>默认值</entry>
     <entry>说明</entry>
    </row>
   </thead>
   <tbody>
    <row>
     <entry>prefix</entry>
     <entry>string</entry>
     <entry>No</entry>
     <entry>Date_</entry>
     <entry>下拉框名称的前缀</entry>
    </row>
    <row>
     <entry>time</entry>
     <entry>
      <ulink url="&url.php-manual;function.time">时间戳</ulink>, 
      <ulink url="&url.php-manual;class.DateTime">DateTime</ulink>, 
	  mysql时间戳或任何<ulink url="&url.php-manual;strtotime"><varname>strtotime()</varname></ulink>
	  能支持的字符串，或者是数组（当设置了field_array）
     </entry>
     <entry>No</entry>
     <entry>当前 <ulink url="&url.php-manual;function.time">时间戳</ulink></entry>
     <entry>
	 默认选中的日期。如果提供了数组，那么field_array和prefix属性将单独作用在每个数组元素上，
	 包括年月日。
     </entry>
    </row>
    <row>
     <entry>start_year</entry>
     <entry>string</entry>
     <entry>No</entry>
     <entry>当前年份</entry>
     <entry>
	 下拉框开始显示的年份，可以设置一个年份数字或者默认当前年份(+/- N)</entry>
    </row>
    <row>
     <entry>end_year</entry>
     <entry>string</entry>
     <entry>No</entry>
     <entry>same as start_year</entry>
     <entry>
	 下拉框结束显示的年份，可以设置一个年份的数字或者默认当前年份(+/- N)</entry>
    </row>
    <row>
     <entry>display_days</entry>
     <entry>boolean</entry>
     <entry>No</entry>
     <entry>&true;</entry>
     <entry>是否显示日期</entry>
    </row>
    <row>
     <entry>display_months</entry>
     <entry>boolean</entry>
     <entry>No</entry>
     <entry>&true;</entry>
     <entry>是否显示月份</entry>
    </row>
    <row>
     <entry>display_years</entry>
     <entry>boolean</entry>
     <entry>No</entry>
     <entry>&true;</entry>
     <entry>是否显示年份</entry>
    </row>
    <row>
     <entry>month_format</entry>
     <entry>array</entry>
     <entry>No</entry>
     <entry>null</entry>
     <entry>月份显示的字符串的数组.如 array(1 => 'Jan', …, 12 => 'Dec')</entry>
    </row>
	<row>
     <entry>month_names</entry>
     <entry>string</entry>
     <entry>No</entry>
     <entry>%B</entry>
     <entry>月份显示的格式 (strftime)</entry>
    </row>
    <row>
     <entry>day_format</entry>
     <entry>string</entry>
     <entry>No</entry>
     <entry>%02d</entry>
     <entry>日期显示的格式 (sprintf)</entry>
    </row>
    <row>
     <entry>day_value_format</entry>
     <entry>string</entry>
     <entry>No</entry>
     <entry>%d</entry>
     <entry>日期值显示的格式 (sprintf)</entry>
    </row>
    <row>
     <entry>year_as_text</entry>
     <entry>boolean</entry>
     <entry>No</entry>
     <entry>&false;</entry>
     <entry>是否将年份显示为文字</entry>
    </row>
    <row>
     <entry>reverse_years</entry>
     <entry>boolean</entry>
     <entry>No</entry>
     <entry>&false;</entry>
     <entry>是否按倒序显示年份</entry>
    </row>
    <row>
     <entry>field_array</entry>
     <entry>string</entry>
     <entry>No</entry>
     <entry>null</entry>
     <entry>
	 如果设置了field_array值，则下拉框的值发送的PHP时，将会是
	 值[Day], 值[Year], 值[Month]的格式。
     </entry>
    </row>
    <row>
     <entry>day_size</entry>
     <entry>string</entry>
     <entry>No</entry>
     <entry>null</entry>
     <entry>附加日期select标签的size属性</entry>
    </row>
    <row>
     <entry>month_size</entry>
     <entry>string</entry>
     <entry>No</entry>
     <entry>null</entry>
     <entry>附加月份select标签的size属性</entry>
    </row>
    <row>
     <entry>year_size</entry>
     <entry>string</entry>
     <entry>No</entry>
     <entry>null</entry>
     <entry>附加年份select标签的size属性</entry>
    </row>
    <row>
     <entry>all_extra</entry>
     <entry>string</entry>
     <entry>No</entry>
     <entry>null</entry>
     <entry>附加给全部select/input标签附加的属性</entry>
    </row>
    <row>
     <entry>day_extra</entry>
     <entry>string</entry>
     <entry>No</entry>
     <entry>null</entry>
     <entry>附加给日期select/input标签附加的属性</entry>
    </row>
    <row>
     <entry>month_extra</entry>
     <entry>string</entry>
     <entry>No</entry>
     <entry>null</entry>
     <entry>附加给月份select/input标签附加的属性</entry>
    </row>
    <row>
     <entry>year_extra</entry>
     <entry>string</entry>
     <entry>No</entry>
     <entry>null</entry>
     <entry>附加给年份select/input标签附加的属性</entry>
    </row>
    <row>
     <entry>all_id</entry>
     <entry>string</entry>
     <entry>No</entry>
     <entry>null</entry>
     <entry>全部select/input标签的ID值</entry>
    </row>
    <row>
     <entry>day_id</entry>
     <entry>string</entry>
     <entry>No</entry>
     <entry>null</entry>
     <entry>日期select/input标签的ID值</entry>
    </row>
    <row>
     <entry>month_id</entry>
     <entry>string</entry>
     <entry>No</entry>
     <entry>null</entry>
     <entry>月份select/input标签的ID值</entry>
    </row>
    <row>
     <entry>year_id</entry>
     <entry>string</entry>
     <entry>No</entry>
     <entry>null</entry>
     <entry>年份select/input标签的ID值</entry>
    </row>
    <row>
     <entry>field_order</entry>
     <entry>string</entry>
     <entry>No</entry>
     <entry>MDY</entry>
     <entry>显示各下拉框的顺序</entry>
    </row>
    <row>
     <entry>field_separator</entry>
     <entry>string</entry>
     <entry>No</entry>
     <entry>\n</entry>
     <entry>显示在各字段之间间隔的字符串</entry>
    </row>
    <row>
     <entry>month_value_format</entry>
     <entry>string</entry>
     <entry>No</entry>
     <entry>%m</entry>
     <entry>月份值的显示格式（按strftime()）默认是 %m </entry>
    </row>
    <row>
     <entry>all_empty</entry>
     <entry>string</entry>
     <entry>No</entry>
     <entry>null</entry>
     <entry>该属性可以在每个下拉框的第一行显示文字，并以<quote></quote>作为它的值。
	 在需要让下拉框的第一行显示<quote>请选择</quote> 的情况下比较有用。</entry>
    </row>
    <row>
     <entry>year_empty</entry>
     <entry>string</entry>
     <entry>No</entry>
     <entry>null</entry>
     <entry>
	 该属性可以在年份下拉框的第一行显示文字，并以<quote></quote>作为它的值。
	 在需要让年份下拉框的第一行显示<quote>请选择年份</quote> 的情况下比较有用。
	 注意你可以使用如<quote>-MM-DD</quote>的值，作为时间属性来显示没有选中的年份。</entry>
    </row>
    <row>
     <entry>month_empty</entry>
     <entry>string</entry>
     <entry>No</entry>
     <entry>null</entry>
     <entry>
	该属性可以在月份下拉框的第一行显示文字，并以<quote></quote>作为它的值。
	 注意你可以使用如<quote>YYYY--DD</quote>的值，作为时间属性来显示没有选中的月份。</entry>
    </row>
    <row>
     <entry>day_empty</entry>
     <entry>string</entry>
     <entry>No</entry>
     <entry>null</entry>
     <entry>
	该属性可以在日期下拉框的第一行显示文字，并以<quote></quote>作为它的值。
	 注意你可以使用如<quote>YYYY-MM-</quote>的值，作为时间属性来显示没有选中的日期。</entry>
    </row>
   </tbody>
  </tgroup>
 </informaltable>

 <note>
  <para>
  在<link linkend="tips.dates">日期技巧</link>文章中，介绍了
  较有用的php函数来将<varname>{html_select_date}</varname>值转换成时间戳。
  </para>
 </note>

 <example>
  <title>{html_select_date}</title>
  <para>模板代码</para>
  <programlisting>
<![CDATA[
{html_select_date}
]]>
  </programlisting>
  <para>
   输出
  </para>
  <screen>
<![CDATA[
<select name="Date_Month">
<option value="1">January</option>
<option value="2">February</option>
<option value="3">March</option>
  ..... snipped .....
<option value="10">October</option>
<option value="11">November</option>
<option value="12" selected="selected">December</option>
</select>
<select name="Date_Day">
<option value="1">01</option>
<option value="2">02</option>
<option value="3">03</option>
  ..... snipped .....
<option value="11">11</option>
<option value="12">12</option>
<option value="13" selected="selected">13</option>
<option value="14">14</option>
<option value="15">15</option>
  ..... snipped .....
<option value="29">29</option>
<option value="30">30</option>
<option value="31">31</option>
</select>
<select name="Date_Year">
<option value="2006" selected="selected">2006</option>
</select>
]]>
  </screen>
 </example>

 <example>
  <title>{html_select_date} 第二个地理</title>
  <programlisting>
<![CDATA[
{* start and end year can be relative to current year *}
{html_select_date prefix='StartDate' time=$time start_year='-5'
   end_year='+1' display_days=false}
]]>
  </programlisting>
  <para>
   如果当前是 2000年 则输出:
  </para>
  <screen>
<![CDATA[
<select name="StartDateMonth">
<option value="1">January</option>
<option value="2">February</option>
.... snipped ....
<option value="11">November</option>
<option value="12" selected="selected">December</option>
</select>
<select name="StartDateYear">
<option value="1995">1995</option>
.... snipped ....
<option value="1999">1999</option>
<option value="2000" selected="selected">2000</option>
<option value="2001">2001</option>
</select>
]]>
  </screen>
 </example>
 <para>
  参见
  <link linkend="language.function.html.select.time"><varname>{html_select_time}</varname></link>,
  <link linkend="language.modifier.date.format"><varname>date_format</varname></link>,
  <link linkend="language.variables.smarty.now"><parameter>$smarty.now</parameter></link>
  和 <link linkend="tips.dates">日期技巧</link>.
 </para>
</sect1>

<!-- Keep this comment at the end of the file
Local variables:
mode: sgml
sgml-omittag:t
sgml-shorttag:t
sgml-minimize-attributes:nil
sgml-always-quote-attributes:t
sgml-indent-step:1
sgml-indent-data:t
indent-tabs-mode:nil
sgml-parent-document:nil
sgml-default-dtd-file:"../../../../manual.ced"
sgml-exposed-tags:nil
sgml-local-catalogs:nil
sgml-local-ecat-files:nil
End:
vim600: syn=xml fen fdm=syntax fdl=2 si
vim: et tw=78 syn=sgml
vi: ts=1 sw=1
-->

