<?xml version="1.0" encoding="UTF-8"?>
<!-- $Revision: 3827 $ -->
<sect1 id="language.function.textformat">
 <title>{textformat}</title>
  <para>
   <varname>{textformat}</varname>是一个用于格式化文本的
   <link linkend="plugins.block.functions">块函数</link>。
它一般会清理空格和特殊字符，该函数主要清理空格和特殊字符，对段落按单词边界换行和行缩进等段落格式化处理。
  </para>
  <para>
  你可以明确指定参数，或者使用预设风格。当前<quote>email</quote>是唯一可用的风格。
 </para>

 <informaltable frame="all">
  <tgroup cols="5">
   <colspec colname="param" align="center" />
   <colspec colname="type" align="center" />
   <colspec colname="required" align="center" />
   <colspec colname="default" align="center" />
   <colspec colname="desc" />
   <thead>
    <row>
     <entry>参数名称</entry>
     <entry>类型</entry>
     <entry>必选参数</entry>
     <entry>默认值</entry>
     <entry>说明</entry>
    </row>
   </thead>
   <tbody>
    <row>
     <entry>style</entry>
     <entry>string</entry>
     <entry>No</entry>
     <entry><emphasis>n/a</emphasis></entry>
     <entry>预设风格</entry>
    </row>
    <row>
     <entry>indent</entry>
     <entry>number</entry>
     <entry>No</entry>
     <entry><emphasis>0</emphasis></entry>
     <entry>每行缩进的字符数</entry>
    </row>
    <row>
     <entry>indent_first</entry>
     <entry>number</entry>
     <entry>No</entry>
     <entry><emphasis>0</emphasis></entry>
     <entry>首行缩进的字符数</entry>
    </row>
    <row>
     <entry>indent_char</entry>
     <entry>string</entry>
     <entry>No</entry>
     <entry><emphasis>(single space)</emphasis></entry>
     <entry>缩进使用的字符</entry>
    </row>
    <row>
     <entry>wrap</entry>
     <entry>number</entry>
     <entry>No</entry>
     <entry><emphasis>80</emphasis></entry>
     <entry>每行长度（换行）</entry>
    </row>
    <row>
     <entry>wrap_char</entry>
     <entry>string</entry>
     <entry>No</entry>
     <entry><emphasis>\n</emphasis></entry>
     <entry>断行使用的字符</entry>
    </row>
    <row>
     <entry>wrap_cut</entry>
     <entry>boolean</entry>
     <entry>No</entry>
     <entry><emphasis>&false;</emphasis></entry>
     <entry>设置&true;将会按字符换行，而不是按单词边界换行。</entry>
    </row>
    <row>
     <entry>assign</entry>
     <entry>string</entry>
     <entry>No</entry>
     <entry><emphasis>n/a</emphasis></entry>
     <entry>将输出的内容赋值到模板变量</entry>
    </row>
   </tbody>
  </tgroup>
 </informaltable>

 <example>
  <title>{textformat}</title>
  <programlisting>
<![CDATA[
   {textformat wrap=40}

   This is foo.
   This is foo.
   This is foo.
   This is foo.
   This is foo.
   This is foo.

   This is bar.

   bar foo bar foo     foo.
   bar foo bar foo     foo.
   bar foo bar foo     foo.
   bar foo bar foo     foo.
   bar foo bar foo     foo.
   bar foo bar foo     foo.
   bar foo bar foo     foo.

   {/textformat}

]]>
  </programlisting>
  <para>
   输出:
  </para>
  <screen>
<![CDATA[

   This is foo. This is foo. This is foo.
   This is foo. This is foo. This is foo.

   This is bar.

   bar foo bar foo foo. bar foo bar foo
   foo. bar foo bar foo foo. bar foo bar
   foo foo. bar foo bar foo foo. bar foo
   bar foo foo. bar foo bar foo foo.
]]>
  </screen>
  <programlisting>
<![CDATA[
   {textformat wrap=40 indent=4}

   This is foo.
   This is foo.
   This is foo.
   This is foo.
   This is foo.
   This is foo.

   This is bar.

   bar foo bar foo     foo.
   bar foo bar foo     foo.
   bar foo bar foo     foo.
   bar foo bar foo     foo.
   bar foo bar foo     foo.
   bar foo bar foo     foo.
   bar foo bar foo     foo.

   {/textformat}

]]>
  </programlisting>
  <para>
   输出：
  </para>
  <screen>
<![CDATA[

   This is foo. This is foo. This is
   foo. This is foo. This is foo. This
   is foo.

   This is bar.

   bar foo bar foo foo. bar foo bar foo
   foo. bar foo bar foo foo. bar foo
   bar foo foo. bar foo bar foo foo.
   bar foo bar foo foo. bar foo bar
   foo foo.
]]>
  </screen>
  <programlisting>
<![CDATA[
   {textformat wrap=40 indent=4 indent_first=4}

   This is foo.
   This is foo.
   This is foo.
   This is foo.
   This is foo.
   This is foo.

   This is bar.

   bar foo bar foo     foo.
   bar foo bar foo     foo.
   bar foo bar foo     foo.
   bar foo bar foo     foo.
   bar foo bar foo     foo.
   bar foo bar foo     foo.
   bar foo bar foo     foo.

   {/textformat}
]]>
  </programlisting>
  <para>
   输出：
  </para>
  <screen>
<![CDATA[

   This is foo. This is foo. This
   is foo. This is foo. This is foo.
   This is foo.

   This is bar.

   bar foo bar foo foo. bar foo bar
   foo foo. bar foo bar foo foo. bar
   foo bar foo foo. bar foo bar foo
   foo. bar foo bar foo foo. bar foo
   bar foo foo.
]]>
  </screen>
  <programlisting>
<![CDATA[
   {textformat style="email"}

   This is foo.
   This is foo.
   This is foo.
   This is foo.
   This is foo.
   This is foo.

   This is bar.

   bar foo bar foo     foo.
   bar foo bar foo     foo.
   bar foo bar foo     foo.
   bar foo bar foo     foo.
   bar foo bar foo     foo.
   bar foo bar foo     foo.
   bar foo bar foo     foo.

   {/textformat}

]]>
  </programlisting>
  <para>
   输出：
  </para>
  <screen>
<![CDATA[

   This is foo. This is foo. This is foo. This is foo. This is foo. This is
   foo.

   This is bar.

   bar foo bar foo foo. bar foo bar foo foo. bar foo bar foo foo. bar foo
   bar foo foo. bar foo bar foo foo. bar foo bar foo foo. bar foo bar foo
   foo.

]]>
  </screen>
 </example>
  <para>
  参见
  <link linkend="language.function.strip"><varname>{strip}</varname></link>
  和
  <link linkend="language.modifier.wordwrap"><varname>自动换行</varname></link>.
 </para>

</sect1>
<!-- Keep this comment at the end of the file
Local variables:
mode: sgml
sgml-omittag:t
sgml-shorttag:t
sgml-minimize-attributes:nil
sgml-always-quote-attributes:t
sgml-indent-step:1
sgml-indent-data:t
indent-tabs-mode:nil
sgml-parent-document:nil
sgml-default-dtd-file:"../../../../manual.ced"
sgml-exposed-tags:nil
sgml-local-catalogs:nil
sgml-local-ecat-files:nil
End:
vim600: syn=xml fen fdm=syntax fdl=2 si
vim: et tw=78 syn=sgml
vi: ts=1 sw=1
-->