<?xml version="1.0" encoding="UTF-8"?>
<!-- $Revision: 3827 $ -->
<sect1 id="language.function.html.image">
 <title>{html_image}</title>
  <para>
   <varname>{html_image}</varname>用于生成HTML的<literal>&lt;img&gt;</literal>标签的
   <link linkend="language.custom.functions">自定义函数</link>。
   如果没有提供<parameter>height</parameter> 和 <parameter>width</parameter>参数，
   此函数会自动从图片文件计算出来。
 </para>

 <informaltable frame="all">
  <tgroup cols="5">
   <colspec colname="param" align="center" />
   <colspec colname="type" align="center" />
   <colspec colname="required" align="center" />
   <colspec colname="default" align="center" />
   <colspec colname="desc" />
   <thead>
    <row>
     <entry>参数名称</entry>
     <entry>类型</entry>
     <entry>必选参数</entry>
     <entry>默认值</entry>
     <entry>说明</entry>
    </row>
   </thead>
   <tbody>
    <row>
     <entry>file</entry>
     <entry>string</entry>
     <entry>Yes</entry>
     <entry><emphasis>n/a</emphasis></entry>
     <entry>图片名称/路径</entry>
    </row>
    <row>
     <entry>height</entry>
     <entry>string</entry>
     <entry>No</entry>
     <entry><emphasis>真实图片高度</emphasis></entry>
     <entry>图片显示高度</entry>
    </row>
    <row>
     <entry>width</entry>
     <entry>string</entry>
     <entry>No</entry>
     <entry><emphasis>真实图片宽度</emphasis></entry>
     <entry>图片显示宽度</entry>
    </row>
    <row>
     <entry>basedir</entry>
     <entry>string</entry>
     <entry>no</entry>
     <entry><emphasis>网站根目录</emphasis></entry>
     <entry>相对路径的起始目录</entry>
    </row>
    <row>
     <entry>alt</entry>
     <entry>string</entry>
     <entry>no</entry>
     <entry><emphasis><quote></quote></emphasis></entry>
     <entry>图片的说明内容</entry>
    </row>
    <row>
     <entry>href</entry>
     <entry>string</entry>
     <entry>no</entry>
     <entry><emphasis>n/a</emphasis></entry>
     <entry>图片上的链接地址</entry>
    </row>
    <row>
     <entry>path_prefix</entry>
     <entry>string</entry>
     <entry>no</entry>
     <entry><emphasis>n/a</emphasis></entry>
     <entry>显示路径的前缀</entry>
    </row>
   </tbody>
  </tgroup>
 </informaltable>

<itemizedlist>
<listitem><para>
  <parameter>basedir</parameter>设置了相对图片路径的起始目录。如果没有提供，
  则使用网站根目录<varname>$_ENV['DOCUMENT_ROOT']</varname>。
  如果开启了安全限制，图片文件必须放置在<parameter>$secure_dir</parameter>目录。
	参见<link linkend="advanced.features.security">安全机制</link>来了解更多。
 </para></listitem>

 <listitem><para>
  <parameter>href</parameter>设置图片上超链接地址。如果链接地址有提供，那么
  图片标签的外围会加上<literal>&lt;a href="超链接地址"&gt;&lt;a&gt;</literal>的标签。
 </para> </listitem>

 <listitem><para>
  <parameter>path_prefix</parameter>可选的，设置显示路径时的前缀字符串。
  当你需要给图片设置不同的服务器名时，这会很有用。
 </para></listitem>

 <listitem><para>
 其他不在上面列表中的键值对参数，会直接在输出的<literal>&lt;img&gt;</literal>标签中显示成 名称=值 的属性。
 </para></listitem>
</itemizedlist>

 <note>
  <title>技术说明</title>
  <para>
   <varname>{html_image}</varname>需要每次都读取硬盘上的图片，并且计算图片长宽。
   除非你开启了<link linkend="caching">缓存</link>，否则一般建议是避免使用
   <varname>{html_image}</varname>，用回HTML的IMG标签，会有更高的性能。
  </para>
 </note>

 <example>
  <title>{html_image} 例子</title>
  <programlisting>
<![CDATA[
{html_image file='pumpkin.jpg'}
{html_image file='/path/from/docroot/pumpkin.jpg'}
{html_image file='../path/relative/to/currdir/pumpkin.jpg'}
]]>
  </programlisting>
  <para>
    输出：
  </para>
  <screen>
<![CDATA[
<img src="pumpkin.jpg" alt="" width="44" height="68" />
<img src="/path/from/docroot/pumpkin.jpg" alt="" width="44" height="68" />
<img src="../path/relative/to/currdir/pumpkin.jpg" alt="" width="44" height="68" />
]]>
  </screen>
 </example>

</sect1>
<!-- Keep this comment at the end of the file
Local variables:
mode: sgml
sgml-omittag:t
sgml-shorttag:t
sgml-minimize-attributes:nil
sgml-always-quote-attributes:t
sgml-indent-step:1
sgml-indent-data:t
indent-tabs-mode:nil
sgml-parent-document:nil
sgml-default-dtd-file:"../../../../manual.ced"
sgml-exposed-tags:nil
sgml-local-catalogs:nil
sgml-local-ecat-files:nil
End:
vim600: syn=xml fen fdm=syntax fdl=2 si
vim: et tw=78 syn=sgml
vi: ts=1 sw=1
-->
