<?xml version="1.0" encoding="UTF-8"?>
<!-- $Revision: 4359 $ -->
<sect1 id="language.function.html.options">
 <title>{html_options}</title>
  <para>
   <varname>{html_options}</varname>是一个<link linkend="language.custom.functions">自定义函数</link>，
   可以使用提供的数据，生成HTML的<literal>&lt;select&gt;&lt;option&gt;</literal>标签，还可以设置选中项等属性。
   </para>

 <informaltable frame="all">
  <tgroup cols="5">
   <colspec colname="param" align="center" />
   <colspec colname="type" align="center" />
   <colspec colname="required" align="center" />
   <colspec colname="default" align="center" />
   <colspec colname="desc" />
   <thead>
    <row>
     <entry>参数名称</entry>
     <entry>类型</entry>
     <entry>必选参数</entry>
     <entry>默认值</entry>
     <entry>说明</entry>
    </row>
   </thead>
   <tbody>
    <row>
     <entry>values</entry>
     <entry>array</entry>
     <entry>Yes, 除非使用 options 属性</entry>
     <entry><emphasis>n/a</emphasis></entry>
     <entry>下拉框值的数组</entry>
    </row>
    <row>
     <entry>output</entry>
     <entry>array</entry>
     <entry>Yes, 除非使用 options 属性</entry>
     <entry><emphasis>n/a</emphasis></entry>
     <entry>下拉框显示的数组</entry>
    </row>
    <row>
     <entry>selected</entry>
     <entry>string/array</entry>
     <entry>No</entry>
     <entry><emphasis>empty</emphasis></entry>
     <entry>选中的项</entry>
    </row>
    <row>
     <entry>options</entry>
     <entry>数组</entry>
     <entry>Yes, 除非使用 values 和 output</entry>
     <entry><emphasis>n/a</emphasis></entry>
     <entry>键值对的数组，用于下拉框</entry>
    </row>
    <row>
     <entry>name</entry>
     <entry>string</entry>
     <entry>No</entry>
     <entry><emphasis>empty</emphasis></entry>
     <entry>select组的名称</entry>
    </row>
   </tbody>
  </tgroup>
 </informaltable>

   <itemizedlist>
   <listitem><para>
   必要的属性是<parameter>values</parameter> 和 <parameter>output</parameter>,
   除非你使用组合的<parameter>options</parameter>来代替。
 </para></listitem>


 <listitem><para>
 除非提供了可选属性<parameter>name</parameter>， 才会创建
 <literal>&lt;select&gt;&lt;/select&gt;</literal>标签，
 不然，只会生成<literal>&lt;option&gt;</literal>列表。
 </para></listitem>

  <listitem><para>
  如果设置的值是数组，会当作HTML的<literal>&lt;optgroup&gt;</literal>，并且显示该下拉组。
  <literal>&lt;optgroup&gt;</literal>是支持递归的。
 </para></listitem>

 <listitem><para>
 其他不在上面列表中的键值对参数，会直接在输出的 <literal>&lt;select&gt;</literal> 标签中显示成 名称=值 的属性。
 如果可选参数<parameter>name</parameter>没有设置，那么它们将被忽略。
 </para></listitem>

	<listitem><para>
	全部的输出都符合XHTML的。
	</para></listitem>
 </itemizedlist>


 <example>
  <title>使用<varname>options</varname>属性</title>
  <programlisting role="php">
<![CDATA[
<?php
$smarty->assign('myOptions', array(
                                1800 => 'Joe Schmoe',
                                9904 => 'Jack Smith',
                                2003 => 'Charlie Brown')
                                );
$smarty->assign('mySelect', 9904);
?>
]]>
  </programlisting>
    <para>
	下面模板将生成一个下拉列表。
	注意<parameter>name</parameter>提供了值，所以会生成
	<literal>&lt;select&gt;</literal>标签。
  </para>
  <programlisting>
<![CDATA[
{html_options name=foo options=$myOptions selected=$mySelect}
]]>
  </programlisting>

  <para>
   输出：
  </para>
  <screen>
<![CDATA[
<select name="foo">
<option value="1800">Joe Schmoe</option>
<option value="9904" selected="selected">Jack Smith</option>
<option value="2003">Charlie Brown</option>
</select>
]]>
</screen>
</example>

<example>
<title>分开赋值<varname>values</varname> 和 <varname>ouptut</varname></title>
  <programlisting role="php">
<![CDATA[
<?php
$smarty->assign('cust_ids', array(56,92,13));
$smarty->assign('cust_names', array(
                              'Joe Schmoe',
                              'Jane Johnson',
                              'Charlie Brown'));
$smarty->assign('customer_id', 92);
?>
]]>
  </programlisting>
  <para>
  上面的两个数组，将会如下输出HTML
  (注意这里有使用了PHP的<ulink url="&url.php-manual;function.count">
  <varname>count()</varname></ulink>函数作为修饰器来计算size值).
  </para>
  <programlisting>
<![CDATA[
<select name="customer_id" size="{$cust_names|@count}">
   {html_options values=$cust_ids output=$cust_names selected=$customer_id}
</select>
]]>
  </programlisting>
  <para>
   输出：
  </para>
  <screen>
<![CDATA[
<select name="customer_id" size="3">
    <option value="56">Joe Schmoe</option>
    <option value="92" selected="selected">Jane Johnson</option>
    <option value="13">Charlie Brown</option>
</select>

]]>
  </screen>
 </example>
  <example>
   <title>数据库例子(如 ADODB 或 PEAR)</title>
<programlisting role="php">
<![CDATA[
<?php

$sql = 'select type_id, types from contact_types order by type';
$smarty->assign('contact_types',$db->getAssoc($sql));

$sql = 'select contact_id, name, email, contact_type_id
        from contacts where contact_id='.$contact_id;
$smarty->assign('contact',$db->getRow($sql));

?>
]]>
</programlisting>
<para>
下面是模板，注意使用了
<link linkend="language.modifier.truncate"><varname>truncate</varname></link>
修饰器。
</para>
<programlisting>
<![CDATA[
<select name="type_id">
    <option value='null'>-- none --</option>
    {html_options options=$contact_types|truncate:20 selected=$contact.type_id}
</select>
]]>
  </programlisting>
 </example>

 <example>
  <title>&lt;optgroup&gt; 下拉组</title>
  <programlisting role="php">
<![CDATA[
<?php
$arr['Sport'] = array(6 => 'Golf', 9 => 'Cricket',7 => 'Swim');
$arr['Rest']  = array(3 => 'Sauna',1 => 'Massage');
$smarty->assign('lookups', $arr);
$smarty->assign('fav', 7);
?>
]]>
  </programlisting>
    <para>
	而模板里：
  </para>
  <programlisting>
<![CDATA[
{html_options name=foo options=$lookups selected=$fav}
]]>
  </programlisting>

  <para>
   输出：
  </para>
  <screen>
<![CDATA[
<select name="foo">
<optgroup label="Sport">
<option value="6">Golf</option>
<option value="9">Cricket</option>
<option value="7" selected="selected">Swim</option>
</optgroup>
<optgroup label="Rest">
<option value="3">Sauna</option>
<option value="1">Massage</option>
</optgroup>
</select>
]]>
</screen>
</example>

   <para>
    参见
    <link linkend="language.function.html.checkboxes"><varname>{html_checkboxes}</varname></link>
    和
    <link linkend="language.function.html.radios"><varname>{html_radios}</varname></link>
 </para>
</sect1>

<!-- Keep this comment at the end of the file
Local variables:
mode: sgml
sgml-omittag:t
sgml-shorttag:t
sgml-minimize-attributes:nil
sgml-always-quote-attributes:t
sgml-indent-step:1
sgml-indent-data:t
indent-tabs-mode:nil
sgml-parent-document:nil
sgml-default-dtd-file:"../../../../manual.ced"
sgml-exposed-tags:nil
sgml-local-catalogs:nil
sgml-local-ecat-files:nil
End:
vim600: syn=xml fen fdm=syntax fdl=2 si
vim: et tw=78 syn=sgml
vi: ts=1 sw=1
-->
