<?xml version="1.0" encoding="UTF-8"?>
<!-- $Revision: 3827 $ -->
<sect1 id="language.function.counter">
 <title>{counter}</title>
  <para>
   <varname>{counter}</varname>用于显示一个计数器。
   <varname>{counter}</varname>可以记住foreach循环的次数。
   你可以设置计数器的数值、步长、计算方向，和是否每次显示数值。
   你可以同时使用多个不同名的计数器。
   如果没有指定计数器名称，那么<quote>default</quote>将是默认的名称。
  </para>
  <para>
  如果你指定了<parameter>assign</parameter>属性，那么<varname>{counter}</varname>
  的输出将被赋值给模板变量。
 </para>

 <informaltable frame="all">
  <tgroup cols="5">
   <colspec colname="param" align="center" />
   <colspec colname="type" align="center" />
   <colspec colname="required" align="center" />
   <colspec colname="default" align="center" />
   <colspec colname="desc" />
   <thead>
    <row>
     <entry>参数名称</entry>
     <entry>类型</entry>
     <entry>必选参数</entry>
     <entry>默认值</entry>
     <entry>说明</entry>
    </row>
   </thead>
   <tbody>
    <row>
     <entry>name</entry>
     <entry>string</entry>
     <entry>No</entry>
     <entry><emphasis>default</emphasis></entry>
     <entry>计数器的名称</entry>
    </row>
    <row>
     <entry>start</entry>
     <entry>number</entry>
     <entry>No</entry>
     <entry><emphasis>1</emphasis></entry>
     <entry>开始计数的数值</entry>
    </row>
    <row>
     <entry>skip</entry>
     <entry>number</entry>
     <entry>No</entry>
     <entry><emphasis>1</emphasis></entry>
     <entry>步长，也就是计算间隔</entry>
    </row>
    <row>
     <entry>direction</entry>
     <entry>string</entry>
     <entry>No</entry>
     <entry><emphasis>up</emphasis></entry>
     <entry>计算的方向，(递增/递减)</entry>
    </row>
    <row>
     <entry>print</entry>
     <entry>boolean</entry>
     <entry>No</entry>
     <entry><emphasis>&true;</emphasis></entry>
     <entry>是否每次都显示计数器的值</entry>
    </row>
    <row>
     <entry>assign</entry>
     <entry>string</entry>
     <entry>No</entry>
     <entry><emphasis>n/a</emphasis></entry>
     <entry>赋值的变量名</entry>
    </row>
   </tbody>
  </tgroup>
 </informaltable>

 <example>
  <title>{counter}</title>
  <programlisting>
<![CDATA[
{* initialize the count *}
{counter start=0 skip=2}<br />
{counter}<br />
{counter}<br />
{counter}<br />
]]>
  </programlisting>
  <para>
  输出：
  </para>
  <screen>
<![CDATA[
0<br />
2<br />
4<br />
6<br />
]]>
  </screen>
 </example>
</sect1>
<!-- Keep this comment at the end of the file
Local variables:
mode: sgml
sgml-omittag:t
sgml-shorttag:t
sgml-minimize-attributes:nil
sgml-always-quote-attributes:t
sgml-indent-step:1
sgml-indent-data:t
indent-tabs-mode:nil
sgml-parent-document:nil
sgml-default-dtd-file:"../../../../manual.ced"
sgml-exposed-tags:nil
sgml-local-catalogs:nil
sgml-local-ecat-files:nil
End:
vim600: syn=xml fen fdm=syntax fdl=2 si
vim: et tw=78 syn=sgml
vi: ts=1 sw=1
-->