<?xml version="1.0" encoding="UTF-8"?>
<!-- $Revision: 4278 $ -->
<sect1 id="language.function.html.select.time">
 <title>{html_select_time}</title>
  <para>
   <varname>{html_select_time}</varname>是一个
   <link linkend="language.custom.functions">自定义函数</link>，用于创建一个选择时间的下拉框。
   它可以显示任何或全部的小时、分钟、秒和上下午。
 </para>
 <para>
  <parameter>time</parameter>属性可以是多种格式。它可以是时间戳，一个格式为
  <literal>YYYYMMDDHHMMSS</literal>的字符串，或者是PHP函数
  <ulink url="&url.php-manual;strtotime"><varname>strtotime()</varname></ulink>
  能支持的字符串。
 </para>

 <informaltable frame="all">
  <tgroup cols="5">
   <colspec colname="param" align="center" />
   <colspec colname="type" align="center" />
   <colspec colname="required" align="center" />
   <colspec colname="default" align="center" />
   <colspec colname="desc" />
   <thead>
    <row>
     <entry>参数名称</entry>
     <entry>类型</entry>
     <entry>必选参数</entry>
     <entry>默认值</entry>
     <entry>说明</entry>
    </row>
   </thead>
   <tbody>
    <row>
     <entry>prefix</entry>
     <entry>string</entry>
     <entry>No</entry>
     <entry>Time_</entry>
     <entry>下拉框名称的前缀</entry>
    </row>
    <row>
     <entry>time</entry>
     <entry>
      <ulink url="&url.php-manual;function.time">时间戳</ulink>, 
      <ulink url="&url.php-manual;class.DateTime">DateTime</ulink>, 
	  mysql时间戳或任何<ulink url="&url.php-manual;strtotime"><varname>strtotime()</varname></ulink>
	  能支持的字符串，或者是数组（当设置了field_array）
     </entry>
     <entry>No</entry>
     <entry>当前 <ulink url="&url.php-manual;function.time">时间戳</ulink></entry>
     <entry>
	 默认选中的时间。如果提供了数组，那么field_array和prefix属性将单独作用在每个数组元素上，
	 包括小时、分钟、秒数和上下午。
     </entry>
    </row>
    <row>
     <entry>display_hours</entry>
     <entry>boolean</entry>
     <entry>No</entry>
     <entry>&true;</entry>
     <entry>是否显示小时数</entry>
    </row>
    <row>
     <entry>display_minutes</entry>
     <entry>boolean</entry>
     <entry>No</entry>
     <entry>&true;</entry>
     <entry>是否显示分钟数</entry>
    </row>
    <row>
     <entry>display_seconds</entry>
     <entry>boolean</entry>
     <entry>No</entry>
     <entry>&true;</entry>
     <entry>是否显示秒数</entry>
    </row>
    <row>
     <entry>display_meridian</entry>
     <entry>boolean</entry>
     <entry>No</entry>
     <entry>&true;</entry>
     <entry>是否显示上下午 (am/pm)</entry>
    </row>
    <row>
     <entry>use_24_hours</entry>
     <entry>boolean</entry>
     <entry>No</entry>
     <entry>&true;</entry>
     <entry>是否使用24小时格式的时间</entry>
    </row>
    <row>
     <entry>minute_interval</entry>
     <entry>integer</entry>
     <entry>No</entry>
     <entry>1</entry>
     <entry>分钟下拉框的时间间隔</entry>
    </row>
    <row>
     <entry>second_interval</entry>
     <entry>integer</entry>
     <entry>No</entry>
     <entry>1</entry>
     <entry>秒数下拉框的时间间隔</entry>
    </row>
	<row>
     <entry>hour_format</entry>
     <entry>string</entry>
     <entry>No</entry>
     <entry>%02d</entry>
     <entry>小时的格式(sprintf)</entry>
    </row>
    <row>
     <entry>hour_value_format</entry>
     <entry>string</entry>
     <entry>No</entry>
     <entry>%20d</entry>
     <entry>小时值的格式(sprintf)</entry>
    </row>
	<row>
     <entry>minute_format</entry>
     <entry>string</entry>
     <entry>No</entry>
     <entry>%02d</entry>
     <entry>分钟的格式(sprintf)</entry>
    </row>
    <row>
     <entry>minute_value_format</entry>
     <entry>string</entry>
     <entry>No</entry>
     <entry>%20d</entry>
     <entry>分钟值的格式(sprintf)</entry>
    </row>
	<row>
     <entry>second_format</entry>
     <entry>string</entry>
     <entry>No</entry>
     <entry>%02d</entry>
     <entry>秒数的格式(sprintf)</entry>
    </row>
    <row>
     <entry>second_value_format</entry>
     <entry>string</entry>
     <entry>No</entry>
     <entry>%20d</entry>
     <entry>秒数值的格式(sprintf)</entry>
    </row>
    <row>
     <entry>field_array</entry>
     <entry>string</entry>
     <entry>No</entry>
     <entry>n/a</entry>
     <entry>显示值数组的名称</entry>
    </row>
    <row>
     <entry>all_extra</entry>
     <entry>string</entry>
     <entry>No</entry>
     <entry>null</entry>
     <entry>附加给select/input标签附加的属性</entry>
    </row>
    <row>
     <entry>hour_extra</entry>
     <entry>string</entry>
     <entry>No</entry>
     <entry>null</entry>
     <entry>附加给小时下拉框select/input标签的属性</entry>
    </row>
    <row>
     <entry>minute_extra</entry>
     <entry>string</entry>
     <entry>No</entry>
     <entry>null</entry>
     <entry>附加给分钟下拉框select/input标签的属性</entry>
    </row>
    <row>
     <entry>second_extra</entry>
     <entry>string</entry>
     <entry>No</entry>
     <entry>null</entry>
     <entry>附加给秒数下拉框select/input标签的属性</entry>
    </row>
    <row>
     <entry>meridian_extra</entry>
     <entry>string</entry>
     <entry>No</entry>
     <entry>null</entry>
     <entry>附加给上下午下拉框select/input标签的属性</entry>
    </row>
	<row>
     <entry>field_separator</entry>
     <entry>string</entry>
     <entry>No</entry>
     <entry>\n</entry>
     <entry>显示在各字段之间间隔的字符串</entry>
    </row>
	<row>
     <entry>option_separator</entry>
     <entry>string</entry>
     <entry>No</entry>
     <entry>\n</entry>
     <entry>显示在各选项之间的字符串</entry>
    </row>
	<row>
     <entry>all_id</entry>
     <entry>string</entry>
     <entry>No</entry>
     <entry>null</entry>
     <entry>全部select/input标签的ID值</entry>
    </row>
    <row>
     <entry>hour_id</entry>
     <entry>string</entry>
     <entry>No</entry>
     <entry>null</entry>
     <entry>小时下拉框select/input标签的ID值</entry>
    </row>
    <row>
     <entry>minute_id</entry>
     <entry>string</entry>
     <entry>No</entry>
     <entry>null</entry>
     <entry>分钟下拉框select/input标签的ID值</entry>
    </row>
    <row>
     <entry>second_id</entry>
     <entry>string</entry>
     <entry>No</entry>
     <entry>null</entry>
     <entry>秒数下拉框select/input标签的ID值</entry>
    </row>
    <row>
     <entry>meridian_id</entry>
     <entry>string</entry>
     <entry>No</entry>
     <entry>null</entry>
     <entry>上下午下拉框select/input标签的ID值</entry>
    </row>
	<row>
     <entry>all_empty</entry>
     <entry>string</entry>
     <entry>No</entry>
     <entry>null</entry>
     <entry>该属性可以在每个下拉框的第一行显示文字，并以<quote></quote>作为它的值。
	 在需要让下拉框的第一行显示<quote>请选择</quote> 的情况下比较有用。</entry>
    </row>
    <row>
     <entry>hour_empty</entry>
     <entry>string</entry>
     <entry>No</entry>
     <entry>null</entry>
     <entry>该属性可以在小时下拉框的第一行显示文字，并以<quote></quote>作为它的值。
	 在需要让小时下拉框的第一行显示<quote>请选择小时</quote> 的情况下比较有用。</entry>
    </row>
    <row>
     <entry>minute_empty</entry>
     <entry>string</entry>
     <entry>No</entry>
     <entry>null</entry>
     <entry>该属性可以在分钟下拉框的第一行显示文字，并以<quote></quote>作为它的值。
	 在需要让分钟下拉框的第一行显示<quote>请选择分钟</quote> 的情况下比较有用。</entry>
    </row>
    <row>
     <entry>second_empty</entry>
     <entry>string</entry>
     <entry>No</entry>
     <entry>null</entry>
     <entry>该属性可以在秒数下拉框的第一行显示文字，并以<quote></quote>作为它的值。
	 在需要让秒数下拉框的第一行显示<quote>请选择秒数</quote> 的情况下比较有用。</entry>
    </row>
    <row>
     <entry>meridian_empty</entry>
     <entry>string</entry>
     <entry>No</entry>
     <entry>null</entry>
     <entry>
	 该属性可以在上下午下拉框的第一行显示文字，并以<quote></quote>作为它的值。
	 在需要让上下午下拉框的第一行显示<quote>请选择上午或下午</quote> 的情况下比较有用。</entry>
    </row>
   </tbody>
  </tgroup>
 </informaltable>

 <example>
  <title>{html_select_time}</title>
  <programlisting>
<![CDATA[
{html_select_time use_24_hours=true}
]]>
  </programlisting>
  <para>
  当早上9点20分23秒的时候，模板将显示：
  </para>
  <screen>
<![CDATA[
<select name="Time_Hour">
<option value="00">00</option>
<option value="01">01</option>
... snipped ....
<option value="08">08</option>
<option value="09" selected>09</option>
<option value="10">10</option>
... snipped ....
<option value="22">22</option>
<option value="23">23</option>
</select>
<select name="Time_Minute">
<option value="00">00</option>
<option value="01">01</option>
... snipped ....
<option value="19">19</option>
<option value="20" selected>20</option>
<option value="21">21</option>
... snipped ....
<option value="58">58</option>
<option value="59">59</option>
</select>
<select name="Time_Second">
<option value="00">00</option>
<option value="01">01</option>
... snipped ....
<option value="22">22</option>
<option value="23" selected>23</option>
<option value="24">24</option>
... snipped ....
<option value="58">58</option>
<option value="59">59</option>
</select>
<select name="Time_Meridian">
<option value="am" selected>AM</option>
<option value="pm">PM</option>
</select>
]]>
  </screen>
 </example>
   <para>
    参见
    <link linkend="language.variables.smarty.now"><parameter>$smarty.now</parameter></link>,
    <link linkend="language.function.html.select.date"><varname>{html_select_date}</varname></link>
    和 <link linkend="tips.dates">日期技巧</link>.
  </para>
</sect1>
<!-- Keep this comment at the end of the file
Local variables:
mode: sgml
sgml-omittag:t
sgml-shorttag:t
sgml-minimize-attributes:nil
sgml-always-quote-attributes:t
sgml-indent-step:1
sgml-indent-data:t
indent-tabs-mode:nil
sgml-parent-document:nil
sgml-default-dtd-file:"../../../../manual.ced"
sgml-exposed-tags:nil
sgml-local-catalogs:nil
sgml-local-ecat-files:nil
End:
vim600: syn=xml fen fdm=syntax fdl=2 si
vim: et tw=78 syn=sgml
vi: ts=1 sw=1
-->