<?xml version="1.0" encoding="UTF-8"?>
<!-- $Revision: 3827 $ -->
<sect1 id="language.function.debug">
 <title>{debug}</title>
  <para>
  <varname>{debug}</varname>会在当前页面显示错误控制台。
  {debug}会忽略PHP代码中的<link linkend="chapter.debugging.console">debug</link>设置。
  因为这会在运行时运行，所以只会显示
  <link linkend="api.assign">赋值</link>变量。
  然而，你可以看到当前模板范围内可用的变量。
 </para>

 <informaltable frame="all">
  <tgroup cols="5">
   <colspec colname="param" align="center" />
   <colspec colname="type" align="center" />
   <colspec colname="required" align="center" />
   <colspec colname="default" align="center" />
   <colspec colname="desc" />
   <thead>
    <row>
     <entry>参数名称</entry>
     <entry>类型</entry>
     <entry>必选参数</entry>
     <entry>默认值</entry>
     <entry>说明</entry>
    </row>
   </thead>
   <tbody>
    <row>
     <entry>output</entry>
     <entry>string</entry>
     <entry>No</entry>
     <entry><emphasis>javascript</emphasis></entry>
     <entry>输出类型：html 或 javascript</entry>
    </row>
   </tbody>
  </tgroup>
 </informaltable>

 <para>
 参见
 <link linkend="chapter.debugging.console">错误控制台</link>。
 </para>
</sect1>
<!-- Keep this comment at the end of the file
Local variables:
mode: sgml
sgml-omittag:t
sgml-shorttag:t
sgml-minimize-attributes:nil
sgml-always-quote-attributes:t
sgml-indent-step:1
sgml-indent-data:t
indent-tabs-mode:nil
sgml-parent-document:nil
sgml-default-dtd-file:"../../../../manual.ced"
sgml-exposed-tags:nil
sgml-local-catalogs:nil
sgml-local-ecat-files:nil
End:
vim600: syn=xml fen fdm=syntax fdl=2 si
vim: et tw=78 syn=sgml
vi: ts=1 sw=1
-->