<?xml version="1.0" encoding="UTF-8"?>
<!-- $Revision: 3827 $ -->
<sect1 id="language.function.cycle">
 <title>{cycle}</title>
  <para>
   <varname>{cycle}</varname>用于交替循环一系列值。
   例如它可以轻易做到： 在表格中各行交替显示两种或多种颜色，
   或者交替循环数组。
 </para>

 <informaltable frame="all">
  <tgroup cols="5">
   <colspec colname="param" align="center" />
   <colspec colname="type" align="center" />
   <colspec colname="required" align="center" />
   <colspec colname="default" align="center" />
   <colspec colname="desc" />
   <thead>
    <row>
     <entry>参数名称</entry>
     <entry>类型</entry>
     <entry>必选参数</entry>
     <entry>默认值</entry>
     <entry>说明</entry>
    </row>
   </thead>
   <tbody>
    <row>
     <entry>name</entry>
     <entry>string</entry>
     <entry>No</entry>
     <entry><emphasis>default</emphasis></entry>
     <entry>交替循环的名称</entry>
    </row>
    <row>
     <entry>values</entry>
     <entry>mixed</entry>
     <entry>Yes</entry>
     <entry><emphasis>N/A</emphasis></entry>
     <entry>
	 交替遍历的值，可以是用逗号分隔的字符串列表（注意限定符号），也可以是数组。</entry>
    </row>
    <row>
     <entry>print</entry>
     <entry>boolean</entry>
     <entry>No</entry>
     <entry><emphasis>&true;</emphasis></entry>
     <entry>是否每次都显示该值</entry>
    </row>
    <row>
     <entry>advance</entry>
     <entry>boolean</entry>
     <entry>No</entry>
     <entry><emphasis>&true;</emphasis></entry>
     <entry>是否递进到下一个值</entry>
    </row>
    <row>
     <entry>delimiter</entry>
     <entry>string</entry>
     <entry>No</entry>
     <entry><emphasis>,</emphasis></entry>
     <entry>values属性使用的限定符号</entry>
    </row>
    <row>
     <entry>assign</entry>
     <entry>string</entry>
     <entry>No</entry>
     <entry><emphasis>n/a</emphasis></entry>
     <entry>赋值的变量名</entry>
    </row>
    <row>
     <entry>reset</entry>
     <entry>boolean</entry>
     <entry>No</entry>
     <entry><emphasis>&false;</emphasis></entry>
     <entry>交替循环将重置回到最前面的值，而不会递进。</entry>
    </row>
   </tbody>
  </tgroup>
 </informaltable>

<itemizedlist>
 <listitem><para>
 你可以在模板内使用多个不同<parameter>name</parameter>属性的<varname>{cycle}</varname>。
 </para></listitem>
 <listitem><para>
 设置<parameter>print</parameter>为&false;可以让当前值不显示。
 在你希望可以静默地跳过一些值的时候很有用。
 </para></listitem>
 <listitem><para>
 <parameter>advance</parameter>属性用来重复一个值。当设置成&false;
 下次执行<varname>{cycle}</varname>将输出同一个值。
 </para></listitem>
 <listitem><para>
 如果你设置了<parameter>assign</parameter>属性，那么<varname>{cycle}</varname>的输出将会被赋值给变量。
 </para></listitem>
</itemizedlist>

 <example>
  <title>{cycle}</title>
  <programlisting>
<![CDATA[
{section name=rows loop=$data}
<tr class="{cycle values="odd,even"}">
   <td>{$data[rows]}</td>
</tr>
{/section}
]]>
  </programlisting>
  <para>输出:</para>
  <screen>
<![CDATA[
<tr class="odd">
   <td>1</td>
</tr>
<tr class="even">
   <td>2</td>
</tr>
<tr class="odd">
   <td>3</td>
</tr>
]]>
  </screen>
 </example>

</sect1>
<!-- Keep this comment at the end of the file
Local variables:
mode: sgml
sgml-omittag:t
sgml-shorttag:t
sgml-minimize-attributes:nil
sgml-always-quote-attributes:t
sgml-indent-step:1
sgml-indent-data:t
indent-tabs-mode:nil
sgml-parent-document:nil
sgml-default-dtd-file:"../../../../manual.ced"
sgml-exposed-tags:nil
sgml-local-catalogs:nil
sgml-local-ecat-files:nil
End:
vim600: syn=xml fen fdm=syntax fdl=2 si
vim: et tw=78 syn=sgml
vi: ts=1 sw=1
-->
