<?xml version="1.0" encoding="UTF-8"?>
<!-- $Revision: 3827 $ -->
<sect1 id="language.function.fetch">
 <title>{fetch}</title>
  <para>
   <varname>{fetch}</varname>用于获取文件内容、HTTP或者FTP内容，以便输出。
   </para>

   <itemizedlist>
   <listitem><para>
   如果提供的文件名是以<parameter>http://</parameter>开头，那么网站的内容将被获取并显示。
	<note>
	  <para>
	  该函数不支持直接的HTTP访问，请确认网页的地址是以斜杠结尾。
	  </para>
	 </note>
	</para></listitem>

   <listitem><para>
   如果文件名是以<parameter>ftp://</parameter>开头，那么文件会被从FTP中下载并显示。
   </para></listitem>

   <listitem><para>
   本地文件而言，可以使用绝对路径的文件，或者相对于当前执行的PHP脚本的路径文件均可。
	 <note>
	  <para>
	  如果开启了安全机制，那么从本地获取文件内容，<varname>{fetch}</varname>函数仅能读取在
	  <parameter>$secure_dir</parameter>安全目录下的文件。
	  参见<link linkend="advanced.features.security">安全机制</link>。
	  </para>
	 </note>
  </para></listitem>

  <listitem><para>
  如果你提供了<parameter>assign</parameter> 属性，
  <varname>{fetch}</varname>函数的输出将不会显示，而是赋值给模板变量。
   </para></listitem>
</itemizedlist>

 <informaltable frame="all">
  <tgroup cols="5">
   <colspec colname="param" align="center" />
   <colspec colname="type" align="center" />
   <colspec colname="required" align="center" />
   <colspec colname="default" align="center" />
   <colspec colname="desc" />
   <thead>
    <row>
     <entry>参数名称</entry>
     <entry>类型</entry>
     <entry>必选参数</entry>
     <entry>默认值</entry>
     <entry>说明</entry>
    </row>
   </thead>
   <tbody>
    <row>
     <entry>file</entry>
     <entry>string</entry>
     <entry>Yes</entry>
     <entry><emphasis>n/a</emphasis></entry>
     <entry>获取的文件名、HTTP或者FTP网址</entry>
    </row>
    <row>
     <entry>assign</entry>
     <entry>string</entry>
     <entry>No</entry>
     <entry><emphasis>n/a</emphasis></entry>
     <entry>用于赋值的变量名</entry>
    </row>
   </tbody>
  </tgroup>
 </informaltable>


 <example>
  <title>{fetch} 例子</title>
  <programlisting>
<![CDATA[
{* include some javascript in your template *}
{fetch file='/export/httpd/www.example.com/docs/navbar.js'}

{* embed some weather text in your template from another web site *}
{fetch file='http://www.myweather.com/68502/'}

{* fetch a news headline file via ftp *}
{fetch file='ftp://user:password@ftp.example.com/path/to/currentheadlines.txt'}
{* as above but with variables *}
{fetch file="ftp://`$user`:`$password`@`$server`/`$path`"}

{* assign the fetched contents to a template variable *}
{fetch file='http://www.myweather.com/68502/' assign='weather'}
{if $weather ne ''}
  <div id="weather">{$weather}</div>
{/if}
]]>
  </programlisting>
 </example>
 <para>
 参见
 <link linkend="language.function.capture"><varname>{capture}</varname></link>,
 <link linkend="language.function.eval"><varname>{eval}</varname></link>,
 <link linkend="language.function.assign"><varname>{assign}</varname></link>
 和
 <link linkend="api.fetch"><varname>fetch()</varname></link>.
 </para>
</sect1>
<!-- Keep this comment at the end of the file
Local variables:
mode: sgml
sgml-omittag:t
sgml-shorttag:t
sgml-minimize-attributes:nil
sgml-always-quote-attributes:t
sgml-indent-step:1
sgml-indent-data:t
indent-tabs-mode:nil
sgml-parent-document:nil
sgml-default-dtd-file:"../../../../manual.ced"
sgml-exposed-tags:nil
sgml-local-catalogs:nil
sgml-local-ecat-files:nil
End:
vim600: syn=xml fen fdm=syntax fdl=2 si
vim: et tw=78 syn=sgml
vi: ts=1 sw=1
-->
