<?xml version="1.0" encoding="UTF-8"?>
<!-- $Revision: 3827 $ -->
<sect1 id="language.function.html.table">
 <title>{html_table}</title>
  <para>
   <varname>{html_table}</varname>是一个
   <link linkend="language.custom.functions">自定义函数</link>，可使用数组形式的数据来创建一个HTML的<literal>&lt;table&gt;</literal>.
   </para>

 <informaltable frame="all">
  <tgroup cols="5">
   <colspec colname="param" align="center" />
   <colspec colname="type" align="center" />
   <colspec colname="required" align="center" />
   <colspec colname="default" align="center" />
   <colspec colname="desc" />
   <thead>
    <row>
     <entry>参数名称</entry>
     <entry>类型</entry>
     <entry>必选参数</entry>
     <entry>默认值</entry>
     <entry>说明</entry>
    </row>
   </thead>
   <tbody>
    <row>
     <entry>loop</entry>
     <entry>array</entry>
     <entry>Yes</entry>
     <entry><emphasis>n/a</emphasis></entry>
     <entry>循环赋值的数组</entry>
    </row>
    <row>
     <entry>cols</entry>
     <entry>mixed</entry>
     <entry>No</entry>
     <entry><emphasis>3</emphasis></entry>
     <entry>
	 表格的列数，或者是逗号分隔的列头文字列表，或是列头文字的数组。
	 如果cols属性为空，但设置了rows，将以rows数量和显示元素的总数进行计算得出列数，
	 以便每列能显示全部的元素。
	 如果rows和cols都设置了，那么cols会忽略默认值3.
	 如果设置cols为一个列表或数组，那么列数将取决于列表或数组的元素个数。
     </entry>
    </row>
    <row>
     <entry>rows</entry>
     <entry>integer</entry>
     <entry>No</entry>
     <entry><emphasis>empty</emphasis></entry>
     <entry>
	 表格的行数。如果设置为空，但设置了cols，那么将以cols数量和显示元素的总数进行计算得出行数，
	 以便每行能显示全部的元素。
     </entry>
    </row>
    <row>
     <entry>inner</entry>
     <entry>string</entry>
     <entry>No</entry>
     <entry><emphasis>cols</emphasis></entry>
     <entry>
	 显示元素的循环方向。<emphasis>cols</emphasis>意味着元素将按“一列一列”地显示。
	 而<emphasis>rows</emphasis>意味着元素将“一行一行”地显示。
     </entry>
    </row>
    <row>
     <entry>caption</entry>
     <entry>string</entry>
     <entry>No</entry>
     <entry><emphasis>empty</emphasis></entry>
     <entry>表格中<literal>&lt;caption&gt;</literal>属性值</entry>
    </row>
    <row>
     <entry>table_attr</entry>
     <entry>string</entry>
     <entry>No</entry>
     <entry><emphasis>border="1"</emphasis></entry>
     <entry><literal>&lt;table&gt;</literal>标签的属性</entry>
    </row>
    <row>
     <entry>th_attr</entry>
     <entry>string</entry>
     <entry>No</entry>
     <entry><emphasis>empty</emphasis></entry>
     <entry><literal>&lt;th&gt;</literal>标签的属性
     (循环)</entry>
    </row>
    <row>
     <entry>tr_attr</entry>
     <entry>string</entry>
     <entry>No</entry>
     <entry><emphasis>empty</emphasis></entry>
     <entry><literal>&lt;tr&gt;</literal>标签的属性
     (循环)</entry>
    </row>
    <row>
     <entry>td_attr</entry>
     <entry>string</entry>
     <entry>No</entry>
     <entry><emphasis>empty</emphasis></entry>
     <entry><literal>&lt;td&gt;</literal>标签的属性
     (循环)</entry>
    </row>
    <row>
     <entry>trailpad</entry>
     <entry>string</entry>
     <entry>No</entry>
     <entry><emphasis>&amp;nbsp;</emphasis></entry>
     <entry>在最后行空单元格中填充的字符(如果有的话)</entry>
    </row>
    <row>
     <entry>hdir</entry>
     <entry>string</entry>
     <entry>No</entry>
     <entry><emphasis>right</emphasis></entry>
     <entry>
	 每行显示的方向。可以设置：
      <emphasis>right</emphasis> (从左到右), 和
      <emphasis>left</emphasis> (从右到左)
     </entry>
    </row>
    <row>
     <entry>vdir</entry>
     <entry>string</entry>
     <entry>No</entry>
     <entry><emphasis>down</emphasis></entry>
     <entry>
	 每列显示的方向。可以设置：
      <emphasis>down</emphasis> (上到下), <emphasis>up</emphasis>
      (下到上)
     </entry>
    </row>
   </tbody>
  </tgroup>
 </informaltable>

   <itemizedlist>
   <listitem><para>
   <parameter>cols</parameter>属性决定表格可以显示多少列。
   </para></listitem>

   <listitem><para>
   <parameter>table_attr</parameter>, <parameter>tr_attr</parameter>
   和 <parameter>td_attr</parameter> 的值决定了<literal>&lt;table&gt;</literal>, <literal>&lt;tr&gt;</literal>
   和 <literal>&lt;td&gt;</literal> 标签的数量。
   </para></listitem>

   <listitem><para>
   如果<parameter>tr_attr</parameter> 或者 <parameter>td_attr</parameter>是一个数组，
   那么它们的值将被循环交替使用。
   </para></listitem>

   <listitem><para>
   <parameter>trailpad</parameter>是在最后行空单元格中填充的字符(如果有的话)。
   </para></listitem>
   </itemizedlist>

 <example>
  <title>{html_table}</title>
  <programlisting role="php">
<![CDATA[
<?php
$smarty->assign( 'data', array(1,2,3,4,5,6,7,8,9) );
$smarty->assign( 'tr', array('bgcolor="#eeeeee"','bgcolor="#dddddd"') );
$smarty->display('index.tpl');
?>
]]>
  </programlisting>
  <para>
  例子演示如何从PHP赋值到模板并且显示表格。下面是各种输出：
    </para>
  <programlisting>
<![CDATA[
{**** Example One ****}
{html_table loop=$data}

<table border="1">
<tbody>
<tr><td>1</td><td>2</td><td>3</td></tr>
<tr><td>4</td><td>5</td><td>6</td></tr>
<tr><td>7</td><td>8</td><td>9</td></tr>
</tbody>
</table>


{**** Example Two ****}
{html_table loop=$data cols=4 table_attr='border="0"'}

<table border="0">
<tbody>
<tr><td>1</td><td>2</td><td>3</td><td>4</td></tr>
<tr><td>5</td><td>6</td><td>7</td><td>8</td></tr>
<tr><td>9</td><td>&nbsp;</td><td>&nbsp;</td><td>&nbsp;</td></tr>
</tbody>
</table>


{**** Example Three ****}
{html_table loop=$data cols="first,second,third,fourth" tr_attr=$tr}

<table border="1">
<thead>
<tr>
<th>first</th><th>second</th><th>third</th><th>fourth</th>
</tr>
</thead>
<tbody>
<tr bgcolor="#eeeeee"><td>1</td><td>2</td><td>3</td><td>4</td></tr>
<tr bgcolor="#dddddd"><td>5</td><td>6</td><td>7</td><td>8</td></tr>
<tr bgcolor="#eeeeee"><td>9</td><td>&nbsp;</td><td>&nbsp;</td><td>&nbsp;</td></tr>
</tbody>
</table>
]]>
  </programlisting>

 </example>
</sect1>

<!-- Keep this comment at the end of the file
Local variables:
mode: sgml
sgml-omittag:t
sgml-shorttag:t
sgml-minimize-attributes:nil
sgml-always-quote-attributes:t
sgml-indent-step:1
sgml-indent-data:t
indent-tabs-mode:nil
sgml-parent-document:nil
sgml-default-dtd-file:"../../../../manual.ced"
sgml-exposed-tags:nil
sgml-local-catalogs:nil
sgml-local-ecat-files:nil
End:
vim600: syn=xml fen fdm=syntax fdl=2 si
vim: et tw=78 syn=sgml
vi: ts=1 sw=1
-->
