<?xml version="1.0" encoding="UTF-8"?>
<!-- $Revision: 4472 $ -->
<sect1 id="language.function.html.radios">
 <title>{html_radios}</title>
  <para>
   <varname>{html_radios}</varname>是一个
   <link linkend="language.custom.functions">自定义函数</link>，用于创建HTML的单选框组和提供数据。
   请注意默认选中的情况。
   </para>


 <informaltable frame="all">
  <tgroup cols="5">
   <colspec colname="param" align="center" />
   <colspec colname="type" align="center" />
   <colspec colname="required" align="center" />
   <colspec colname="default" align="center" />
   <colspec colname="desc" />
   <thead>
    <row>
     <entry>参数名称</entry>
     <entry>类型</entry>
     <entry>必选参数</entry>
     <entry>默认值</entry>
     <entry>说明</entry>
    </row>
   </thead>
   <tbody>
    <row>
     <entry>name</entry>
     <entry>string</entry>
     <entry>No</entry>
     <entry><emphasis>radio</emphasis></entry>
     <entry>单选框的名称</entry>
    </row>
    <row>
     <entry>values</entry>
     <entry>array</entry>
     <entry>必选，除非使用options属性</entry>
     <entry><emphasis>n/a</emphasis></entry>
     <entry>单选框的值数据</entry>
    </row>
    <row>
     <entry>output</entry>
     <entry>array</entry>
     <entry>必选，除非使用options属性</entry>
     <entry><emphasis>n/a</emphasis></entry>
     <entry>单选框的显示数据</entry>
    </row>
    <row>
     <entry>selected</entry>
     <entry>string</entry>
     <entry>No</entry>
     <entry><emphasis>empty</emphasis></entry>
     <entry>选中的项</entry>
    </row>
    <row>
     <entry>options</entry>
     <entry>数组</entry>
     <entry>必须, 除非使用values 和 output属性</entry>
     <entry><emphasis>n/a</emphasis></entry>
     <entry>单选框的值-显示的数组</entry>
    </row>
    <row>
     <entry>separator</entry>
     <entry>string</entry>
     <entry>No</entry>
     <entry><emphasis>empty</emphasis></entry>
     <entry>字符串中分隔每项的字符</entry>
    </row>
    <row>
     <entry>assign</entry>
     <entry>string</entry>
     <entry>No</entry>
     <entry><emphasis>empty</emphasis></entry>
     <entry>将单选框标签赋值到数组，而不是输出</entry>
    </row>
    <row>
     <entry>labels</entry>
     <entry>boolean</entry>
     <entry>No</entry>
     <entry><emphasis>&true;</emphasis></entry>
     <entry>在输出中增加&lt;label&gt;标签</entry>
    </row>
    <row>
     <entry>label_ids</entry>
     <entry>boolean</entry>
     <entry>No</entry>
     <entry><emphasis>&false;</emphasis></entry>
     <entry>给&lt;label&gt; 和 &lt;input&gt;设置ID属性</entry>
    </row>
    <row>
     <entry>escape</entry>
     <entry>boolean</entry>
     <entry>No</entry>
     <entry><emphasis>&true;</emphasis></entry>
     <entry>将输出中的/转换(值总是会被转换)</entry>
    </row>
   </tbody>
  </tgroup>
 </informaltable>

    <itemizedlist>
    <listitem><para>
   必须赋值的属性是<parameter>values</parameter> 和
   <parameter>output</parameter>, 除非使用<parameter>options</parameter>来代替。
    </para></listitem>

    <listitem><para>
   全部的输出标签都遵循XHTML规则。
    </para></listitem>

     <listitem><para>
   任何不在上面列表中的键值对属性，都会被输出到<literal>&lt;input&gt;</literal>标签中作为属性和值。
     </para></listitem>
    </itemizedlist>
 <example>
  <title>{html_radios}第一个例子</title>
<programlisting role="php">
<![CDATA[
<?php

$smarty->assign('cust_ids', array(1000,1001,1002,1003));
$smarty->assign('cust_names', array(
                              'Joe Schmoe',
                              'Jack Smith',
                              'Jane Johnson',
                              'Charlie Brown')
                              );
$smarty->assign('customer_id', 1001);

?>
]]>
  </programlisting>
  <para>
  模板：
  </para>
  <programlisting>
<![CDATA[
{html_radios name='id' values=$cust_ids output=$cust_names
       selected=$customer_id separator='<br />'}
   ]]>
  </programlisting>
</example>
<example>
 <title>{html_radios}第二个例子</title>
<programlisting role="php">
<![CDATA[
<?php

$smarty->assign('cust_radios', array(
                               1000 => 'Joe Schmoe',
                               1001 => 'Jack Smith',
                               1002 => 'Jane Johnson',
                               1003 => 'Charlie Brown'));
$smarty->assign('customer_id', 1001);

?>
]]>
  </programlisting>
  <para>
   模板：
  </para>
  <programlisting>
<![CDATA[
{html_radios name='id' options=$cust_radios
     selected=$customer_id separator='<br />'}
]]>
  </programlisting>
  <para>
   上面的两个例子都输出：
  </para>
  <screen>
<![CDATA[
<label><input type="radio" name="id" value="1000" />Joe Schmoe</label><br />
<label><input type="radio" name="id" value="1001" checked="checked" />Jack Smith</label><br />
<label><input type="radio" name="id" value="1002" />Jane Johnson</label><br />
<label><input type="radio" name="id" value="1003" />Charlie Brown</label><br />
]]>
  </screen>
 </example>
 <example>
  <title>{html_radios} 数据库例子(如 PEAR 或 ADODB):</title>
  <programlisting role="php">
<![CDATA[
<?php

$sql = 'select type_id, types from contact_types order by type';
$smarty->assign('contact_types',$db->getAssoc($sql));

$sql = 'select contact_id, name, email, contact_type_id '
        .'from contacts where contact_id='.$contact_id;
$smarty->assign('contact',$db->getRow($sql));

?>
]]>
  </programlisting>
  <para>
   输出：
  </para>
  <programlisting>
<![CDATA[
{html_radios name='contact_type_id' options=$contact_types
     selected=$contact.contact_type_id separator='<br />'}
]]>
  </programlisting>
 </example>
 <para>
  参见<link
  linkend="language.function.html.checkboxes"><varname>{html_checkboxes}</varname></link>
  和 <link
  linkend="language.function.html.options"><varname>{html_options}</varname></link>
 </para>
</sect1>
<!-- Keep this comment at the end of the file
Local variables:
mode: sgml
sgml-omittag:t
sgml-shorttag:t
sgml-minimize-attributes:nil
sgml-always-quote-attributes:t
sgml-indent-step:1
sgml-indent-data:t
indent-tabs-mode:nil
sgml-parent-document:nil
sgml-default-dtd-file:"../../../../manual.ced"
sgml-exposed-tags:nil
sgml-local-catalogs:nil
sgml-local-ecat-files:nil
End:
vim600: syn=xml fen fdm=syntax fdl=2 si
vim: et tw=78 syn=sgml
vi: ts=1 sw=1
-->




