<?xml version="1.0" encoding="UTF-8"?>
<!-- $Revision: 4363 $ -->
<sect1 id="language.function.mailto">
 <title>{mailto}</title>
  <para>
   <varname>{mailto}</varname>可以自动创建一个<literal>mailto:</literal>链接，而且可以选择编码方式。
   对邮件编码可以使邮件地址更难以被网络爬虫抓取。
  <note>
  <title>技术说明</title>
  <para>
  Javascript可以更好地进行编码，即使使用十六进制编码也比不上。
  </para>
 </note>
 </para>

 <informaltable frame="all">
  <tgroup cols="5">
   <colspec colname="param" align="center" />
   <colspec colname="type" align="center" />
   <colspec colname="required" align="center" />
   <colspec colname="default" align="center" />
   <colspec colname="desc" />
   <thead>
    <row>
     <entry>参数名称</entry>
     <entry>类型</entry>
     <entry>必选参数</entry>
     <entry>默认值</entry>
     <entry>说明</entry>
    </row>
   </thead>
   <tbody>
    <row>
     <entry>address</entry>
     <entry>string</entry>
     <entry>Yes</entry>
     <entry><emphasis>n/a</emphasis></entry>
     <entry>电邮地址</entry>
    </row>
    <row>
     <entry>text</entry>
     <entry>string</entry>
     <entry>No</entry>
     <entry><emphasis>n/a</emphasis></entry>
     <entry>显示的文字，默认是电邮地址</entry>
    </row>
    <row>
     <entry>encode</entry>
     <entry>string</entry>
     <entry>No</entry>
     <entry><emphasis>none</emphasis></entry>
     <entry>
	 如何编码电邮。可以是<literal>none</literal>,
      <literal>hex</literal>, <literal>javascript</literal>
      或者 <literal>javascript_charcode</literal>.</entry>
    </row>
    <row>
     <entry>cc</entry>
     <entry>string</entry>
     <entry>No</entry>
     <entry><emphasis>n/a</emphasis></entry>
     <entry>
	 抄送的电邮地址，用逗号隔开。
     </entry>
    </row>
    <row>
     <entry>bcc</entry>
     <entry>string</entry>
     <entry>No</entry>
     <entry><emphasis>n/a</emphasis></entry>
     <entry>
	 暗送的地址，用逗号隔开。</entry>
    </row>
    <row>
     <entry>subject</entry>
     <entry>string</entry>
     <entry>No</entry>
     <entry><emphasis>n/a</emphasis></entry>
     <entry>邮件标题</entry>
    </row>
    <row>
     <entry>newsgroups</entry>
     <entry>string</entry>
     <entry>No</entry>
     <entry><emphasis>n/a</emphasis></entry>
     <entry>
	 发送到的新闻组地址，用逗号隔开。</entry>
    </row>
    <row>
     <entry>followupto</entry>
     <entry>string</entry>
     <entry>No</entry>
     <entry><emphasis>n/a</emphasis></entry>
     <entry>
	 回执地址，用逗号隔开。</entry>
    </row>
    <row>
     <entry>extra</entry>
     <entry>string</entry>
     <entry>No</entry>
     <entry><emphasis>n/a</emphasis></entry>
     <entry>
	 任何附加的链接信息，如样式表等</entry>
    </row>
   </tbody>
  </tgroup>
 </informaltable>


 <example>
  <title>{mailto}例子和其输出的结果</title>
  <programlisting>
<![CDATA[
{mailto address="me@example.com"}
<a href="mailto:me@example.com" >me@example.com</a>

{mailto address="me@example.com" text="send me some mail"}
<a href="mailto:me@example.com" >send me some mail</a>

{mailto address="me@example.com" encode="javascript"}
<script type="text/javascript" language="javascript">
   eval(unescape('%64%6f% ... snipped ...%61%3e%27%29%3b'))
</script>

{mailto address="me@example.com" encode="hex"}
<a href="mailto:%6d%65.. snipped..3%6f%6d">&#x6d;&..snipped...#x6f;&#x6d;</a>

{mailto address="me@example.com" subject="Hello to you!"}
<a href="mailto:me@example.com?subject=Hello%20to%20you%21" >me@example.com</a>

{mailto address="me@example.com" cc="you@example.com,they@example.com"}
<a href="mailto:me@example.com?cc=you@example.com,they@example.com" >me@example.com</a>

{mailto address="me@example.com" extra='class="email"'}
<a href="mailto:me@example.com" class="email">me@example.com</a>

{mailto address="me@example.com" encode="javascript_charcode"}
<script type="text/javascript" language="javascript">
    {document.write(String.fromCharCode(60,97, ... snipped ....60,47,97,62))}
</script>
]]>
</programlisting>
 </example>
 <para>
 参见
 <link linkend="language.modifier.escape"><varname>转码</varname></link>,
 <link linkend="language.function.textformat"><varname>{textformat}</varname></link>
 和
 <link linkend="tips.obfuscating.email">混淆邮件地址</link>.
 </para>
</sect1>
<!-- Keep this comment at the end of the file
 Local variables:
 mode: sgml
 sgml-omittag:t
 sgml-shorttag:t
 sgml-minimize-attributes:nil
 sgml-always-quote-attributes:t
 sgml-indent-step:1
 sgml-indent-data:t
 indent-tabs-mode:nil
 sgml-parent-document:nil
 sgml-default-dtd-file:"../../../../manual.ced"
 sgml-exposed-tags:nil
 sgml-local-catalogs:nil
 sgml-local-ecat-files:nil
 End:
 vim600: syn=xml fen fdm=syntax fdl=2 si
 vim: et tw=78 syn=sgml
 vi: ts=1 sw=1
 -->

