<?xml version="1.0" encoding="UTF-8"?>
<!-- $Revision: 4562 $ -->
<sect1 id="language.variables.smarty">
 <title>{$smarty} 保留变量</title>
 <para>
 可以通过PHP的保留变量
 <parameter>{$smarty}</parameter>来访问一些环境变量。
 下面是这些变量的列表：
 </para>

 <sect2 id="language.variables.smarty.request">
  <title>页面请求变量</title>
  <para>
   <ulink url="&url.php-manual;reserved.variables">页面请求变量
   </ulink>如<literal>$_GET</literal>, <literal>$_POST</literal>,
   <literal>$_COOKIE</literal>, <literal>$_SERVER</literal>,
   <literal>$_ENV</literal> 和 <literal>$_SESSION</literal>
   可以通过下面的方式来使用：
  </para>
  <example>
   <title>显示页面请求变量</title>
   <programlisting>
<![CDATA[
{* display value of page from URL ($_GET) http://www.example.com/index.php?page=foo *}
{$smarty.get.page}

{* display the variable "page" from a form ($_POST['page']) *}
{$smarty.post.page}

{* display the value of the cookie "username" ($_COOKIE['username']) *}
{$smarty.cookies.username}

{* display the server variable "SERVER_NAME" ($_SERVER['SERVER_NAME'])*}
{$smarty.server.SERVER_NAME}

{* display the system environment variable "PATH" *}
{$smarty.env.PATH}

{* display the php session variable "id" ($_SESSION['id']) *}
{$smarty.session.id}

{* display the variable "username" from merged get/post/cookies/server/env *}
{$smarty.request.username}
]]>
   </programlisting>
  </example>
  <note>
   <para>
   由于历史愿意，<parameter>{$SCRIPT_NAME}</parameter>变量会作为
   <parameter>{$smarty.server.SCRIPT_NAME}</parameter>的缩写。
   </para>
<programlisting>
<![CDATA[
<a href="{$SCRIPT_NAME}?page=smarty">click me</a>
<a href="{$smarty.server.SCRIPT_NAME}?page=smarty">click me</a>
]]>
</programlisting>
  </note>
  <note><para>
  虽然Smarty提供了较方便直接访问PHP超全局变量的方法，但必须谨慎使用。
  直接访问超全局变量会弄乱应用程序底层代码和模板语法。
  最佳的实践是从PHP将需要的变量对模板进行赋值再使用。
  </para></note>
 </sect2>

 <sect2 id="language.variables.smarty.now">
  <title>{$smarty.now}</title>
  <para>
   当前的<ulink url="&url.php-manual;function.time">时间戳</ulink>
   可以通过<parameter>{$smarty.now}</parameter>来获取。
   时间戳是从1970年1月1日开始计算到当前的秒数。
   当前时间戳可以被<link linkend="language.modifier.date.format"><varname>date_format</varname>
   </link>修饰器使用并显示。
   注意：在每次使用该变量时都会调用<ulink url="&url.php-manual;function.time"><varname>time()</varname></ulink>函数。
   比如说一个程序花了三秒来执行，在开头和结束时都调用了<parameter>$smarty.now</parameter>，那么这两个数值将差三秒。
  <informalexample>
   <programlisting>
<![CDATA[
{* use the date_format modifier to show current date and time *}
{$smarty.now|date_format:'%Y-%m-%d %H:%M:%S'}
]]>
   </programlisting>
  </informalexample>
  </para>
 </sect2>

 <sect2 id="language.variables.smarty.const">
  <title>{$smarty.const}</title>
  <para>
  直接访问PHP的常量。参见 <link
   linkend="smarty.constants">smarty 常量</link>.
   </para>
  <informalexample>
<programlisting role="php">
<![CDATA[
<?php
// the constant defined in php
define('MY_CONST_VAL','CHERRIES');
?>
]]>
</programlisting>
</informalexample>

<para>在模板中显示常量</para>
<informalexample>
<programlisting>
<![CDATA[
{$smarty.const.MY_CONST_VAL}
]]>
</programlisting>
</informalexample>

<note><para>
	虽然Smarty有较方便直接访问PHP常量的方法。
	但这通常会弄乱应用程序底层代码和模板语法。
	最佳的实践是从PHP将需要的变量对模板进行赋值再使用。
</para></note>

 </sect2>

 <sect2 id="language.variables.smarty.capture">
  <title>{$smarty.capture}</title>
  <para>
  Smarty内置函数<link linkend="language.function.capture">
   <varname>{capture}..{/capture}</varname></link>可以捕获其中的代码输出。
   通过<parameter>{$smarty.capture}</parameter>变量可以使用这些输出的代码。
    参见<link linkend="language.function.capture">
    <varname>{capture}</varname></link>函数。
  </para>
 </sect2>

 <sect2 id="language.variables.smarty.config">
  <title>{$smarty.config}</title>
  <para>
   <parameter>{$smarty.config}</parameter>变量可以获取
   <link linkend="language.config.variables">配置变量</link>。
   <parameter>{$smarty.config.foo}</parameter>可获取设置变量的
   <parameter>{#foo#}</parameter>。参见
   <link linkend="language.function.config.load">{config_load}</link>。
  </para>
 </sect2>

 <sect2 id="language.variables.smarty.loops">
  <title>{$smarty.section}</title>
  <para>
   <parameter>{$smarty.section}</parameter>变量是<link linkend="language.function.section"><varname>{section}</varname></link>
   循环中的属性。
  它提供了一些很有用的值，如
  <varname>.first</varname>, <varname>.index</varname>等等。
  </para>
  <note><para>
    <varname>{$smarty.foreach}</varname>变量在新的<link linkend="language.function.foreach"><varname>{foreach}</varname></link> 语法中已经不再使用。
	但仍然支持Smarty 2.x 风格的 foreach 语法。
  </para></note>
 </sect2>

 <sect2 id="language.variables.smarty.template">
  <title>{$smarty.template}</title>
  <para>
  返回当前的模板名称（不带目录名）。
  </para>
 </sect2>

 <sect2 id="language.variables.smarty.template_object">
  <title>{$smarty.template_object}</title>
  <para>
  返回当前模板对象。
  </para>
 </sect2>

 <sect2 id="language.variables.smarty.current_dir">
   <title>{$smarty.current_dir}</title>
   <para>
   返回当前模板的目录名称。
   </para>
  </sect2>

 <sect2 id="language.variables.smarty.version">
  <title>{$smarty.version}</title>
  <para>
  返回编译当前模板的Smarty版本。
  </para>
<programlisting>
<![CDATA[
<div id="footer">由 Smarty {$smarty.version} 引擎驱动</div>
]]>
</programlisting>
 </sect2>

 <sect2 id="language.variables.smarty.block.child">
  <title>{$smarty.block.child}</title>
  <para>
  返回子模板提供的区块代码。
   参见<link linkend="advanced.features.template.inheritance">模板继承</link>。
  </para>
 </sect2>

 <sect2 id="language.variables.smarty.block.parent">
  <title>{$smarty.block.parent}</title>
  <para>
  返回父模板提供的区块代码。
   参见<link linkend="advanced.features.template.inheritance">模板继承</link>。
  </para>
 </sect2>

 <sect2 id="language.variables.smarty.ldelim">
  <title>{$smarty.ldelim}, {$smarty.rdelim}</title>
  <para>
  用于显示左定界符和右定界符。等同于<link linkend="language.function.ldelim">
   <varname>{ldelim},{rdelim}</varname></link>。
  </para>
  <para>
   参见
   <link linkend="language.assigned.variables">赋值变量</link> 和
   <link linkend="language.config.variables">配置变量</link>
  </para>
 </sect2>
</sect1>
<!-- Keep this comment at the end of the file
Local variables:
mode: sgml
sgml-omittag:t
sgml-shorttag:t
sgml-minimize-attributes:nil
sgml-always-quote-attributes:t
sgml-indent-step:1
sgml-indent-data:t
indent-tabs-mode:nil
sgml-parent-document:nil
sgml-default-dtd-file:"../../../../manual.ced"
sgml-exposed-tags:nil
sgml-local-catalogs:nil
sgml-local-ecat-files:nil
End:
vim600: syn=xml fen fdm=syntax fdl=2 si
vim: et tw=78 syn=sgml
vi: ts=1 sw=1
-->
