<?xml version="1.0" encoding="UTF-8"?>
<!-- $Revision: 3827 $ -->
  <sect1 id="language.variable.scopes">
  <title>变量作用范围</title>
   <para>
   你可以设置Smarty对象、通过<link linkend="api.create.data"><varname>createData()</varname></link>建立的对象、和<link linkend="api.create.template"><varname>createTemplate()</varname></link>建立的对象的作用范围。
   这些对象可以连接使用。
   模板内可以使用全部由对象的变量和它们链条上的父对象的变量。
   </para>
   <para>
   默认模板通过
   <link linkend="api.display"><varname>$smarty->display(...)</varname></link>或
   <link linkend="api.fetch"><varname>$smarty->fetch(...)</varname></link>调用，可获取到Smarty对象范围的变量。
   </para>
   <para>
   通过传递特定的数据或模板对象，你可以完全在模板内控制这些变量的可视范围。
   </para>
   <para>
    <example>
     <title>变量范围的例子</title>
     <programlisting role="php">
<![CDATA[

// assign variable to Smarty object scope
$smarty->assign('foo','smarty');

// assign variables to data object scope
$data = $smarty->createData();
$data->assign('foo','data');
$data->assign('bar','bar-data');

// assign variables to other data object scope
$data2 = $smarty->createData($data);
$data2->assign('bar','bar-data2');

// assign variable to template object scope
$tpl = $smarty->createTemplate('index.tpl');
$tpl->assign('bar','bar-template');

// assign variable to template object scope with link to Smarty object
$tpl2 = $smarty->createTemplate('index.tpl',$smarty);
$tpl2->assign('bar','bar-template2');

// This display() does see $foo='smarty' from the $smarty object
$smarty->display('index.tpl');

// This display() does see $foo='data' and $bar='bar-data' from the data object $data
$smarty->display('index.tpl',$data);

// This display() does see $foo='data' from the data object $data 
// and $bar='bar-data2' from the data object $data2
$smarty->display('index.tpl',$data2);

// This display() does see $bar='bar-template' from the template object $tpl
$tpl->display();  // or $smarty->display($tpl);

// This display() does see $bar='bar-template2' from the template object $tpl2
// and $foo='smarty' form the Smarty object $foo
$tpl2->display();  // or $smarty->display($tpl2);
]]>
    </programlisting>
    </example>
   </para>
   <para>
    参见<link linkend="api.assign"><varname>assign()</varname></link>,
    <link linkend="api.create.data"><varname>createData()</varname></link>和
    <link linkend="api.create.template"><varname>createTemplate()</varname></link>.
</para>
</sect1>
<!-- Keep this comment at the end of the file
Local variables:
mode: sgml
sgml-omittag:t
sgml-shorttag:t
sgml-minimize-attributes:nil
sgml-always-quote-attributes:t
sgml-indent-step:1
sgml-indent-data:t
indent-tabs-mode:nil
sgml-parent-document:nil
sgml-default-dtd-file:"../../../../manual.ced"
sgml-exposed-tags:nil
sgml-local-catalogs:nil
sgml-local-ecat-files:nil
End:
vim600: syn=xml fen fdm=syntax fdl=2 si
vim: et tw=78 syn=sgml
vi: ts=1 sw=1
-->
