<?xml version="1.0" encoding="UTF-8"?>
<!-- $Revision: 3827 $ -->
<sect1 id="language.assigned.variables">
 <title>从PHP赋值的变量</title>
 <para>
 赋值的变量以美元符号 (<literal>$</literal>) 开头。
 </para>

 <example>
  <title>变量赋值</title>
   <para>PHP 代码</para>
<programlisting role="php">
<![CDATA[
<?php

$smarty = new Smarty();

$smarty->assign('firstname', 'Doug');
$smarty->assign('lastname', 'Evans');
$smarty->assign('meetingPlace', 'New York');

$smarty->display('index.tpl');

?>
]]>
</programlisting>
     <para>
      <filename>index.tpl</filename>模板源码:
     </para>
<programlisting>
<![CDATA[
Hello {$firstname} {$lastname}, glad to see you can make it.
<br />
{* this will not work as $variables are case sensitive *}
This weeks meeting is in {$meetingplace}.
{* this will work *}
This weeks meeting is in {$meetingPlace}.
]]>
   </programlisting>

  <para>
   输出：
  </para>
  <screen>
<![CDATA[
Hello Doug Evans, glad to see you can make it.
<br />
This weeks meeting is in .
This weeks meeting is in New York.
]]>
  </screen>
 </example>


 <sect2 id="language.variables.assoc.arrays">
  <title>数组赋值</title>
  <para>
  可以通过点号“.”来使用赋值的数组变量。
  </para>
  <example>
   <title>数组变量</title>
   <programlisting role="php">
<![CDATA[
<?php
$smarty->assign('Contacts',
    array('fax' => '555-222-9876',
          'email' => 'zaphod@slartibartfast.example.com',
          'phone' => array('home' => '555-444-3333',
                           'cell' => '555-111-1234')
                           )
         );
$smarty->display('index.tpl');
?>
]]>
   </programlisting>
   <para>
    <filename>index.tpl</filename>模板代码：
   </para>
   <programlisting>
<![CDATA[
{$Contacts.fax}<br />
{$Contacts.email}<br />
{* you can print arrays of arrays as well *}
{$Contacts.phone.home}<br />
{$Contacts.phone.cell}<br />
]]>
   </programlisting>
   <para>
   输出：
   </para>
   <screen>
<![CDATA[
555-222-9876<br />
zaphod@slartibartfast.example.com<br />
555-444-3333<br />
555-111-1234<br />
]]>
   </screen>
  </example>
 </sect2>


 <sect2 id="language.variables.array.indexes">
  <title>数组下标</title>
  <para>
  你可以通过下标来使用数组，和PHP语法一样。
  </para>
  <example>
   <title>使用数组下标</title>
   <programlisting role="php">
<![CDATA[
<?php
$smarty->assign('Contacts', array(
                           '555-222-9876',
                           'zaphod@slartibartfast.example.com',
                            array('555-444-3333',
                                  '555-111-1234')
                            ));
$smarty->display('index.tpl');
?>
]]>
   </programlisting>
   <para>
    <filename>index.tpl</filename>模板代码：
   </para>
   <programlisting>
<![CDATA[
{$Contacts[0]}<br />
{$Contacts[1]}<br />
{* you can print arrays of arrays as well *}
{$Contacts[2][0]}<br />
{$Contacts[2][1]}<br />
]]>
   </programlisting>
   <para>
    输出：
   </para>
   <screen>
<![CDATA[
555-222-9876<br />
zaphod@slartibartfast.example.com<br />
555-444-3333<br />
555-111-1234<br />
]]>
   </screen>
  </example>
 </sect2>


 <sect2 id="language.variables.objects">
  <title>对象</title>
  <para>
  从PHP赋值的<link linkend="advanced.features.objects">对象</link>的属性和方法，可以通过<literal>-&gt;</literal>来使用。
  </para>
  <example>
   <title>使用对象</title>
   <programlisting>
<![CDATA[
name:  {$person->name}<br />
email: {$person->email}<br />
]]>
   </programlisting>
   <para>
    输出：
   </para>
   <screen>
<![CDATA[
name:  Zaphod Beeblebrox<br />
email: zaphod@slartibartfast.example.com<br />
]]>
   </screen>
  </example>
 </sect2>
</sect1>

<!-- Keep this comment at the end of the file
Local variables:
mode: sgml
sgml-omittag:t
sgml-shorttag:t
sgml-minimize-attributes:nil
sgml-always-quote-attributes:t
sgml-indent-step:1
sgml-indent-data:t
indent-tabs-mode:nil
sgml-parent-document:nil
sgml-default-dtd-file:"../../../../manual.ced"
sgml-exposed-tags:nil
sgml-local-catalogs:nil
sgml-local-ecat-files:nil
End:
vim600: syn=xml fen fdm=syntax fdl=2 si
vim: et tw=78 syn=sgml
vi: ts=1 sw=1
-->
