<?xml version="1.0" encoding="UTF-8"?>
<!-- $Revision: 3827 $ -->
  <sect1 id="language.config.variables">
  <title>从配置文件获取的变量</title>
  <para>
  从<link linkend="config.files">配置文件</link>获取的变量，可以通过
  井号引用起来访问如<literal>#hash_marks#</literal>，
  或者通过Smarty变量
  <link linkend="language.variables.smarty.config">
 <parameter>$smarty.config</parameter></link>来访问。
 后者在使用其他属性或者是访问别的变量值时比较有用，如$smarty.config.$foo。
  </para>
   <example>
    <title>配置变量</title>
    <para>
     配置文件<filename>foo.conf</filename>例子:
    </para>
    <programlisting>
<![CDATA[
pageTitle = "This is mine"
bodyBgColor = '#eeeeee'
tableBorderSize = 3
tableBgColor = "#bbbbbb"
rowBgColor = "#cccccc"
]]>
    </programlisting>
    <para>
	示范使用<parameter>#hash#</parameter>方式的模板:
    </para>
    <programlisting>
<![CDATA[
{config_load file='foo.conf'}
<html>
<title>{#pageTitle#}</title>
<body bgcolor="{#bodyBgColor#}">
<table border="{#tableBorderSize#}" bgcolor="{#tableBgColor#}">
<tr bgcolor="{#rowBgColor#}">
    <td>First</td>
    <td>Last</td>
    <td>Address</td>
</tr>
</table>
</body>
</html>
]]>
    </programlisting>
    <para>
     示范使用<link linkend="language.variables.smarty.config">
     <parameter>$smarty.config</parameter></link>方式的模板：
    </para>
    <programlisting>
<![CDATA[
{config_load file='foo.conf'}
<html>
<title>{$smarty.config.pageTitle}</title>
<body bgcolor="{$smarty.config.bodyBgColor}">
<table border="{$smarty.config.tableBorderSize}" bgcolor="{$smarty.config.tableBgColor}">
<tr bgcolor="{$smarty.config.rowBgColor}">
    <td>First</td>
    <td>Last</td>
    <td>Address</td>
</tr>
</table>
</body>
</html>
]]>
    </programlisting>
    <para>
     上面的例子都可以输出：
    </para>
    <screen>
<![CDATA[
<html>
<title>This is mine</title>
<body bgcolor="#eeeeee">
<table border="3" bgcolor="#bbbbbb">
<tr bgcolor="#cccccc">
	<td>First</td>
	<td>Last</td>
	<td>Address</td>
</tr>
</table>
</body>
</html>
]]>
    </screen>
   </example>
<para>
  配置变量必须先载入配置文件才能使用。
  这个过程会本文档的<link linkend="language.function.config.load">
  <varname>{config_load}</varname></link>说明里面解释。
</para>
<para>
  参见 <link linkend="language.syntax.variables">变量</link> 和
  <link linkend="language.variables.smarty">$smarty保留变量</link>
</para>
</sect1>
<!-- Keep this comment at the end of the file
Local variables:
mode: sgml
sgml-omittag:t
sgml-shorttag:t
sgml-minimize-attributes:nil
sgml-always-quote-attributes:t
sgml-indent-step:1
sgml-indent-data:t
indent-tabs-mode:nil
sgml-parent-document:nil
sgml-default-dtd-file:"../../../../manual.ced"
sgml-exposed-tags:nil
sgml-local-catalogs:nil
sgml-local-ecat-files:nil
End:
vim600: syn=xml fen fdm=syntax fdl=2 si
vim: et tw=78 syn=sgml
vi: ts=1 sw=1
-->
