<?xml version="1.0" encoding="UTF-8"?>
<!-- $Revision: 3827 $ -->
<sect1 id="language.syntax.comments">
 <title>注释</title>
 <para>
 模板中的注释是星号开头，然后外面包含着
  <link linkend="variable.left.delimiter">定界符</link>，
  就像这样：
  </para>
    <informalexample>
   <programlisting>
<![CDATA[
{* 这是一个注释 *}
]]>
   </programlisting>
  </informalexample>
  <para>
  Smarty的注释在不会在最终的页面输出里显示，
  像<literal>&lt;!-- HTML comments --&gt;</literal>一样。
  这是内部进行一些标记而不被人看到的好方法;-)
 </para>
 <example>
  <title>注释例子</title>
  <programlisting>
<![CDATA[
{* 我是一个Smarty的注释, 显示输出时我不会存在  *}
<html>
<head>
<title>{$title}</title>
</head>
<body>

{* 另一个单行的注释例子  *}
<!-- HTML 注释会发送到浏览器 -->

{* 
   Smarty的多行
   注释
   不会发送到浏览器
*}

{*********************************************************
多行注释的说明栏
  @ author:         bg@example.com
  @ maintainer:     support@example.com
  @ para:           var that sets block style
  @ css:            the style output
**********************************************************}

{* 头部文件包括LOGO和其他东西  *}
{include file='header.tpl'}


{* 开发说明:  $includeFile是通过foo.php赋值的  *}
<!-- 显示 main content 块 -->
{include file=$includeFile}

{* 这里的 <select> 块是多余的 *}
{*
<select name="company">
  {html_options options=$vals selected=$selected_id}
</select>
*}

<!-- 变量被注释了 -->
{* $affiliate|upper *}

{* 注释不能嵌套 *}
{*
<select name="company">
  {* <option value="0">-- none -- </option> *}
  {html_options options=$vals selected=$selected_id}
</select>
*}

</body>
</html>
]]>
  </programlisting>
 </example>
</sect1>
<!-- Keep this comment at the end of the file
Local variables:
mode: sgml
sgml-omittag:t
sgml-shorttag:t
sgml-minimize-attributes:nil
sgml-always-quote-attributes:t
sgml-indent-step:1
sgml-indent-data:t
indent-tabs-mode:nil
sgml-parent-document:nil
sgml-default-dtd-file:"../../../../manual.ced"
sgml-exposed-tags:nil
sgml-local-catalogs:nil
sgml-local-ecat-files:nil
End:
vim600: syn=xml fen fdm=syntax fdl=2 si
vim: et tw=78 syn=sgml
vi: ts=1 sw=1
-->
