<?xml version="1.0" encoding="UTF-8"?>
<!-- $Revision: 3827 $ -->
<sect1 id="language.syntax.functions">
 <title>函数</title>
 <para>
 每个Smarty的标签都可以是显示一个
 <link linkend="language.variables">变量</link>或者调用
	某种类型的函数。
	调用和显示的方式是在定界符内包含了函数，和其
	<link linkend="language.syntax.attributes">属性</link>，
	如：<literal>{funcname attr1="val1" attr2="val2"}</literal>.
 </para>
 <example>
  <title>函数语法</title>
  <programlisting>
<![CDATA[
{config_load file="colors.conf"}

{include file="header.tpl"}
{insert file="banner_ads.tpl" title="My Site"}

{if $logged_in}
    Welcome, <span style="color:{#fontColor#}">{$name}!</span>
{else}
    hi, {$name}
{/if}

{include file="footer.tpl"}
]]>
  </programlisting>
 </example>

 <itemizedlist>
 <listitem><para>
 包括<link linkend="language.builtin.functions">内置函数</link>
  和<link linkend="language.custom.functions">自定义函数</link>
  都是用同样的语法调用。
  </para></listitem>

  <listitem><para>内置函数是工作在Smarty
  <emphasis role="bold">内部</emphasis>的函数, 类似
  <link linkend="language.function.if"><varname>{if}</varname></link>,
  <link linkend="language.function.section"><varname>{section}</varname></link>和
  <link linkend="language.function.strip"><varname>{strip}</varname></link>等等。
  它们不需要进行修改或者改变。
  </para></listitem>

  <listitem><para>
  自定义函数是通过<link linkend="plugins">插件</link>定义的
  <emphasis role="bold">额外的</emphasis>函数。
  你可以任意修改自定义函数，或者创建一个新的函数。
  <link linkend="language.function.html.options">
  <varname>{html_options}</varname></link>就是一个自定义函数的例子。
 </para></listitem>
</itemizedlist>

 <para>
 参见<link linkend="api.register.plugin"><varname>registerPlugin()</varname></link>
 </para>
</sect1>

<!-- Keep this comment at the end of the file
Local variables:
mode: sgml
sgml-omittag:t
sgml-shorttag:t
sgml-minimize-attributes:nil
sgml-always-quote-attributes:t
sgml-indent-step:1
sgml-indent-data:t
indent-tabs-mode:nil
sgml-parent-document:nil
sgml-default-dtd-file:"../../../../manual.ced"
sgml-exposed-tags:nil
sgml-local-catalogs:nil
sgml-local-ecat-files:nil
End:
vim600: syn=xml fen fdm=syntax fdl=2 si
vim: et tw=78 syn=sgml
vi: ts=1 sw=1
-->
