<?xml version="1.0" encoding="UTF-8"?>
<!-- $Revision: 4020 $ -->
<sect1 id="language.syntax.quotes">
 <title>双引号中嵌入变量</title>

 <itemizedlist>
  <listitem>
 <para>
 Smarty可以识别出在双引号中嵌套的
 <link   linkend="language.syntax.variables">变量</link><link
  linkend="api.assign">值</link>，这些变量名称必须只包括
  字母、数字和下划线。
  参见<ulink url="&url.php-manual;language.variables">命名规则</ulink>。
  </para></listitem>

  <listitem><para>
  另外，带有其他字符的，如点号（.）或者
  <literal>$object->reference</literal>形式的变量，
  必须用<literal>`单引号`</literal>括起来。
  </para></listitem>

  <listitem><para>
  Smarty3中允许在双引号中嵌入Smarty的标签并运行。
  如果你需要在双引号的变量上使用修饰器、插件或者PHP函数等，这是非常有用的。
  </para></listitem>
 </itemizedlist>

 <example>
  <title>例子</title>
  <programlisting>
<![CDATA[
{func var="test $foo test"}              // 识别变量 $foo
{func var="test $foo_bar test"}          // 识别变量 $foo_bar
{func var="test `$foo[0]` test"}         // 识别变量 $foo[0]
{func var="test `$foo[bar]` test"}       // 识别变量 $foo[bar]
{func var="test $foo.bar test"}          // 识别变量 $foo (不是 $foo.bar)
{func var="test `$foo.bar` test"}        // 识别变量 $foo.bar
{func var="test `$foo.bar` test"|escape} // 引号外的修饰器!
{func var="test {$foo|escape} test"}     // 引号内的修饰器!
{func var="test {time()} test"}          // PHP函数结果
{func var="test {counter} test"}         // 插件的结果
{func var="variable foo is {if !$foo}not {/if} defined"} // Smarty区块函数
]]>
  </programlisting>
</example>

 <example>
  <title>例子</title>
  <programlisting>
<![CDATA[
{* 将使用$tpl_name的值 *}
{include file="subdir/$tpl_name.tpl"}

{* 不使用$tpl_name的值 *}
{include file='subdir/$tpl_name.tpl'} // 必须用双引号才能用变量值!

{* 当变量包含了点号“.”，必须用单引号括起来 *}
{cycle values="one,two,`$smarty.config.myval`"}

{* 当变量包含了点号“.”，必须用单引号括起来 *}
{include file="`$module.contact`.tpl"}

{* 点号后面跟着变量 *}
{include file="`$module.$view`.tpl"}
]]>
  </programlisting>
 </example>

 <note><para>
 虽然Smarty能处理比较复杂的表达式和语法，但是最好保持模板语法的简洁，
 把关注的焦点放在显示层面。如果你发现模板语法非常复杂，那么
 最好把这些逻辑代码转移到插件或者修饰器上，用PHP代码进行编写。
 </para></note>

 <para>
  参见<link linkend="language.modifier.escape"><varname>字符转换</varname></link>。
 </para>
</sect1>

<!-- Keep this comment at the end of the file
Local variables:
mode: sgml
sgml-omittag:t
sgml-shorttag:t
sgml-minimize-attributes:nil
sgml-always-quote-attributes:t
sgml-indent-step:1
sgml-indent-data:t
indent-tabs-mode:nil
sgml-parent-document:nil
sgml-default-dtd-file:"../../../../manual.ced"
sgml-exposed-tags:nil
sgml-local-catalogs:nil
sgml-local-ecat-files:nil
End:
vim600: syn=xml fen fdm=syntax fdl=2 si
vim: et tw=78 syn=sgml
vi: ts=1 sw=1
-->
