<?xml version="1.0" encoding="UTF-8"?>
<!-- $Revision: 3827 $ -->
<sect1 id="language.escaping">
 <title>避免Smarty解析</title>
 <para>
 有时候部分模板中的代码是不需要或者不希望被Smarty解析的，
比较典型的例子是嵌入在页面HTML中的Javascript或CSS代码。 
问题通常发生在这些语言会经常使用{ 和 }，但{ 和 }也恰好是Smarty的
<link linkend="language.function.ldelim">定界符</link>。
 </para>

 <note><para>
 避免被解析的一个良好方式，是分离你的Javascript/CSS代码到单独的文件中，
 然后在HTML中引入它们。而且这样也有利于浏览器进行缓存。
 当你需要嵌入Smarty的变量或者函数到Javascript/CSS中，请参考下面的方式：
 </para></note>

 <para>
  Smarty模板中，当{ 和 }定界符两边都是空格的时候，将会被自动忽略解析。
  此特性可以通过设置Smarty的成员变量
  <link linkend="variable.auto.literal"><parameter>$auto_literal</parameter></link>为false来关闭。
 </para>
 
 <example>
  <title>使用自动忽略解析的特性</title>
  <programlisting>
<![CDATA[
<script>
   // 下面的定界符两边都是空格，所以可以被自动忽略解析
   function foobar {
	alert('foobar!');
   }
   // 下面需要手动忽略解析
   {literal}
	function bazzy {alert('foobar!');}
   {/literal}
</script>
]]>  
 </programlisting>
 </example>
 
 <para>
  <link linkend="language.function.literal">
  <varname>{literal}..{/literal}</varname></link>可以让块中间的内容忽略Smarty的解析。
  在需要使用定界符的时候，可以通过
  <link linkend="language.function.ldelim"><varname>{ldelim}</varname></link>，<link linkend="language.function.ldelim"><varname>{rdelim}</varname></link>标签，或者<link linkend="language.variables.smarty.ldelim">
  <varname>{$smarty.ldelim}</varname>,<varname>{$smarty.rdelim}</varname></link>的变量来使用。
 </para>

 <para>
 Smarty的默认定界符{ 和 }可以整齐地界定一般内容的显示。
 然而你可以通过修改Smarty的<link linkend="variable.left.delimiter">
  <parameter>$left_delimiter</parameter></link> 和
  <link linkend="variable.right.delimiter">
  <parameter>$right_delimiter</parameter></link> 的变量值，设置更适合的定界符。
  <note>
    <para>
	修改定界符会影响到全部模板代码和解析，请确保在修改前已清除了全部的缓存和编译文件。
    </para>
  </note>
 </para>
 <example>
  <title>改变定界符的例子</title>
  <programlisting role="php">
<![CDATA[
<?php

$smarty->left_delimiter = '<!--{';
$smarty->right_delimiter = '}-->';

$smarty->assign('foo', 'bar');
$smarty->assign('name', 'Albert');
$smarty->display('example.tpl');

?>
]]>
  </programlisting>
  <para>
   模板：
  </para>
  <programlisting>
<![CDATA[
Welcome <!--{$name}--> to Smarty
<script language="javascript">
  var foo = <!--{$foo}-->;
  function dosomething() {
    alert("foo is " + foo);
  }
  dosomething();
</script>
]]>
  </programlisting>
 </example>
</sect1>
<!-- Keep this comment at the end of the file
Local variables:
mode: sgml
sgml-omittag:t
sgml-shorttag:t
sgml-minimize-attributes:nil
sgml-always-quote-attributes:t
sgml-indent-step:1
sgml-indent-data:t
indent-tabs-mode:nil
sgml-parent-document:nil
sgml-default-dtd-file:"../../../../manual.ced"
sgml-exposed-tags:nil
sgml-local-catalogs:nil
sgml-local-ecat-files:nil
End:
vim600: syn=xml fen fdm=syntax fdl=2 si
vim: et tw=78 syn=sgml
vi: ts=1 sw=1
-->
