<?xml version="1.0" encoding="UTF-8"?>
<!-- $Revision: 3827 $ -->
<sect1 id="language.math">
 <title>数学计算</title>
 <para>
 变量值内可以直接进行数学计算。
 </para>
 <example>
  <title>数学计算例子</title>
  <programlisting>
<![CDATA[
{$foo+1}

{$foo*$bar}

{* 更复杂的例子 *}

{$foo->bar-$bar[1]*$baz->foo->bar()-3*7}

{if ($foo+$bar.test%$baz*134232+10+$b+10)}

{$foo|truncate:"`$fooTruncCount/$barTruncFactor-1`"}

{assign var="foo" value="`$foo+$bar`"}
]]>
  </programlisting>
 </example>
 
 <note><para>
 虽然Smarty可以处理一些非常复杂的表达式和运算，
 但最好还是保存模板的语法简洁，把焦点放在显示上。
如果你发现某部分模板代码过于复杂，一个好的方法是将这部分的代码放到插件或者修饰器内使用。
 </para></note> 
 
</sect1>
<!-- Keep this comment at the end of the file
Local variables:
mode: sgml
sgml-omittag:t
sgml-shorttag:t
sgml-minimize-attributes:nil
sgml-always-quote-attributes:t
sgml-indent-step:1
sgml-indent-data:t
indent-tabs-mode:nil
sgml-parent-document:nil
sgml-default-dtd-file:"../../../../manual.ced"
sgml-exposed-tags:nil
sgml-local-catalogs:nil
sgml-local-ecat-files:nil
End:
vim600: syn=xml fen fdm=syntax fdl=2 si
vim: et tw=78 syn=sgml
vi: ts=1 sw=1
-->
