<?xml version="1.0" encoding="UTF-8"?>
<!-- $Revision: 4020 $ -->
<sect1 id="language.syntax.attributes">
 <title>属性</title>
 <para>
 大多数<link linkend="language.syntax.functions">函数</link>
 都会使用属性来定义或者修改它们的行为。
 Smarty函数中的属性比较像HTML语法中的属性。
  静态值不需要引号引起来，但必须是纯字符串。
  带或不带修饰器的变量都可以使用，而且也不需要引号，
  甚至可以使用PHP函数的结果，插件结果和复杂的表达式。
 </para>
 <para>
 一些属性要求布尔值(&true; 或 &false;)。
 它们可以直接写成<literal>true</literal> 和 <literal>false</literal>。
  如果属性没有被赋值，那么它会将true作为默认值。
 </para>
 <example>
  <title>函数属性语法</title>
  <programlisting>
<![CDATA[
{include file="header.tpl"}

{include file="header.tpl" nocache}  // 等同于 nocache=true

{include file="header.tpl" attrib_name="attrib value"}

{include file=$includeFile}

{include file=#includeFile# title="My Title"}

{assign var=foo value={counter}}  // 插件结果

{assign var=foo value=substr($bar,2,5)}  // PHP函数结果

{assign var=foo value=$bar|strlen}  // 使用修饰器

{assign var=foo value=$buh+$bar|strlen}  // 复杂的表达式

{html_select_date display_days=true}

{mailto address="smarty@example.com"}

<select name="company_id">
  {html_options options=$companies selected=$company_id}
</select>
]]>
  </programlisting>
 </example>
 
 <note><para>
 虽然Smarty可以处理很复杂的表达式和语法，但是最好的方式还是
 保持模板语法的简洁，模板层专注于显示。
 如果发现你的模板语法过于复杂，那么建议是将这些逻辑代码写到PHP里，
 然后在模板中通过插件或者修饰器来调用。
 </para></note>
 
</sect1>
<!-- Keep this comment at the end of the file
Local variables:
mode: sgml
sgml-omittag:t
sgml-shorttag:t
sgml-minimize-attributes:nil
sgml-always-quote-attributes:t
sgml-indent-step:1
sgml-indent-data:t
indent-tabs-mode:nil
sgml-parent-document:nil
sgml-default-dtd-file:"../../../../manual.ced"
sgml-exposed-tags:nil
sgml-local-catalogs:nil
sgml-local-ecat-files:nil
End:
vim600: syn=xml fen fdm=syntax fdl=2 si
vim: et tw=78 syn=sgml
vi: ts=1 sw=1
-->
