<?xml version="1.0" encoding="UTF-8"?>
<!-- $Revision: 4278 $ -->
<chapter id="inforesources">
 <title>资料</title>
 <para>Smarty官网地址：
 <ulink url="&url.smarty;">&url.smarty;</ulink>
 </para>

  <itemizedlist>

  <listitem><para>
  你可以通过发送电邮到<literal>&ml.general.sub;</literal>来订阅邮件列表。
  邮件列表的存档可以在<ulink url="&url.ml.archive;">这里</ulink>找到。
  </para></listitem>

  <listitem><para>
  论坛在<ulink url="&url.forums;">&url.forums;</ulink>
 </para></listitem>

  <listitem><para>
  Wiki的地址是<ulink url="&url.wiki;">&url.wiki;</ulink>
 </para></listitem>

   <listitem><para>
  在线交流进入频道：<ulink url="&url.wiki;">irc.freenode.net#smarty</ulink>
 </para></listitem>

   <listitem><para>
  问题FAQ 在<ulink url="&url.faq_1;">这里</ulink> 和 <ulink url="&url.faq_2;">这里</ulink>。
 </para></listitem>

 </itemizedlist>

</chapter>
<!-- Keep this comment at the end of the file
Local variables:
mode: sgml
sgml-omittag:t
sgml-shorttag:t
sgml-minimize-attributes:nil
sgml-always-quote-attributes:t
sgml-indent-step:1
sgml-indent-data:t
indent-tabs-mode:nil
sgml-parent-document:nil
sgml-default-dtd-file:"../../../../manual.ced"
sgml-exposed-tags:nil
sgml-local-catalogs:nil
sgml-local-ecat-files:nil
End:
vim600: syn=xml fen fdm=syntax fdl=2 si
vim: et tw=78 syn=sgml
vi: ts=1 sw=1
-->
