<?xml version="1.0" encoding="UTF-8"?>
<!-- $Revision: 4335 $ -->
 <chapter id="tips">
  <title>技巧</title>
  <para>
  </para>
  <sect1 id="tips.blank.var.handling">
   <title>空变量的处理</title>
   <para>
   很多情况你都需要显示一个默认值，来代替空的变量。
   如在HTML的表格里面显示<literal>&amp;nbsp;</literal>。
   通常可以用<link linkend="language.function.if"><varname>{if}</varname></link>来进行判断，
   而Smarty还可以通过更简便的<link linkend="language.modifier.default"><varname>default</varname></link>修饰器来处理。
    <note>
    <para>
	当PHP的<ulink url="&url.php-manual;error_reporting"><varname>error_reporting()</varname></ulink>级别或者Smarty的<link linkend="variable.error.reporting"><parameter>$error_reporting</parameter></link>设置成E_NOTICE时，在模板内使用未赋值的变量，将会提示
	<quote>未定义变量</quote> 错误。
    </para>
    </note>
   </para>

   <example>
    <title>当变量为空时显示 &amp;nbsp; </title>
    <programlisting>
<![CDATA[
{* the long way *}
{if $title eq ''}
   &nbsp;
{else}
   {$title}
{/if}

{* the short way *}
{$title|default:'&nbsp;'}
]]>
    </programlisting>
   </example>
<para>
参见<link linkend="language.modifier.default">
<varname>default</varname></link>修饰器和
<link linkend="tips.default.var.handling">默认变量处理</link>.
</para>
  </sect1>


  <sect1 id="tips.default.var.handling">
   <title>默认变量处理</title>
   <para>
   当一个变量在模板内经常使用，而每次使用都需要给它设置<link linkend="language.modifier.default"><varname>default</varname></link>修饰器时，这将会非常不优雅。
   你可以用<link linkend="language.function.assign"><varname>{assign}</varname></link>函数来给变量赋一个默认值。
   </para>
   <example>
    <title>给变量赋默认值</title>
    <programlisting>
<![CDATA[
{* do this somewhere at the top of your template *}
{assign var='title' value=$title|default:'no title'}

{* if $title was empty, it now contains the value "no title" when you use it *}
{$title}
]]>
    </programlisting>
   </example>
   <para>
    参见
    <link linkend="language.modifier.default"><varname>default</varname></link>修饰器和<link linkend="tips.blank.var.handling">空变量的处理</link>.
   </para>
  </sect1>

  <sect1 id="tips.passing.vars">
   <title>传递标题到头部模板</title>
   <para>
   当你的模板多数使用了相同的头部和底部HTML代码，通常
   会将它们分隔到单独的模板中，用<link linkend="language.function.include">
    <varname>{include}</varname></link>来载入它们。
	但如果头部HTML会根据页面的不同，而需要有不同的标题，
	那么你需要在包含模板时设置标题为<link linkend="language.syntax.attributes">属性</link>。
   </para>

 <example>
    <title>传递标题到头部模板</title>

   <para>
    <filename>mainpage.tpl</filename> - 当主体页面被渲染时，
	<quote>Main Page</quote>的标题值会被传递到
	<filename>header.tpl</filename>，这样就可以被当作标题使用了。
    </para>
    <programlisting>
<![CDATA[
{include file='header.tpl' title='Main Page'}
{* template body goes here *}
{include file='footer.tpl'}
]]>
    </programlisting>

    <para>
    <filename>archives.tpl</filename> - 当主体页面被渲染时，
	页面标题会是<quote>Archives</quote>。
	注意在下面例子中，我们使用了来自配置文件<filename>archives_page.conf</filename>的变量，替代硬编码的变量值。
    </para>
    <programlisting>
<![CDATA[
{config_load file='archive_page.conf'}

{include file='header.tpl' title=#archivePageTitle#}
{* template body goes here *}
{include file='footer.tpl'}
]]>
    </programlisting>

    <para>
    <filename>header.tpl</filename> - 注意下面例子使用了
	<link linkend="language.modifier.default"><varname>default</varname></link>的变量修饰器，当标题<literal>$title</literal>
	变量未设置时，将显示<quote>Smarty News</quote>。
    </para>
    <programlisting>
<![CDATA[
<html>
<head>
<title>{$title|default:'Smarty News'}</title>
</head>
<body>
]]>
    </programlisting>

    <para>
    <filename>footer.tpl</filename>
    </para>
    <programlisting>
<![CDATA[
</body>
</html>
]]>
    </programlisting>
 </example>
  </sect1>

  <sect1 id="tips.dates">
   <title>日期时间</title>
   <para>
   一般经验而言，都是将<ulink url="&url.php-manual;time">时间戳</ulink>作为日期时间值传递给Smarty。
   模板设计者可以使用<link
    linkend="language.modifier.date.format"><varname>date_format</varname>
    </link>修饰器来控制日期时间的显示格式，还可以在需要时进行日期的比较。 
   </para>
   <example>
    <title>使用 date_format</title>
    <programlisting>
<![CDATA[
{$startDate|date_format}
]]>
    </programlisting>
    <para>
    输出：
    </para>
    <screen>
<![CDATA[
Jan 4, 2009
]]>
    </screen>
    <programlisting>
<![CDATA[
{$startDate|date_format:"%Y/%m/%d"}
]]>
    </programlisting>
    <para>
     输出：
    </para>
    <screen>
<![CDATA[
2009/01/04
]]>
    </screen>
        <para>
		日期的时间戳可以在模板内进行比较：
    </para>
    <programlisting>
<![CDATA[
{if $order_date < $invoice_date}
   ...do something..
{/if}
]]>
    </programlisting>
   </example>
   <para>
   当在模板内使用<link linkend="language.function.html.select.date">
    <varname>{html_select_date}</varname></link>,
  程序设计者会希望将输出的日期转换回时间戳。下面的函数可以做到这点：
   </para>
   <example>
    <title>转换元件的日期为时间戳</title>
    <programlisting role="php">
<![CDATA[
<?php

// this assumes your form elements are named
// startDate_Day, startDate_Month, startDate_Year

$startDate = makeTimeStamp($startDate_Year, $startDate_Month, $startDate_Day);

function makeTimeStamp($year='', $month='', $day='')
{
   if(empty($year)) {
       $year = strftime('%Y');
   }
   if(empty($month)) {
       $month = strftime('%m');
   }
   if(empty($day)) {
       $day = strftime('%d');
   }

   return mktime(0, 0, 0, $month, $day, $year);
}
?>
]]>
    </programlisting>
   </example>

   <para>
   参见
   <link linkend="language.function.html.select.date">
   <varname>{html_select_date}</varname></link>,
   <link linkend="language.function.html.select.time">
   <varname>{html_select_time}</varname></link>,
   <link linkend="language.modifier.date.format">
   <varname>date_format</varname></link>
   和 <link linkend="language.variables.smarty.now">
   <parameter>$smarty.now</parameter></link>,
   </para>
  </sect1>

  <sect1 id="tips.wap">
   <title>WAP/WML页面</title>
   <para>
   WAP/WML页面需要发送PHP的<ulink url="&url.php-manual;header">Content-Type 头信息</ulink>。
   简单的方法是写一个自定义函数来显示头部信息。
   但当开启了<link linkend="caching">缓存</link>时，你将需要使用
   <link linkend="language.function.insert"><varname>{insert}</varname></link>来使其生效。
	记住<varname>{insert}</varname>是不会被缓存的! 
	确认在模板输出前没有任何的其他内容输出到浏览器，否则头信息将会发送失败。
   </para>
   <example>
    <title>使用 {insert} 来插入一个WML类型的文件头</title>
    <programlisting role="php">
<![CDATA[
<?php

// 确保apache已经配置使用.wml的后缀！
// 将以下函数放在你的程序当中，或者在Smarty.addons.php里面
function insert_header($params)
{
   // 此函数需要名为 $content 的参数
   if (empty($params['content'])) {
       return;
   }
   header($params['content']);
   return;
}

?>
]]>
    </programlisting>
    <para>
	Smarty模板中的 insert 标签<emphasis>必须</emphasis>按照下面方式来写：
    </para>
    <programlisting>
<![CDATA[
{insert name=header content="Content-Type: text/vnd.wap.wml"}

<?xml version="1.0"?>
<!DOCTYPE wml PUBLIC "-//WAPFORUM//DTD WML 1.1//EN" "http://www.wapforum.org/DTD/wml_1.1.xml">

<!-- 开始新的WML 根 -->
<wml>
 <!-- 第一张卡片 -->
 <card>
  <do type="accept">
   <go href="#two"/>
  </do>
  <p>
   欢迎使用Smarty版的WAP页面！
   按“确定”继续...
  </p>
 </card>
 <!-- 第二张卡片 -->
 <card id="two">
  <p>
   很简单,不是吗?
  </p>
 </card>
</wml>
]]>
    </programlisting>
   </example>
  </sect1>

  <sect1 id="tips.componentized.templates">
   <title>组件化模板</title>
   <para>
   传统来说，应用程序使用模板编程都按这样的方式：
   先在PHP程序中，将需要的变量都获取到 (可能还会通过数据库获取)，
   然后实例化Smarty对象，调用<link linkend="api.assign"><varname>assign()</varname></link>来赋值变量，并且<link linkend="api.display"><varname>display()</varname></link>。
   好的，我们来看看模板上显示股票的例子吧。
   我们会在程序中收集到股票的数据，然后将数据变量赋值到模板，并且显示模板。
  现在，如果你可以在模板简单地获取到任意来源的股票数据，不需要担心在前端获取这些数据，不是更好吗？
   </para>
   <para>
   你可以编写一个自定义扩展，来获取内容并且赋值到模板的变量。
   </para>
   <example>
    <title>组件化模板</title>
    <para>
      <filename>function.load_ticker.php</filename> -
      文件在
      <link linkend="variable.plugins.dir">
      <parameter>$plugins 目录</parameter></link>
    </para>
    <programlisting role="php">
<![CDATA[
<?php

// setup our function for fetching stock data
function fetch_ticker($symbol)
{
   // put logic here that fetches $ticker_info
   // from some ticker resource
   return $ticker_info;
}

function smarty_function_load_ticker($params, $smarty)
{
   // call the function
   $ticker_info = fetch_ticker($params['symbol']);

   // assign template variable
   $smarty->assign($params['assign'], $ticker_info);
}
?>
]]>
    </programlisting>
        <para>
          <filename>index.tpl</filename>
    </para>
    <programlisting>
<![CDATA[
{load_ticker symbol='SMARTY' assign='ticker'}

Stock Name: {$ticker.name} Stock Price: {$ticker.price}
]]>
    </programlisting>
   </example>
   <para>
    参见
    <link linkend="language.function.include.php"><varname>{include_php}</varname></link>,
    <link linkend="language.function.include"><varname>{include}</varname></link>
    和
    <link linkend="language.function.php"><varname>{php}</varname></link>.
   </para>
  </sect1>

  <sect1 id="tips.obfuscating.email">
   <title>混淆电子邮件地址</title>
   <para>
   你会不会惊讶为什么你的邮件地址会收到那么多的垃圾邮件？
   其中一个原因是垃圾邮件发送者们的程序可以在页面上收集你的邮件地址。
   要对抗这些程序，你可以通过javascript在HTML代码里面混淆你的邮件地址，
   而且在浏览器里面看的时候是正常的。
   你可以通过<link linkend="language.function.mailto">
    <varname>{mailto}</varname></link>函数来进行这样的处理。
   </para>
   <example>
    <title>混淆电邮地址的例子</title>
    <programlisting>
<![CDATA[
<div id="contact">Send inquiries to
{mailto address=$EmailAddress encode='javascript' subject='Hello'}
</div>
]]>
    </programlisting>
   </example>
   <note>
    <title>技术说明</title>
    <para>
	这个方法并非可以100%可行。邮件地址收集器可以修改收集程序来解码这些值，或许吧...希望...这需要量子计算机:-?
    </para>
   </note>
   <para>
    参见
    <link linkend="language.modifier.escape"><varname>escape</varname></link>修饰器和
    <link linkend="language.function.mailto"><varname>{mailto}</varname></link>.
   </para>
  </sect1>
 </chapter>

<!-- Keep this comment at the end of the file
Local variables:
mode: sgml
sgml-omittag:t
sgml-shorttag:t
sgml-minimize-attributes:nil
sgml-always-quote-attributes:t
sgml-indent-step:1
sgml-indent-data:t
indent-tabs-mode:nil
sgml-parent-document:nil
sgml-default-dtd-file:"../../../../manual.ced"
sgml-exposed-tags:nil
sgml-local-catalogs:nil
sgml-local-ecat-files:nil
End:
vim600: syn=xml fen fdm=syntax fdl=2 si
vim: et tw=78 syn=sgml
vi: ts=1 sw=1
-->
