<?xml version="1.0" encoding="UTF-8"?>
<!-- $Revision: 4362 $ -->
 <chapter id="troubleshooting">
  <title>疑难解答</title>
  <para></para>
  <sect1 id="smarty.php.errors">
   <title>Smarty/PHP 错误</title>
   <para>
   Smarty可以捕获多种错误，如错误的标签、写错的变量名等等。
   如果发生这些错误，Smarty将如下提示：
   </para>
   <example>
    <title>Smarty 错误</title>
    <screen>
<![CDATA[
Warning: Smarty: [in index.tpl line 4]: syntax error: unknown tag - '%blah'
       in /path/to/smarty/Smarty.class.php on line 1041

Fatal error: Smarty: [in index.tpl line 28]: syntax error: missing section name
       in /path/to/smarty/Smarty.class.php on line 1041
]]>
    </screen>
   </example>
   <para>
   Smarty会显示模板名字，错误行数和错误内容。
   还会接着显示在Smarty类文件真实错误发生的行数。
   </para>

   <para>
   部分错误是Smarty无法捕获的。如忘记了写分号等。
   这种类型一般会在PHP编译时直接提示。
   </para>

   <example>
    <title>PHP 错误提示</title>
    <screen>
<![CDATA[
Parse error: parse error in /path/to/smarty/templates_c/index.tpl.php on line 75
]]>
    </screen>
   </example>

   <para>
   当提示PHP错误，系统会提示Smarty已编译的PHP文件出错的行数，
   而不是模板代码的行数。
   一般你可以查看模板代码并且寻找出错的代码。
   下面是一些通常可以检查的地方：
   是否丢失了关闭标签如<link linkend="language.function.if"><varname>{if}{/if}</varname></link> 或者
    <link linkend="language.function.if"><varname>{section}{/section}</varname>
    </link>, 或是<varname>{if}</varname>标签内的逻辑等。.
	如果无法找到错误位置，你可以打开已编译的PHP文件来定位问题，然后这对应找出模板的错误位置。
   </para>


  <example>
    <title>其他的常见错误</title>

<screen>
<![CDATA[
Warning: Smarty error: unable to read resource: "index.tpl" in...
or
Warning: Smarty error: unable to read resource: "site.conf" in...
]]>
</screen>
    <para>
    <itemizedlist>
    <listitem>
      <para>
	  <link linkend="variable.template.dir">
      <parameter>$template_dir</parameter></link>出现的错误, 在
	  <filename class="directory">templates/</filename>目录中
	  不存在<filename>index.tpl</filename>文件。
      </para>
    </listitem>
     <listitem>
        <para>
       <link linkend="language.function.config.load">
        <varname>{config_load}</varname></link>函数，（或调用
		 <link linkend="api.config.load"><varname>configLoad()</varname></link>函数）
		 ，<link linkend="variable.config.dir"><parameter>$config_dir</parameter>
        </link>出现的错误，目录中找不到<filename>site.conf</filename>文件。
        </para>
    </listitem>

    </itemizedlist>
    </para>

    <screen>
<![CDATA[
Fatal error: Smarty error: the $compile_dir 'templates_c' does not exist,
or is not a directory...
]]>
    </screen>
   <itemizedlist>
    <listitem>
    <para>
	<link linkend="variable.compile.dir">
    <parameter>$compile_dir</parameter></link>不正确，目录不存在；或者
	<filename>templates_c</filename>不是目录而是文件。
    </para>
  </listitem>
  </itemizedlist>


    <screen>
<![CDATA[
Fatal error: Smarty error: unable to write to $compile_dir '....
]]>
    </screen>
   <itemizedlist>
    <listitem>
    <para>
	<link linkend="variable.compile.dir">
   <parameter>$compile_dir</parameter></link>在服务器上无法写入文件。
   关于文件权限问题，参考下面
    <link linkend="installing.smarty.basic">Smarty安装</link>的文章。
    </para>
  </listitem>
</itemizedlist>

    <screen>
<![CDATA[
Fatal error: Smarty error: the $cache_dir 'cache' does not exist,
or is not a directory. in /..
]]>
    </screen>
    <itemizedlist>
    <listitem>
    <para>
	这意味着，<link linkend="variable.caching">
    <parameter>$caching</parameter></link>已经开启，
	但<link linkend="variable.cache.dir"><parameter>$cache_dir</parameter></link>
	不正确，目录不存在；或者
	<filename>cache/</filename>不是目录而是文件。
    </para>
  </listitem>
  </itemizedlist>

    <screen>
<![CDATA[
Fatal error: Smarty error: unable to write to $cache_dir '/...
]]>
    </screen>

    <itemizedlist>
     <listitem>
     <para>
	 这意味着，<link linkend="variable.caching"><parameter>$caching</parameter></link>
	 已经开启，
	 <link linkend="variable.cache.dir">
    <parameter>$cache_dir</parameter></link>在服务器上无法写入文件。
   关于文件权限问题，参考下面
    <link linkend="installing.smarty.basic">Smarty安装</link>的文章。
    </para>
 </listitem>
 </itemizedlist>
   <screen>
<![CDATA[
Warning: filemtime(): stat failed for /path/to/smarty/cache/3ab50a623e65185c49bf17c63c90cc56070ea85c.one.tpl.php 
in /path/to/smarty/libs/sysplugins/smarty_resource.php
]]>
   </screen>
   <itemizedlist>
    <listitem>
     <para>
	 这意味着，你的应用程序已经注册了自定义错误处理器（使用
	 <ulink url="&url.php-manual;set_error_handler">set_error_handler()</ulink>），
	 但该处理器没有处理当前的<literal>$errno</literal>。
	  如果，不管什么理由，这是你的自定义错误处理器的处理方式的话，
	  那么在注册你的错误处理器后，调用
	  <link linkend="api.mute.expected.errors"><varname>muteExpectedErrors()</varname></link>。
     </para>
     </listitem>
    </itemizedlist>
   </example>

   <para>
  参见
   <link linkend="chapter.debugging.console">调试</link>。
   </para>
  </sect1>
</chapter>
<!-- Keep this comment at the end of the file
Local variables:
mode: sgml
sgml-omittag:t
sgml-shorttag:t
sgml-minimize-attributes:nil
sgml-always-quote-attributes:t
sgml-indent-step:1
sgml-indent-data:t
indent-tabs-mode:nil
sgml-parent-document:nil
sgml-default-dtd-file:"../../../../manual.ced"
sgml-exposed-tags:nil
sgml-local-catalogs:nil
sgml-local-ecat-files:nil
End:
vim600: syn=xml fen fdm=syntax fdl=2 si
vim: et tw=78 syn=sgml
vi: ts=1 sw=1
-->

