<?xml version="1.0" encoding="UTF-8"?>
<!-- $Revision: 4278 $ -->
  <sect1 id="advanced.features.outputfilters">
   <title>输出过滤器</title>
   <para>
   当通过<link linkend="api.display"><varname>display()</varname></link>或
   <link linkend="api.fetch"><varname>fetch()</varname></link>来调用模板的时候，
   输出的内容将会经过一个或者多个输出过滤器来进行处理。
   对比<link linkend="advanced.features.postfilters">
    <varname>后置过滤器</varname></link>，
	后置过滤器是在模板编译后但没有被存储到编译文件前调用，
	输出过滤器是模板执行后准备输出时调用。
   </para>

   <para>
 输出过滤器可以通过<link linkend="api.register.filter">注册过滤器</link>来调用，
 或者放置到<link linkend="variable.plugins.dir">插件目录</link>中，用
 <link linkend="api.load.filter"><varname>loadFilter()</varname></link>函数或者
 设置<link linkend="variable.autoload.filters">
   <parameter>$autoload_filters</parameter></link>来调用。
     Smarty把准备输出的内容作为第一个参数传递到函数中，并期待函数返回经过处理的内容。
   </para>
   <example>
    <title>使用输出过滤器</title>
    <programlisting role="php">
<![CDATA[
<?php
// 在PHP程序中
function protect_email($tpl_output, Smarty_Internal_Template $template)
{
    $tpl_output =
       preg_replace('!(\S+)@([a-zA-Z0-9\.\-]+\.([a-zA-Z]{2,3}|[0-9]{1,3}))!',
                    '$1%40$2', $tpl_output);
    return $tpl_output;
}

// 注册过滤器
$smarty->registerFilter("output","protect_email");
$smarty->display("index.tpl");

// 现在，所有显示的电子邮件地址都会经过简单保护，以防止垃圾邮件爬虫
?>
]]>
    </programlisting>
   </example>
   <para>
   参见
   <link linkend="api.register.filter"><varname>registerFilter()</varname></link>,
   <link linkend="api.load.filter"><varname>loadFilter()</varname></link>,
   <link linkend="variable.autoload.filters"><parameter>$autoload_filters</parameter></link>,
   <link linkend="advanced.features.postfilters">后置过滤器</link> 和
   <link linkend="variable.plugins.dir"><parameter>$plugins_dir</parameter></link>.
   </para>
</sect1>
<!-- Keep this comment at the end of the file
Local variables:
mode: sgml
sgml-omittag:t
sgml-shorttag:t
sgml-minimize-attributes:nil
sgml-always-quote-attributes:t
sgml-indent-step:1
sgml-indent-data:t
indent-tabs-mode:nil
sgml-parent-document:nil
sgml-default-dtd-file:"../../../../manual.ced"
sgml-exposed-tags:nil
sgml-local-catalogs:nil
sgml-local-ecat-files:nil
End:
vim600: syn=xml fen fdm=syntax fdl=2 si
vim: et tw=78 syn=sgml
vi: ts=1 sw=1
-->
