<?xml version="1.0" encoding="UTF-8"?>
<!-- $Revision: 4278 $ -->
<sect1 id="advanced.features.postfilters">
 <title>后置过滤器</title>
 <para>
 模板的后置过滤器是当<emphasis>模板被编译后</emphasis>时执行的PHP函数。
 后置过滤器可以通过<link linkend="api.register.filter">注册过滤器</link>来调用，
 或者放置到<link linkend="variable.plugins.dir">插件目录</link>中，用
 <link linkend="api.load.filter"><varname>loadFilter()</varname></link>函数或者
 设置<link linkend="variable.autoload.filters">
   <parameter>$autoload_filters</parameter></link>来调用。
   Smarty把编译后的代码作为第一个参数传递到函数中，并期待函数返回经过处理的代码。
 </para>
 <example>
  <title>使用后置过滤器</title>
  <programlisting role="php">
<![CDATA[
<?php
// 在PHP程序中
function add_header_comment($tpl_source, Smarty_Internal_Template $template)
{
    return "<?php echo \"<!-- Created by Smarty! -->\n\"; ?>\n".$tpl_source;
}

// 注册后置过滤器
$smarty->registerFilter('post','add_header_comment');
$smarty->display('index.tpl');
?>
]]>
  </programlisting>
  <para>
  上面的后置过滤器把编译后的<filename>index.tpl</filename>的代码变成这样：
  </para>
  <screen>
<![CDATA[
<!-- Created by Smarty! -->
{* rest of template content... *}
]]>
  </screen>
 </example>
 <para>
 参见
 <link linkend="api.register.filter"><varname>registerFilter()</varname></link>,
 <link linkend="advanced.features.prefilters">前置过滤器</link>,
 <link linkend="advanced.features.outputfilters">输出过滤器</link>,
 和
 <link linkend="api.load.filter"><varname>loadFilter()</varname></link>.
 </para>
</sect1>
<!-- Keep this comment at the end of the file
Local variables:
mode: sgml
sgml-omittag:t
sgml-shorttag:t
sgml-minimize-attributes:nil
sgml-always-quote-attributes:t
sgml-indent-step:1
sgml-indent-data:t
indent-tabs-mode:nil
sgml-parent-document:nil
sgml-default-dtd-file:"../../../../manual.ced"
sgml-exposed-tags:nil
sgml-local-catalogs:nil
sgml-local-ecat-files:nil
End:
vim600: syn=xml fen fdm=syntax fdl=2 si
vim: et tw=78 syn=sgml
vi: ts=1 sw=1
-->
