<?xml version="1.0" encoding="UTF-8"?>
<!-- $Revision: 4278 $ -->
<sect1 id="advanced.features.streams">
 <title>数据流</title>
<para>
你可以用数据流来作为变量。<emphasis>{$foo:bar}</emphasis>将使用<emphasis>foo://bar</emphasis>的 
数据流来获取模板变量。
</para>
<example>
  <title>数据流变量</title>
   <para>模板中使用PHP数据流来作为变量</para>
   <programlisting>
<![CDATA[
{$foo:bar}
]]>
  </programlisting>
</example>
 <para>
  参见
  <link linkend="resources"><varname>模板资源</varname></link>
 </para> 
</sect1>

<!-- Keep this comment at the end of the file
Local variables:
mode: sgml
sgml-omittag:t
sgml-shorttag:t
sgml-minimize-attributes:nil
sgml-always-quote-attributes:t
sgml-indent-step:1
sgml-indent-data:t
indent-tabs-mode:nil
sgml-parent-document:nil
sgml-default-dtd-file:"../../../../manual.ced"
sgml-exposed-tags:nil
sgml-local-catalogs:nil
sgml-local-ecat-files:nil
End:
vim600: syn=xml fen fdm=syntax fdl=2 si
vim: et tw=78 syn=sgml
vi: ts=1 sw=1
-->
