<?xml version="1.0" encoding="UTF-8"?>
<!-- $Revision: 4278 $ -->
<sect1 id="advanced.features.template.inheritance">
 <title>模板继承</title>
 <para>
 继承是从面向对象编程而来的概念，模板继承可以让你定义一个或多个父模板，提供给子模板来进行扩展。
 扩展继承意味着子模板可以覆盖部分或全部父模板的块区域。
 </para>

  <itemizedlist>
    <listitem><para>
	继承结构可以是多层次的，所以你可以继承于一个文件，而这个文件又是继承于其他文件，等等。
    </para></listitem>
    <listitem><para>
	在覆盖父模板的<link linkend="language.function.block"><varname>{block}</varname></link>块以外的地方，
	子模板不能定义任何内容。任何在<link linkend="language.function.block"><varname>{block}</varname></link>以外的
	内容都会被自动忽略。
    </para></listitem>
    <listitem><para>
	在子模板和父模板中的<link linkend="language.function.block"><varname>{block}</varname></link>内容，可以通过
	<literal>append</literal> 和 <literal>prepend</literal>来进行合并。
	<link linkend="language.function.block"><varname>{block}</varname></link>的选项，和
	<literal>{$smarty.block.parent}</literal> 或 <literal>{$smarty.block.child}</literal>会持有这些内容。
    </para></listitem>
    <listitem><para>
	模板继承在编译时将编译成单独的一个编译文件。对比效果相似的<link linkend="language.function.include"><varname>{include}</varname></link>包含模板功能，模板继承的性能更高。
    </para></listitem>
    <listitem><para>
	子模板继承使用<link linkend="language.function.extends"><varname>{extends}</varname></link>标签，
	该标签一定放要在子模板的第一行。
	另一种做法是将整个模板继承树，在PHP程序调用<link linkend="api.fetch"><varname>fetch()</varname></link>
      或 <link linkend="api.display"><varname>display()</varname></link>的时候，
	  用<literal>extends:</literal>的模板资源类型，该做法有更大的灵活性。
    </para></listitem>
  </itemizedlist>
  <note><para>
  当开启了<parameter>$compile_check</parameter>，继承树里面的全部文件都会在每次调用的时候检查是否有修改。
  因此，在生产环境中你最好关闭<parameter>$compile_check</parameter>。
  </para></note>
  <note><para>
  如果你的子模板里面有用到<link linkend="language.function.include"><varname>{include}</varname></link>
  来包含模板，而被包含的模板里面存在供<link linkend="language.function.include"><varname>{include}</varname></link>模板
  调用的<link linkend="language.function.block"><varname>{block}</varname></link>区域，
  那么在最顶层的父模板里面，你需要放置一个空的
  <link linkend="language.function.block"><varname>{block}</varname></link> 来作为继承。
  </para></note>
  
 <example>
  <title>模板继承例子</title>
  <para>layout.tpl (父模板)</para>
  <programlisting>
<![CDATA[
<html>
<head>
  <title>{block name=title}默认页面标题{/block}</title>
  {block name=head}{/block}
</head>
<body>
{block name=body}{/block}
</body>
</html>
]]>
  </programlisting>
   <para>myproject.tpl (子模板)</para>
   <programlisting>
<![CDATA[
{extends file='layout.tpl'}
{block name=head}
  <link href="/css/mypage.css" rel="stylesheet" type="text/css"/>
  <script src="/js/mypage.js"></script>
{/block}
]]>

  </programlisting>
   <para>mypage.tpl (孙子模板)</para>
   <programlisting>
<![CDATA[
{extends file='myproject.tpl'}
{block name=title}我的页面标题{/block}
{block name=head}
  <link href="/css/mypage.css" rel="stylesheet" type="text/css"/>
  <script src="/js/mypage.js"></script>
{/block}
{block name=body}我的HTML页面内容在这里{/block}
]]>
  </programlisting>
   <para>显示上面的模板</para>
<programlisting role="php">
<![CDATA[
 $smarty->display('mypage.tpl');
]]>
</programlisting> 
  <para>页面将输出：</para>
  <programlisting>
<![CDATA[
<html>
<head>
  <title>我的页面标题</title>
  <link href="/css/mypage.css" rel="stylesheet" type="text/css"/>
  <script src="/js/mypage.js"></script>
</head>
<body>
我的HTML页面内容在这里
</body>
</html>]]>
</programlisting> 
</example>

  <example>
    <title>用<literal>extends:</literal>来进行模板继承</title>
    <para>
	代替模板内使用<link linkend="language.function.extends"><varname>{extends}</varname></link>的继承方式，
	你可以通过在PHP内定义继承树来进行继承，使用
	<link linkend="resources.extends"><literal>extends:</literal></link>的资源类型。
    </para>
    <para>
	下面的代码将返回和上面例子一样的结果：
    </para>
    <programlisting role="php">
<![CDATA[
<?php
$smarty->display('extends:layout.tpl|myproject.tpl|mypage.tpl'); 
?>
]]>
   </programlisting>
  </example>
 <para>
  参见
  <link linkend="language.function.block"><varname>{block}</varname></link>,
   <link linkend="language.function.extends"><varname>{extends}</varname></link>
   和  <link linkend="resources.extends"><literal>extends:</literal> 资源</link>
 </para> 
</sect1>

<!-- Keep this comment at the end of the file
Local variables:
mode: sgml
sgml-omittag:t
sgml-shorttag:t
sgml-minimize-attributes:nil
sgml-always-quote-attributes:t
sgml-indent-step:1
sgml-indent-data:t
indent-tabs-mode:nil
sgml-parent-document:nil
sgml-default-dtd-file:"../../../../manual.ced"
sgml-exposed-tags:nil
sgml-local-catalogs:nil
sgml-local-ecat-files:nil
End:
vim600: syn=xml fen fdm=syntax fdl=2 si
vim: et tw=78 syn=sgml
vi: ts=1 sw=1
-->
