<?xml version="1.0" encoding="UTF-8"?>
<!-- $Revision: 3827 $ -->
<sect1 id="advanced.features.template.settings">
 <title>修改模板设置</title>
 <para>
 通过你会通过修改<link linkend="api.variables"><varname>Smarty 成员变量</varname></link>
 来修改Smarty的设置。
 此外，你还可以通过<link linkend="api.functions"><varname>Smarty 函数</varname></link>
 来注册插件、过滤器等等。
 Smarty对象的修改将是全局的。
 </para>
<para>
然而你也可以通过单独的模板对象来修改Smarty的成员变量或调用函数。
模板对象的修改将只会作用于当前模板和其包含的子模板。
</para>
 <para>
  <example>
   <title>创建模板对象并修改Smarty的设置</title>
   <programlisting role="php">
<![CDATA[
<?php
$tpl = $smarty->createTemplate('index.tpl');
$tpl->cache_lifetime = 600;
//或者
$tpl->setCacheLifetime(600);
$smarty->display($tpl);
?>
]]>
    </programlisting>
  </example>
 </para>
 <para>
  <example>
  <title>创建模板对象并注册插件</title>
  <programlisting role="php">
<![CDATA[
<?php
$tpl = $smarty->createTemplate('index.tpl');
$tpl->registerPlugin('modifier','mymodifier');
$smarty->display($tpl);
?>
]]>
    </programlisting>
 </example>
 </para>
 
</sect1>

<!-- Keep this comment at the end of the file
Local variables:
mode: sgml
sgml-omittag:t
sgml-shorttag:t
sgml-minimize-attributes:nil
sgml-always-quote-attributes:t
sgml-indent-step:1
sgml-indent-data:t
indent-tabs-mode:nil
sgml-parent-document:nil
sgml-default-dtd-file:"../../../../manual.ced"
sgml-exposed-tags:nil
sgml-local-catalogs:nil
sgml-local-ecat-files:nil
End:
vim600: syn=xml fen fdm=syntax fdl=2 si
vim: et tw=78 syn=sgml
vi: ts=1 sw=1
-->
