<?xml version="1.0" encoding="UTF-8"?>
<!-- $Revision: 4278 $ -->
<sect1 id="advanced.features.prefilters">
 <title>前置过滤器</title>
 <para>
 前置过滤器是在<emphasis>模板编译之前</emphasis>调用的PHP函数。
 该过滤器经常用于删除一些模板中的无用注释、检查注释的来源等等。
 </para>
 <para>
 前置过滤器可以通过<link linkend="api.register.filter">注册过滤器</link>来调用，
 或者放置到<link linkend="variable.plugins.dir">插件目录</link>中，用
 <link linkend="api.load.filter"><varname>loadFilter()</varname></link>函数或者
 设置<link linkend="variable.autoload.filters">
   <parameter>$autoload_filters</parameter></link>来调用。
 </para>
 <para>
   Smarty把模板源代码作为第一个参数传递到函数中，并期待函数返回经过处理的源代码。
 </para>
 <example>
  <title>使用前置过滤器</title>
    <para>
	这个例子将删除全部模板中的HTML注释。
  </para>
  <programlisting role="php">
<![CDATA[
<?php
// 在PHP程序中
function remove_dw_comments($tpl_source, Smarty_Internal_Template $template)
{
    return preg_replace("/<!--#.*-->/U",'',$tpl_source);
}

// 注册过滤器
$smarty->registerFilter('pre','remove_dw_comments');
$smarty->display('index.tpl');
?>
]]>
  </programlisting>

 </example>
 <para>参见
 <link linkend="api.register.filter"><varname>registerFilter()</varname></link>,
 <link linkend="advanced.features.postfilters">后置过滤器</link>
 和
 <link linkend="api.load.filter"><varname>loadFilter()</varname></link>.
 </para>
</sect1>
<!-- Keep this comment at the end of the file
Local variables:
mode: sgml
sgml-omittag:t
sgml-shorttag:t
sgml-minimize-attributes:nil
sgml-always-quote-attributes:t
sgml-indent-step:1
sgml-indent-data:t
indent-tabs-mode:nil
sgml-parent-document:nil
sgml-default-dtd-file:"../../../../manual.ced"
sgml-exposed-tags:nil
sgml-local-catalogs:nil
sgml-local-ecat-files:nil
End:
vim600: syn=xml fen fdm=syntax fdl=2 si
vim: et tw=78 syn=sgml
vi: ts=1 sw=1
-->
