<?xml version="1.0" encoding="UTF-8"?>
<!-- $Revision: 3827 $ -->
<sect1 id="advanced.features.static.classes">
 <title>静态类</title>
 <para>
 你可以直接用静态类，语法和PHP一样。
 </para>

 <note><para>
 不建议直接访问PHP类。这样会将程序的底层代码结构和显示层绑在一起了，
 而且使得模板语法更复杂。
 建议是注册插件以隔离模板和PHP类/对象。
 参见Smarty网站上关于最佳实践的文章。
 </para></note>    


 <example>
  <title>静态类存取语法</title>
  <programlisting>
<![CDATA[
{assign var=foo value=myclass::BAR}  <--- 类常量 BAR

{assign var=foo value=myclass::method()}  <--- 静态类方法

{assign var=foo value=myclass::method1()->method2}  <--- 静态类方法链

{assign var=foo value=myclass::$bar}  <--- myclass类的属性bar

{assign var=foo value=$bar::method}  <--- 用Smarty 的变量bar作为类名

]]>
  </programlisting>
 </example>

</sect1>

<!-- Keep this comment at the end of the file
Local variables:
mode: sgml
sgml-omittag:t
sgml-shorttag:t
sgml-minimize-attributes:nil
sgml-always-quote-attributes:t
sgml-indent-step:1
sgml-indent-data:t
indent-tabs-mode:nil
sgml-parent-document:nil
sgml-default-dtd-file:"../../../../manual.ced"
sgml-exposed-tags:nil
sgml-local-catalogs:nil
sgml-local-ecat-files:nil
End:
vim600: syn=xml fen fdm=syntax fdl=2 si
vim: et tw=78 syn=sgml
vi: ts=1 sw=1
-->
