<?xml version="1.0" encoding="UTF-8"?>
<!-- $Revision: 4335 $ -->
<sect1 id="advanced.features.objects">
 <title>对象</title>
 <para>
 Smarty可以在模板内使用PHP的
 <ulink url="&url.php-manual;object">对象</ulink>。
</para>

<note><para>
当你赋值/注册一个对象到模板使用时，请确保在模板内使用的属性和方法都是仅为了显示。
要通过对象在模板中嵌入应用逻辑是很容易的事情，但是这样会导致较差的设计而且难以管理。
请参见Smarty网站上最佳实践的文章。
</para></note>

<para>
这里有两个方法来使用对象：
</para>

 <itemizedlist spacing="compact">
 <listitem><para>
 第一个方法是<link linkend="api.register.object">注册对象</link>到模板中，
然后按<link linkend="language.custom.functions">自定义函数</link>相似的方法来使用。
 </para></listitem>
 <listitem>
  <para>
  另一个方法是通过<link linkend="api.assign"><varname>assign()</varname></link>将对象赋值给模板，
  这种方法对象用起来比较像其他的赋值变量。
  </para>
 </listitem>
 </itemizedlist>

 <para>
 第一种方法看起来语法结构更好。而且也更安全，因为注册对象需要限定其方法或者变量的使用。
    然而，
 <emphasis role="bold">注册对象不能进行循环，或者赋值到对象数组</emphasis>，等等。
 请根据你的需要来选择用哪种方法，但是首先尽可能保证模板语法的简洁。
 </para>
	<para>
	如果开启了安全机制，私有方法和函数都不能使用(以'_'开头)。
	如果有相同名称的方法或属性，那么该方法将会被使用。
	</para>
	<para>
	你可以通过将方法或属性列在注册函数的第三个数组参数内，来对它们进行限定。
	</para>
	<para>
	默认情况下，传递参数给对象的方式和传递给
	<link linkend="language.custom.functions">自定义函数</link>的方式一样。
	关联数组作为第一个参数，第二个参数是Smarty对象。
	如果你需要一次一个地传递参数，就像传统类的参数传递一样，
	那么就设置第四个参数为&false;。
	</para>
	<para>
	第五个参数是可选的，仅在<parameter>format</parameter>为&true;的时候生效，
	而且包含了一个方法的列表，需要按区块的方式使用。
	意味着这些方法在模板内有个关闭的标签(如：<literal>{foobar->meth2}...{/foobar->meth2}</literal>)
	而且它们的参数必须按
  <link linkend="plugins.block.functions">
  <varname>区块插件函数</varname></link>一样：
 它们有四个参数：
	 <parameter>$params</parameter>,
	 <parameter>$content</parameter>,
	 <parameter>$smarty</parameter> 和
	 <parameter>&amp;$repeat</parameter> 而且它们有着和区块插件函数相同的行为。
	</para>
 <example>
  <title>注册或赋值一个对象</title>
  <programlisting role="php">
<![CDATA[
<?php
// 类定义

class My_Object {
	function meth1($params, $smarty_obj) {
		return 'this is my meth1';
	}
}

// 注册对象(引用传递)
$smarty->registerObject('foobar',$myobj);

// 列出我们需要限定的部分方法和属性
$smarty->registerObject('foobar',$myobj,array('meth1','meth2','prop1'));

// 如果你需要用传统的对象参数格式，设置第四个参数为false
$smarty->registerObject('foobar',$myobj,null,false);

// 还可以用assign_by_ref将对象赋值给模板
$smarty->assign_by_ref('myobj', $myobj);

$smarty->display('index.tpl');
?>
]]>
  </programlisting>
  <para>
  然后在<filename>index.tpl</filename>内使用对象：
  </para>
  <programlisting>
<![CDATA[
{* 访问注册的对象 *}
{foobar->meth1 p1='foo' p2=$bar}

{* 同样可以赋值给output *}
{foobar->meth1 p1='foo' p2=$bar assign='output'}
the output was {$output}

{* 访问赋值的对象 *}
{$myobj->meth1('foo',$bar)}
]]>
  </programlisting>
 </example>
 <para>
  参见 <link
  linkend="api.register.object"><varname>registerObject()</varname></link>
  和
  <link linkend="api.assign"><varname>assign()</varname></link>.
 </para>
</sect1>
<!-- Keep this comment at the end of the file
Local variables:
mode: sgml
sgml-omittag:t
sgml-shorttag:t
sgml-minimize-attributes:nil
sgml-always-quote-attributes:t
sgml-indent-step:1
sgml-indent-data:t
indent-tabs-mode:nil
sgml-parent-document:nil
sgml-default-dtd-file:"../../../../manual.ced"
sgml-exposed-tags:nil
sgml-local-catalogs:nil
sgml-local-ecat-files:nil
End:
vim600: syn=xml fen fdm=syntax fdl=2 si
vim: et tw=78 syn=sgml
vi: ts=1 sw=1
-->
