<?xml version="1.0" encoding="UTF-8"?>
<!-- $Revision: 3832 $ -->
<sect1 id="language.function.debug">
 <title>{debug}</title>
  <para>
  <varname>{debug}</varname>会在页面上显示调试控制台。
  它将忽略PHP代码中的<link linkend="chapter.debugging.console">debug</link>配置。
  在它执行的过程中，仅可以显示<link linkend="api.assign">赋值</link>变量。
  然而，你可以看到模板范围内全部可用的变量。
 </para>
 <para>
 如果开启了缓存，而<varname>{debug}</varname>在缓存的页面中执行，那么它仅会显示从缓存
 文件中赋值到模板的变量。
 </para>
 <para>
 希望能看到整个模板的本地赋值变量，可以将<varname>{debug}</varname>放在模板的最后。
 </para>
 
 <para>
 参见
 <link linkend="chapter.debugging.console">调试控制台</link>.
 </para>
</sect1>
<!-- Keep this comment at the end of the file
Local variables:
mode: sgml
sgml-omittag:t
sgml-shorttag:t
sgml-minimize-attributes:nil
sgml-always-quote-attributes:t
sgml-indent-step:1
sgml-indent-data:t
indent-tabs-mode:nil
sgml-parent-document:nil
sgml-default-dtd-file:"../../../../manual.ced"
sgml-exposed-tags:nil
sgml-local-catalogs:nil
sgml-local-ecat-files:nil
End:
vim600: syn=xml fen fdm=syntax fdl=2 si
vim: et tw=78 syn=sgml
vi: ts=1 sw=1
-->