<?xml version="1.0" encoding="UTF-8"?>
<!-- $Revision: 3827 $ -->
 <sect1 id="language.function.ldelim">
  <title>{ldelim},{rdelim}</title>
  <para>
   <varname>{ldelim}</varname> 和 <varname>{rdelim}</varname>用于
   <link linkend="language.escaping">避免解析</link>模板定界符，
   默认是
   <emphasis role="bold">{</emphasis> and <emphasis role="bold">}</emphasis>。
   同时你也可以用<link linkend="language.function.literal"><varname>{literal}{/literal}</varname></link>来避免解析区域的字符，如javascript或者css。
    参见<link
    linkend="language.variables.smarty.ldelim"><parameter>{$smarty.ldelim}</parameter></link>.
  </para>
  <example>
   <title>{ldelim}, {rdelim}</title>
   <programlisting>
<![CDATA[
{* this will print literal delimiters out of the template *}

{ldelim}funcname{rdelim} is how functions look in Smarty!
]]>
   </programlisting>
   <para>
   输出：
   </para>
   <screen>
<![CDATA[
{funcname} is how functions look in Smarty!
]]>
   </screen>
   <para>另一个Javascript例子</para>
   <programlisting>
<![CDATA[
<script language="JavaScript">
function foo() {ldelim}
    ... code ...
{rdelim}
</script>
]]>
   </programlisting>
   <para>
   输出
   </para>
   <screen>
<![CDATA[
<script language="JavaScript">
function foo() {
    .... code ...
}
</script>
]]>
   </screen>

  </example>

  <example>
     <title>再一个 Javascript 例子</title>
<programlisting>
<![CDATA[
<script language="JavaScript" type="text/javascript">
    function myJsFunction(){ldelim}
        alert("The server name\n{$smarty.server.SERVER_NAME}\n{$smarty.server.SERVER_ADDR}");
    {rdelim}
</script>
<a href="javascript:myJsFunction()">Click here for Server Info</a>
]]>
</programlisting>
 </example>

  <para>参见
  <link linkend="language.function.literal"><varname>{literal}</varname></link>
  和 <link linkend="language.escaping">避免Smarty解析</link>.
  </para>
 </sect1>

<!-- Keep this comment at the end of the file
Local variables:
mode: sgml
sgml-omittag:t
sgml-shorttag:t
sgml-minimize-attributes:nil
sgml-always-quote-attributes:t
sgml-indent-step:1
sgml-indent-data:t
indent-tabs-mode:nil
sgml-parent-document:nil
sgml-default-dtd-file:"../../../../manual.ced"
sgml-exposed-tags:nil
sgml-local-catalogs:nil
sgml-local-ecat-files:nil
End:
vim600: syn=xml fen fdm=syntax fdl=2 si
vim: et tw=78 syn=sgml
vi: ts=1 sw=1
-->
