<?xml version="1.0" encoding="UTF-8"?>
<!-- $Revision: 4020 $ -->
<sect1 id="language.function.append">
 <title>{append}</title>
  <para>
   <varname>{append}</varname>可以在
   <emphasis role="bold">运行时</emphasis>
   为数组变量增加或者创建值。
 </para>

 <note><para>
 这需要考虑的是，对于模板中变量的赋值，最好尽量是放到PHP程序代码中进行。
 </para></note>

 <para><emphasis role="bold">属性:</emphasis></para>
 <informaltable frame="all">
  <tgroup cols="5">
   <colspec colname="param" align="center" />
   <colspec colname="type" align="center" />
   <colspec colname="required" align="center" />
   <colspec colname="default" align="center" />
   <colspec colname="desc" />
   <thead>
    <row>
     <entry>参数名称</entry>
     <entry>类型</entry>
     <entry>必选参数</entry>
     <entry>默认值</entry>
     <entry>说明</entry>
    </row>
   </thead>
   <tbody>
    <row>
     <entry>var</entry>
    <entry>string</entry>
     <entry>Yes</entry>
     <entry><emphasis>n/a</emphasis></entry>
     <entry>赋值的变量名称</entry>
    </row>
    <row>
     <entry>value</entry>
    <entry>string</entry>
     <entry>Yes</entry>
     <entry><emphasis>n/a</emphasis></entry>
     <entry>赋予的值</entry>
    </row>
    <row>
     <entry>index</entry>
     <entry>string</entry>
     <entry>No</entry>
     <entry><emphasis>n/a</emphasis></entry>
     <entry>
	 数组元素的新索引，如果没有提供此参数，则附加的值会加到数组最后。</entry>
    </row>
    <row>
     <entry>scope</entry>
     <entry>string</entry>
     <entry>No</entry>
     <entry><emphasis>n/a</emphasis></entry>
     <entry>赋值变量的访问范围: 'parent','root' 或 'global'</entry> 
    </row>
   </tbody>
  </tgroup>
 </informaltable>
 
 <para><emphasis role="bold">可选的标记:</emphasis></para>
 <informaltable frame="all">
  <tgroup cols="2">
   <colspec colname="param" align="center" />
   <colspec colname="desc" />
   <thead>
    <row>
     <entry>名称</entry>
     <entry>说明</entry>
    </row>
   </thead>
   <tbody>
    <row>
     <entry>nocache</entry>
     <entry>
	 为变量增加'nocache'属性
	 </entry>
    </row>    
   </tbody>
  </tgroup>
 </informaltable>


 <example>
  <title>{append}</title>
  <programlisting>
<![CDATA[
{append var='name' value='Bob' index='first'}
{append var='name' value='Meyer' index='last'}
// or 
{append 'name' 'Bob' index='first'} {* short-hand *}
{append 'name' 'Meyer' index='last'} {* short-hand *}

The first name is {$name.first}.<br>
The last name is {$name.last}.
]]>
  </programlisting>
  <para>
   输出：
  </para>
  <screen>
<![CDATA[
The first name is Bob.
The last name is Meyer.
]]>
  </screen>
 </example>

 <para>
参见<link linkend="api.append"><varname>append()</varname></link>
   和
  <link linkend="api.get.template.vars"><varname>getTemplateVars()</varname></link>.
 </para>
</sect1>
<!-- Keep this comment at the end of the file
Local variables:
mode: sgml
sgml-omittag:t
sgml-shorttag:t
sgml-minimize-attributes:nil
sgml-always-quote-attributes:t
sgml-indent-step:1
sgml-indent-data:t
indent-tabs-mode:nil
sgml-parent-document:nil
sgml-default-dtd-file:"../../../../manual.ced"
sgml-exposed-tags:nil
sgml-local-catalogs:nil
sgml-local-ecat-files:nil
End:
vim600: syn=xml fen fdm=syntax fdl=2 si
vim: et tw=78 syn=sgml
vi: ts=1 sw=1
-->
