<?xml version="1.0" encoding="UTF-8"?>
<!-- $Revision: 4404 $ -->
<sect1 id="language.function.insert">
 <title>{insert}</title>
 
 <note>
  <title>重要提示</title>
  <para>
   <varname>{insert}</varname>是废弃的函数，不应该再使用。将你的PHP逻辑放到PHP脚本中或者通过插件来代替。
  </para>
 </note> 
 
 <note>
  <para>
  在Smarty 3.1，<varname>{insert}</varname>仅在<link linkend="bc">SmartyBC</link>中可用.
  </para>
 </note>
 
 <para>
   <varname>{insert}</varname>的工作方式和<link
   linkend="language.function.include"><varname>{include}</varname></link>函数很像，
   除了当模板开启了<link linkend="caching">caching</link>时，<varname>{insert}</varname>函数是不会被缓存，
   它会在每次模板调用的时候都执行。
 </para>

  <informaltable frame="all">
   <tgroup cols="5">
    <colspec colname="param" align="center" />
    <colspec colname="type" align="center" />
   <colspec colname="required" align="center" />
   <colspec colname="default" align="center" />
   <colspec colname="desc" />
   <thead>
    <row>
     <entry>参数名称</entry>
     <entry>类型</entry>
     <entry>必选参数</entry>
     <entry>默认值</entry>
     <entry>说明</entry>
    </row>
   </thead>
   <tbody>
    <row>
     <entry>name</entry>
     <entry>string</entry>
     <entry>Yes</entry>
     <entry><emphasis>n/a</emphasis></entry>
     <entry>insert函数的名称(insert_<parameter>name</parameter>) 或 insert 插件</entry>
    </row>
    <row>
     <entry>assign</entry>
     <entry>string</entry>
     <entry>No</entry>
     <entry><emphasis>n/a</emphasis></entry>
     <entry>将输出的内容赋值给变量</entry>
    </row>
    <row>
     <entry>script</entry>
     <entry>string</entry>
     <entry>No</entry>
     <entry><emphasis>n/a</emphasis></entry>
     <entry>在insert函数调用前，载入的PHP文件名。</entry>
    </row>
    <row>
     <entry>[var ...]</entry>
    <entry>[var type]</entry>
     <entry>No</entry>
     <entry><emphasis>n/a</emphasis></entry>
     <entry>传递到insert函数的变量</entry>
    </row>
   </tbody>
  </tgroup>
 </informaltable>


 <para>
 我们假设你有一个包含了横幅广告的模板，广告将显示在页面的顶部。
 横幅广告将包括HTML、图片、FLASH等。
 所以我们不能在横幅内使用静态链接，也不能对其进行缓存。
 我们用{insert}：模板可以从<link linkend="config.files">配置文件</link>中获取到
   #banner_location_id# 和 #site_id# 值, 并且调用一个函数来显示横幅广告的内容。
 </para>
 <example>
  <title> {insert} 函数</title>
<programlisting>
{* example of fetching a banner *}
{insert name="getBanner" lid=#banner_location_id# sid=#site_id#}
{insert "getBanner" lid=#banner_location_id# sid=#site_id#} {* short-hand *}
</programlisting>
 </example>
 <para>
 在这个例子中，我们使用了名为<quote>getBanner</quote>的insert函数，并且传递了
 #banner_location_id# 和 #site_id#参数。
   Smarty将查询PHP程序，找到insert_getBanner()函数，用数组将#banner_location_id# 和 #site_id#作为该函数的第一个参数来传递。
   程序中全部的{insert}对应的函数都应该以"insert_"开头，以避免命名冲突。
   你的insert_getBanner()函数应该用传进去的参数做一些处理，并且返回结果。
   这些结果将显示在模板的{insert}标签的位置。
   在这个例子中，Smarty将调用函数insert_getBanner(array("lid" => "12345","sid" => "67890"));
   然后将返回的结果显示在{insert}的位置。
  </para>
  <itemizedlist>
  <listitem><para>
  如果设置了<parameter>assign</parameter> 属性,那么<varname>{insert}</varname>输出的内容将被赋值到
  模板变量中，而不是进行显示。
   <note>
   <para>
   当<link linkend="variable.caching">caching</link>开启时，将输出赋值到模板变量并非很有用。
   </para>
  </note>
  </para></listitem>

  <listitem><para>
  如果设置了<parameter>script</parameter>属性，
  在<varname>{insert}</varname>函数执行之前，该路径的PHP文件将被载入（仅一次）。
  当该insert函数并不存在是，使用这个方法可以在该PHP文件中载入此函数。
   </para>
   <para>
   载入的PHP文件路径可以是绝对路径，或是相对于
  <link linkend="variable.trusted.dir"><parameter>$trusted_dir</parameter></link>的路径。
  如果安全机制开启，那么只有在<parameter>$trusted_dir</parameter>目录中的文件才可以被载入。
   参见<link linkend="advanced.features.security">安全机制</link>。
   </para>
  </listitem>
  </itemizedlist>
  <para>
  传递的第二个参数是Smarty对象。
  这样你可以在 <varname>{insert}</varname> 函数内引用和修改Smarty对象的信息。
  </para>
  <para>
  如果该PHP文件无法找到，Smarty将寻找是否有相应名称的insert插件。
  </para>
  <note>
   <title>技术说明</title>
   <para>
   这是一个使页面部分区域不进行缓存的方法。
   即使你开启了<link linkend="caching">缓存</link>，<varname>{insert}</varname>函数也不会别缓存。
   它会在每次页面创建时都动态执行，即使是缓存页面。
   在这一些场合，如横幅广告、投票调查、即时天气，搜索结果、用户反馈区域等比较有用。
   </para>
  </note>
   <para>
    参见
  <link linkend="language.function.include"><varname>{include}</varname></link>
  </para>
 </sect1>
 <!-- Keep this comment at the end of the file
Local variables:
mode: sgml
sgml-omittag:t
sgml-shorttag:t
sgml-minimize-attributes:nil
sgml-always-quote-attributes:t
sgml-indent-step:1
sgml-indent-data:t
indent-tabs-mode:nil
sgml-parent-document:nil
sgml-default-dtd-file:"../../../../manual.ced"
sgml-exposed-tags:nil
sgml-local-catalogs:nil
sgml-local-ecat-files:nil
End:
vim600: syn=xml fen fdm=syntax fdl=2 si
vim: et tw=78 syn=sgml
vi: ts=1 sw=1
-->