<?xml version="1.0" encoding="UTF-8"?>
<!-- $Revision: 3827 $ -->
<sect1 id="language.function.strip">
 <title>{strip}</title>
 <para>
 很多时候，页面设计师会遇到模板上的空格和回车影响到页面输出HTML的情况（浏览器“特性”），
 所以你可以把你的标签都放到一起，以取得想要的结果。但这很容易最终导致模板无法阅读和管理。
 </para>
 <para>
 任何在<varname>{strip}{/strip}</varname>中的标签都会被过滤掉多余的空格和回车，
 并把全部标签放在同一行内显示。
 这样你的模板还是可读的，而且也不需要担心多余的空格问题。
 </para>
 <note>
  <para>
   <varname>{strip}{/strip}</varname>不会作用于变量的内容，
   需要使用<link linkend="language.modifier.strip">strip 修饰器</link>来过滤变量内容。
  </para>
 </note>
 <example>
  <title>{strip} 标签</title>
  <programlisting>
<![CDATA[
{* the following will be all run into one line upon output *}
{strip}
<table border='0'>
 <tr>
  <td>
   <a href="{$url}">
    <font color="red">This is a test</font>
   </a>
  </td>
 </tr>
</table>
{/strip}
]]>
  </programlisting>
  <para>
   输出:
  </para>
  <screen>
<![CDATA[
<table border='0'><tr><td><a href="http://. snipped...</a></td></tr></table>
]]>
  </screen>
 </example>
 <para>
 注意上面的例子，在一行内显示了全部的HTML标签，而且是全部文字都会放到一起。
 如果你有要原样输出的多行文字，那么它们也会变成一行显示。
 </para>
 <para>
 参见
 <link linkend="language.modifier.strip"><varname>strip</varname></link> 修饰器.
 </para>
</sect1>

<!-- Keep this comment at the end of the file
Local variables:
mode: sgml
sgml-omittag:t
sgml-shorttag:t
sgml-minimize-attributes:nil
sgml-always-quote-attributes:t
sgml-indent-step:1
sgml-indent-data:t
indent-tabs-mode:nil
sgml-parent-document:nil
sgml-default-dtd-file:"../../../../manual.ced"
sgml-exposed-tags:nil
sgml-local-catalogs:nil
sgml-local-ecat-files:nil
End:
vim600: syn=xml fen fdm=syntax fdl=2 si
vim: et tw=78 syn=sgml
vi: ts=1 sw=1
-->

