<?xml version="1.0" encoding="UTF-8"?>
<!-- $Revision: 4020 $ -->
<sect1 id="language.function.while">
 <title>{while}</title>
 <para>
  Smarty的<varname>{while}</varname>循环和PHP的<ulink url="&url.php-manual;while">while</ulink>
  在灵活性方面是几乎一样的，只是增加了少许特性。
  每个<varname>{while}</varname>必须有相应的<varname>{/while}</varname>.
  任何的PHP条件或者函数表达式都是可用的，如<emphasis>||</emphasis>, <emphasis>or</emphasis>,
  <emphasis>&amp;&amp;</emphasis>, <emphasis>and</emphasis>,
  <emphasis>is_array()</emphasis>, 等等.
 </para>
  <para>
  下面是可用的运算符列表，使用中都会放到元素的中间并且用空格分隔。
  注意列表中[方括号]的是可选的，而且还会列出对应PHP的表达式。
  </para>
 <informaltable frame="all">
  <tgroup cols="5">
   <colspec colname="qualifier" align="center" />
   <colspec colname="alternates" align="center" />
   <colspec colname="meaning" />
   <colspec colname="example" />
   <colspec colname="php" />
   <thead>
    <row>
     <entry>运算符</entry>
     <entry>别名</entry>
     <entry>语法示例</entry>
     <entry>含义</entry>
     <entry>对应PHP语法</entry>
    </row>
   </thead>
   <tbody>
    <row>
     <entry>==</entry>
     <entry>eq</entry>
     <entry>$a eq $b</entry>
     <entry>等于</entry>
     <entry>==</entry>
    </row>
    <row>
     <entry>!=</entry>
     <entry>ne, neq</entry>
     <entry>$a neq $b</entry>
     <entry>不等于</entry>
     <entry>!=</entry>
    </row>
    <row>
     <entry>&gt;</entry>
     <entry>gt</entry>
     <entry>$a gt $b</entry>
     <entry>大于</entry>
     <entry>&gt;</entry>
    </row>
    <row>
     <entry>&lt;</entry>
     <entry>lt</entry>
     <entry>$a lt $b</entry>
     <entry>小于</entry>
     <entry>&lt;</entry>
    </row>
    <row>
     <entry>&gt;=</entry>
     <entry>gte, ge</entry>
     <entry>$a ge $b</entry>
     <entry>大于等于</entry>
     <entry>&gt;=</entry>
    </row>
    <row>
     <entry>&lt;=</entry>
     <entry>lte, le</entry>
     <entry>$a le $b</entry>
     <entry>小于等于</entry>
     <entry>&lt;=</entry>
    </row>
    <row>
     <entry>===</entry>
     <entry></entry>
     <entry>$a === 0</entry>
     <entry>绝对等于</entry>
     <entry>===</entry>
    </row>
    <row>
     <entry>!</entry>
     <entry>not</entry>
     <entry>not $a</entry>
     <entry>非 (一元运算)</entry>
     <entry>!</entry>
    </row>
    <row>
     <entry>%</entry>
     <entry>mod</entry>
     <entry>$a mod $b</entry>
     <entry>取模</entry>
     <entry>%</entry>
    </row>
    <row>
     <entry>is [not] div by</entry>
     <entry></entry>
     <entry>$a is not div by 4</entry>
     <entry>取模为0</entry>
     <entry>$a % $b == 0</entry>
    </row>
    <row>
     <entry>is [not] even</entry>
     <entry></entry>
     <entry>$a is not even</entry>
     <entry>[非] 取模为0 (一元运算)</entry>
     <entry>$a % 2 == 0</entry>
    </row>
    <row>
     <entry>is [not] even by</entry>
     <entry></entry>
     <entry>$a is not even by $b</entry>
     <entry>水平分组 [非] 平均</entry>
     <entry>($a / $b) % 2 == 0</entry>
    </row>
    <row>
     <entry>is [not] odd</entry>
     <entry></entry>
     <entry>$a is not odd</entry>
     <entry>[非] 奇数 (一元运算)</entry>
     <entry>$a % 2 != 0</entry>
    </row>
    <row>
     <entry>is [not] odd by</entry>
     <entry></entry>
     <entry>$a is not odd by $b</entry>
     <entry>[非] 奇数分组</entry>
     <entry>($a / $b) % 2 != 0</entry>
    </row>
   </tbody>
  </tgroup>
 </informaltable>
 <example>
  <title>{while} 循环</title>
  <programlisting>
<![CDATA[

{while $foo > 0}
  {$foo--}
{/while}
]]>
  </programlisting>
 <para>
 例子将从$foo开始计算到1
 </para>
 </example>

 <para>
  参见 <link linkend="language.function.foreach"><varname>{foreach}</varname></link>,
  <link linkend="language.function.for"><varname>{for}</varname></link>
  和
  <link linkend="language.function.section"><varname>{section}</varname></link>.
 </para>

</sect1>
<!-- Keep this comment at the end of the file
     Local variables:
     mode: sgml
     sgml-omittag:t
     sgml-shorttag:t
     sgml-minimize-attributes:nil
     sgml-always-quote-attributes:t
     sgml-indent-step:1
     sgml-indent-data:t
     indent-tabs-mode:nil
     sgml-parent-document:nil
     sgml-default-dtd-file:"../../../../manual.ced"
     sgml-exposed-tags:nil
     sgml-local-catalogs:nil
     sgml-local-ecat-files:nil
     End:
     vim600: syn=xml fen fdm=syntax fdl=2 si
     vim: et tw=78 syn=sgml
     vi: ts=1 sw=1
-->
