<?xml version="1.0" encoding="UTF-8"?>
<!-- $Revision: 3827 $ -->
<sect1 id="language.function.for">
 <title>{for}</title> 
 <para>
  <varname>{for}{forelse}</varname>用于创建一个简单的循环。
  下面的几种方式都是支持的：
 </para>
 <itemizedlist>
  <listitem>
   <para>
    <varname>{for $var=$start to $end}</varname>步长1的简单循环。
   </para>
  </listitem>
  <listitem>
   <para>
    <varname>{for $var=$start to $end step $step}</varname>指定步长的循环。
   </para>
  </listitem>
 </itemizedlist>
 
 <para>
  <varname>{forelse}</varname>在循环不能遍历的时候执行。 
 </para>
 
 <para><emphasis role="bold">属性:</emphasis></para>
 <informaltable frame="all">
  <tgroup cols="6">
   <colspec colname="param" align="center" />
   <colspec colname="position" align="center" />
   <colspec colname="type" align="center" />
   <colspec colname="required" align="center" />
   <colspec colname="default" align="center" />
   <colspec colname="desc" />
   <thead>
    <row>
     <entry>参数名称</entry>
	 <entry>缩写</entry>
     <entry>类型</entry>
     <entry>必选参数</entry>
     <entry>默认值</entry>
     <entry>说明</entry>
    </row>
   </thead>
   <tbody>
    <row>
     <entry>max</entry>
     <entry>n/a</entry>
     <entry>integer</entry>
     <entry>No</entry>
     <entry><emphasis>n/a</emphasis></entry>
     <entry>循环的次数</entry> 
    </row>
   </tbody>
  </tgroup>
 </informaltable>
 
 <para><emphasis role="bold">可选标记:</emphasis></para>
 <informaltable frame="all">
  <tgroup cols="2">
   <colspec colname="param" align="center" />
   <colspec colname="desc" />
   <thead>
    <row>
     <entry>名称</entry>
     <entry>说明</entry>
    </row>
   </thead>
   <tbody>
    <row>
     <entry>nocache</entry>
     <entry>关闭<varname>{for}</varname> 循环的缓存</entry>
    </row>
   </tbody>
  </tgroup>
 </informaltable>
 
 
 <example>
  <title>简单的<varname>{for}</varname> 循环</title>
  <programlisting role="php">
<![CDATA[
<ul>
{for $foo=1 to 3}
    <li>{$foo}</li>
{/for}
</ul>
]]>
  </programlisting>
  <para>
   输出：
  </para>
  <screen>
<![CDATA[
<ul>
    <li>1</li>
    <li>2</li>
    <li>3</li>
</ul>
]]>
  </screen>
 </example>
 
 <example>
  <title>使用<varname>max</varname> 属性</title>
  <programlisting role="php">
<![CDATA[
$smarty->assign('to',10);
]]>
  </programlisting>
  <programlisting role="php">
<![CDATA[
<ul>
{for $foo=3 to $to max=3}
    <li>{$foo}</li>
{/for}
</ul>
]]>
  </programlisting>
  <para>
   输出：
  </para>
  <screen>
<![CDATA[
<ul>
    <li>3</li>
    <li>4</li>
    <li>5</li>
</ul>
]]>
  </screen>
 </example>
 
 <example>
  <title><varname>{forelse}</varname>的执行</title>
  <programlisting role="php">
<![CDATA[
$smarty->assign('start',10);
$smarty->assign('to',5);
]]>
  </programlisting>
  <programlisting role="php">
<![CDATA[
<ul>
{for $foo=$start to $to}
    <li>{$foo}</li>
{forelse}
  no iteration
{/for}
</ul>
]]>
  </programlisting>
  <para>
   输出：
  </para>
  <screen>
<![CDATA[
  no iteration
]]>
  </screen>
 </example>
 
  <para>
   参见<link linkend="language.function.foreach"><varname>{foreach}</varname></link>,
   <link linkend="language.function.section"><varname>{section}</varname></link>
   和
   <link linkend="language.function.while"><varname>{while}</varname></link>
  </para>
</sect1>

<!-- Keep this comment at the end of the file
 Local variables:
 mode: sgml
 sgml-omittag:t
 sgml-shorttag:t
 sgml-minimize-attributes:nil
 sgml-always-quote-attributes:t
 sgml-indent-step:1
 sgml-indent-data:t
 indent-tabs-mode:nil
 sgml-parent-document:nil
 sgml-default-dtd-file:"../../../../manual.ced"
 sgml-exposed-tags:nil
 sgml-local-catalogs:nil
 sgml-local-ecat-files:nil
 End:
 vim600: syn=xml fen fdm=syntax fdl=2 si
 vim: et tw=78 syn=sgml
 vi: ts=1 sw=1
-->
