<?xml version="1.0" encoding="UTF-8"?>
<!-- $Revision: 4278 $ -->
<sect1 id="language.function.block">
 <title>{block}</title>

  <para>
   <varname>{block}</varname>可在模板上定义一块区域，以进行模板继承。详细参见<link linkend="advanced.features.template.inheritance">模板继承</link>.
  </para>
   <para>
    子模板中的<varname>{block}</varname>区域代码，将会替换父模板对应的区域代码。
   </para>
   <para>
   另外，<varname>{block}</varname>可以设置成合并父子模板的相应区域。在子模板的<varname>{block}</varname>中定义
   <literal>append</literal> 或 <literal>prepend</literal>，可以使子模板附加在父模板
   <varname>{block}</varname>区域的后面或前面。
   在<varname>{block}</varname>内容中使用{$smarty.block.parent}，可以让父模板的区域代码放到
   子模板<varname>{block}</varname>内的任何位置。
   </para>
   <para><varname>{blocks}</varname>可以嵌套使用。
   </para>


 <para><emphasis role="bold">属性:</emphasis></para>
 <informaltable frame="all">
  <tgroup cols="5">
   <colspec colname="param" align="center" />
   <colspec colname="type" align="center" />
   <colspec colname="required" align="center" />
   <colspec colname="default" align="center" />
   <colspec colname="desc" />
   <thead>
    <row>
     <entry>参数名称</entry>
     <entry>类型</entry>
     <entry>必选参数</entry>
     <entry>默认值</entry>
     <entry>说明</entry>
    </row>
   </thead>
   <tbody>
    <row>
     <entry>name</entry>
     <entry>string</entry>
     <entry>Yes</entry>
     <entry><emphasis>n/a</emphasis></entry>
     <entry>模板区域的名称</entry>
    </row>
   </tbody>
  </tgroup>
 </informaltable>

 
 <para><emphasis role="bold">可选属性 (仅在子模板中使用):</emphasis></para>
 <informaltable frame="all">
  <tgroup cols="2">
   <colspec colname="param" align="center" />
   <colspec colname="desc" />
   <thead>
    <row>
     <entry>名称</entry>
     <entry>说明</entry>
    </row>
   </thead>
   <tbody>
    <row>
     <entry>append</entry>
     <entry><varname>{block}</varname>区域代码将附加到父模板的<varname>{block}</varname>内容之后</entry>
    </row>    
     <row>
       <entry>prepend</entry>
       <entry><varname>{block}</varname>区域代码将附加到父模板的<varname>{block}</varname>内容之前</entry>
     </row>    
     <row>
       <entry>hide</entry>
       <entry>在没有该名称区域的时候，忽略区域内容。</entry>
     </row>    
     <row>
       <entry>nocache</entry>
       <entry>关闭<varname>{block}</varname> 缓存</entry>
     </row>
   </tbody>
  </tgroup>
 </informaltable>
 

 <example>
  <title>简单的 <varname>{block}</varname> 例子</title>
  <para>parent.tpl</para>
  <programlisting>
<![CDATA[
<html>
  <head>
    <title>{block name="title"}Default Title{/block}</title>
    <title>{block "title"}Default Title{/block}</title>  {* short-hand  *}
  </head>
</html>
]]>
  </programlisting>
  <para>child.tpl</para>
  <programlisting>
<![CDATA[
{extends file="parent.tpl"} 
{block name="title"}
Page Title
{/block}
]]>
  </programlisting>
  <para>结果输出：</para>
  <programlisting>
<![CDATA[
<html>
  <head>
    <title>Page Title</title>
  </head>
</html>
]]>
</programlisting> 
 </example>
 
 <example>
  <title>前面附加 <varname>{block}</varname> 例子</title>
  <para>parent.tpl</para>
  <programlisting>
<![CDATA[
<html>
  <head>
    <title>{block name="title"}Title - {/block}</title>
  </head>
</html>
]]>
  </programlisting>
  <para>child.tpl</para>
  <programlisting>
<![CDATA[
{extends file="parent.tpl"} 
{block name="title" prepend}
Page Title
{/block}
]]>
  </programlisting>
  <para>结果输出</para>
  <programlisting>
<![CDATA[
<html>
  <head>
    <title>Title - Page Title</title>
  </head>
</html>
]]>
</programlisting> 
 </example>

 <example>
  <title>后面附加 <varname>{block}</varname> 例子</title>
  <para>parent.tpl</para>
  <programlisting>
<![CDATA[
<html>
  <head>
    <title>{block name="title"} is my title{/block}</title>
  </head>
</html>
]]>
  </programlisting>
  <para>child.tpl</para>
  <programlisting>
<![CDATA[
{extends file="parent.tpl"} 
{block name="title" append}
Page Title
{/block}
]]>
  </programlisting>
  <para>结果输出：</para>
  <programlisting>
<![CDATA[
<html>
  <head>
    <title>Page title is my titel</title>
  </head>
</html>
]]>
</programlisting> 
 </example>
 
 <example>
  <title><varname>{$smarty.block.child}</varname> 例子</title>
  <para>parent.tpl</para>
  <programlisting>
<![CDATA[
<html>
  <head>
    <title>{block name="title"}The {$smarty.block.child} was inserted here{/block}</title>
  </head>
</html>
]]>
  </programlisting>
  <para>child.tpl</para>
  <programlisting>
<![CDATA[
{extends file="parent.tpl"} 
{block name="title"}
Child Title
{/block}
]]>
  </programlisting>
  <para>结果输出：</para>
  <programlisting>
<![CDATA[
<html>
  <head>
    <title>The Child Title was inserted here</title>
  </head>
</html>
]]>
</programlisting> 
 </example>
 <example>
  <title><varname>{$smarty.block.parent}</varname> 例子</title>
  <para>parent.tpl</para>
  <programlisting>
<![CDATA[
<html>
  <head>
    <title>{block name="title"}Parent Title{/block}</title>
  </head>
</html>
]]>
  </programlisting>
  <para>child.tpl</para>
  <programlisting>
<![CDATA[
{extends file="parent.tpl"} 
{block name="title"}
You will see now - {$smarty.block.parent} - here
{/block}
]]>
  </programlisting>
  <para>结果输出：</para>
  <programlisting>
<![CDATA[
<html>
  <head>
    <title>You will see now - Parent Title - here</title>
  </head>
</html>
]]>
</programlisting> 
 </example>
 
 <para>
  参见
  <link linkend="advanced.features.template.inheritance">模板继承</link>,
  <link linkend="language.variables.smarty.block.parent"><parameter>$smarty.block.parent</parameter></link>,
  <link linkend="language.variables.smarty.block.child"><parameter>$smarty.block.child</parameter></link>,
  和 <link linkend="language.function.extends"><varname>{extends}</varname></link>
 </para>
</sect1>

<!-- Keep this comment at the end of the file
Local variables:
mode: sgml
sgml-omittag:t
sgml-shorttag:t
sgml-minimize-attributes:nil
sgml-always-quote-attributes:t
sgml-indent-step:1
sgml-indent-data:t
indent-tabs-mode:nil
sgml-parent-document:nil
sgml-default-dtd-file:"../../../../manual.ced"
sgml-exposed-tags:nil
sgml-local-catalogs:nil
sgml-local-ecat-files:nil
End:
vim600: syn=xml fen fdm=syntax fdl=2 si
vim: et tw=78 syn=sgml
vi: ts=1 sw=1
-->
