<?xml version="1.0" encoding="UTF-8"?>
<!-- $Revision: 4020 $ -->
<sect1 id="language.function.shortform.assign">
 <title>{$var=...}</title>
 <para>
 {assign}函数的缩写。你可以在模板内对变量进行赋值，或者对数组元素进行赋值。
 </para>

 <note><para>
 在模板中进行赋值，从根本上讲还是将程序逻辑放到显示层来进行了，在PHP端进行此操作会更好。请自行考虑。
 </para></note>

 <para>
  下面是该标签的属性：
 </para>
 
 <para><emphasis role="bold">属性:</emphasis></para>
 <informaltable frame="all">
  <tgroup cols="6">
   <colspec colname="param" align="center" />
   <colspec colname="position" align="center" />
   <colspec colname="type" align="center" />
   <colspec colname="required" align="center" />
   <colspec colname="default" align="center" />
   <colspec colname="desc" />
   <thead>
    <row>
     <entry>参数名称</entry>
	 <entry>缩写</entry>
     <entry>类型</entry>
     <entry>必选参数</entry>
     <entry>默认值</entry>
     <entry>说明</entry>
    </row>
   </thead>
   <tbody>
    <row>
     <entry>scope</entry>
     <entry>n/a</entry>
     <entry>string</entry>
     <entry>No</entry>
     <entry><emphasis>n/a</emphasis></entry>
     <entry>变量的作用范围: 'parent','root' 或 'global'</entry> 
    </row>
   </tbody>
  </tgroup>
 </informaltable>
 
 <para><emphasis role="bold">可选标记:</emphasis></para>
 <informaltable frame="all">
  <tgroup cols="2">
   <colspec colname="param" align="center" />
   <colspec colname="desc" />
   <thead>
    <row>
     <entry>名称</entry>
     <entry>说明</entry>
    </row>
   </thead>
   <tbody>
    <row>
     <entry>nocache</entry>
     <entry>对赋值操作不进行缓存</entry>
    </row>    
   </tbody>
  </tgroup>
 </informaltable>
 
 <example>
  <title>简单赋值</title>
  <programlisting>
<![CDATA[
{$name='Bob'}

The value of $name is {$name}.
]]>
  </programlisting>
  <para>
   输出：
  </para>
  <screen>
<![CDATA[
The value of $name is Bob.
]]>
  </screen>
 </example>

 <example>
  <title>数学运算赋值</title>
  <programlisting>
<![CDATA[
{$running_total=$running_total+$some_array[row].some_value}
]]>
  </programlisting>
 </example>

 <example>
  <title>对数组元素赋值</title>
  <programlisting>
<![CDATA[
{$user.name="Bob"}
]]>
  </programlisting>
 </example>
 
 <example>
  <title>对多维数组元素赋值</title>
  <programlisting>
<![CDATA[
{$user.name.first="Bob"}
]]>
  </programlisting>
 </example>
 
 <example>
  <title>附加到数组</title>
  <programlisting>
<![CDATA[
{$users[]="Bob"}
]]>
  </programlisting>
 </example>
 
 <example>
  <title>赋值的作用范围</title>
  <para>在包含的模板内赋值的变量，在包含模板内可见。</para>
  <programlisting>
<![CDATA[
{include file="sub_template.tpl"}
...
{* display variable assigned in sub_template *}
{$foo}<br>
...
]]>
  </programlisting>
  <para>上面的模板是包含了下面的模板<filename>sub_template.tpl</filename></para>
  <programlisting>
<![CDATA[
...
{* foo will be known also in the including template *}
{$foo="something" scope=parent}
{* bar is assigned only local in the including template *}
{$bar="value"}
...
]]>
</programlisting>
 </example>
 
 <para>
  参见<link linkend="language.function.assign"><varname>{assign}</varname></link>
  和
  <link linkend="language.function.append"><varname>{append}</varname></link>
 </para>
</sect1>
<!-- Keep this comment at the end of the file
Local variables:
mode: sgml
sgml-omittag:t
sgml-shorttag:t
sgml-minimize-attributes:nil
sgml-always-quote-attributes:t
sgml-indent-step:1
sgml-indent-data:t
indent-tabs-mode:nil
sgml-parent-document:nil
sgml-default-dtd-file:"../../../../manual.ced"
sgml-exposed-tags:nil
sgml-local-catalogs:nil
sgml-local-ecat-files:nil
End:
vim600: syn=xml fen fdm=syntax fdl=2 si
vim: et tw=78 syn=sgml
vi: ts=1 sw=1
-->