<?xml version="1.0" encoding="UTF-8"?>
<!-- $Revision: 3827 $ -->
<sect1 id="language.function.if">
 <title>{if},{elseif},{else}</title>
 <para>
  Smarty的<varname>{if}</varname>条件判断和PHP的<ulink url="&url.php-manual;if">if</ulink>
  非常相似，只是增加了一些特性。
  每个<varname>{if}</varname>必须有一个配对的<varname>{/if}</varname>. 
  也可以使用<varname>{else}</varname> 和
  <varname>{elseif}</varname>. 全部的PHP条件表达式和函数都可以在if内使用，如<emphasis>||</emphasis>, <emphasis>or</emphasis>,
  <emphasis>&amp;&amp;</emphasis>, <emphasis>and</emphasis>,
  <emphasis>is_array()</emphasis>, 等等.
 </para>
 <para>
 如果开启了安全机制，那么只有在<parameter>$php_functions</parameter>设置允许的PHP函数才能使用。
  参见<link linkend="advanced.features.security">安全机制</link>。
 </para>
 <para>
  下面是可用的运算符列表，使用中都会放到元素的中间并且用空格分隔。
  注意列表中[方括号]的是可选的，而且还会列出对应PHP的表达式。
 </para>

 <informaltable frame="all">
  <tgroup cols="5">
   <colspec colname="qualifier" align="center" />
   <colspec colname="alternates" align="center" />
   <colspec colname="meaning" />
   <colspec colname="example" />
   <colspec colname="php" />
   <thead>
    <row>
     <entry>运算符</entry>
     <entry>别名</entry>
     <entry>语法示例</entry>
     <entry>含义</entry>
     <entry>对应PHP语法</entry>
    </row>
   </thead>
   <tbody>
    <row>
     <entry>==</entry>
     <entry>eq</entry>
     <entry>$a eq $b</entry>
     <entry>等于</entry>
     <entry>==</entry>
    </row>
    <row>
     <entry>!=</entry>
     <entry>ne, neq</entry>
     <entry>$a neq $b</entry>
     <entry>不等于</entry>
     <entry>!=</entry>
    </row>
    <row>
     <entry>&gt;</entry>
     <entry>gt</entry>
     <entry>$a gt $b</entry>
     <entry>大于</entry>
     <entry>&gt;</entry>
    </row>
    <row>
     <entry>&lt;</entry>
     <entry>lt</entry>
     <entry>$a lt $b</entry>
     <entry>小于</entry>
     <entry>&lt;</entry>
    </row>
    <row>
     <entry>&gt;=</entry>
     <entry>gte, ge</entry>
     <entry>$a ge $b</entry>
     <entry>大于等于</entry>
     <entry>&gt;=</entry>
    </row>
    <row>
     <entry>&lt;=</entry>
     <entry>lte, le</entry>
     <entry>$a le $b</entry>
     <entry>小于等于</entry>
     <entry>&lt;=</entry>
    </row>
    <row>
     <entry>===</entry>
     <entry></entry>
     <entry>$a === 0</entry>
     <entry>绝对等于</entry>
     <entry>===</entry>
    </row>
    <row>
     <entry>!</entry>
     <entry>not</entry>
     <entry>not $a</entry>
     <entry>非 (一元运算)</entry>
     <entry>!</entry>
    </row>
    <row>
     <entry>%</entry>
     <entry>mod</entry>
     <entry>$a mod $b</entry>
     <entry>取模</entry>
     <entry>%</entry>
    </row>
    <row>
     <entry>is [not] div by</entry>
     <entry></entry>
     <entry>$a is not div by 4</entry>
     <entry>取模为0</entry>
     <entry>$a % $b == 0</entry>
    </row>
    <row>
     <entry>is [not] even</entry>
     <entry></entry>
     <entry>$a is not even</entry>
     <entry>[非] 取模为0 (一元运算)</entry>
     <entry>$a % 2 == 0</entry>
    </row>
    <row>
     <entry>is [not] even by</entry>
     <entry></entry>
     <entry>$a is not even by $b</entry>
     <entry>水平分组 [非] 平均</entry>
     <entry>($a / $b) % 2 == 0</entry>
    </row>
    <row>
     <entry>is [not] odd</entry>
     <entry></entry>
     <entry>$a is not odd</entry>
     <entry>[非] 奇数 (一元运算)</entry>
     <entry>$a % 2 != 0</entry>
    </row>
    <row>
     <entry>is [not] odd by</entry>
     <entry></entry>
     <entry>$a is not odd by $b</entry>
     <entry>[非] 奇数分组</entry>
     <entry>($a / $b) % 2 != 0</entry>
    </row>
   </tbody>
  </tgroup>
 </informaltable>
 <example>
  <title>{if} 表达式</title>
  <programlisting>
<![CDATA[
{if $name eq 'Fred'}
    Welcome Sir.
{elseif $name eq 'Wilma'}
    Welcome Ma'am.
{else}
    Welcome, whatever you are.
{/if}

{* an example with "or" logic *}
{if $name eq 'Fred' or $name eq 'Wilma'}
   ...
{/if}

{* same as above *}
{if $name == 'Fred' || $name == 'Wilma'}
   ...
{/if}


{* parenthesis are allowed *}
{if ( $amount < 0 or $amount > 1000 ) and $volume >= #minVolAmt#}
   ...
{/if}


{* you can also embed php function calls *}
{if count($var) gt 0}
   ...
{/if}

{* check for array. *}
{if is_array($foo) }
   .....
{/if}

{* check for not null. *}
{if isset($foo) }
   .....
{/if}


{* test if values are even or odd *}
{if $var is even}
   ...
{/if}
{if $var is odd}
   ...
{/if}
{if $var is not odd}
   ...
{/if}


{* test if var is divisible by 4 *}
{if $var is div by 4}
   ...
{/if}


{*
  test if var is even, grouped by two. i.e.,
  0=even, 1=even, 2=odd, 3=odd, 4=even, 5=even, etc.
*}
{if $var is even by 2}
   ...
{/if}

{* 0=even, 1=even, 2=even, 3=odd, 4=odd, 5=odd, etc. *}
{if $var is even by 3}
   ...
{/if}
]]>
  </programlisting>
 </example>


 <example>
   <title>{if} 的更多例子</title>
<programlisting>
 <![CDATA[
{if isset($name) && $name == 'Blog'}
     {* do something *}
{elseif $name == $foo}
    {* do something *}
{/if}

{if is_array($foo) && count($foo) > 0}
    {* do a foreach loop *}
{/if}
  ]]>
</programlisting>
 </example>

</sect1>
<!-- Keep this comment at the end of the file
     Local variables:
     mode: sgml
     sgml-omittag:t
     sgml-shorttag:t
     sgml-minimize-attributes:nil
     sgml-always-quote-attributes:t
     sgml-indent-step:1
     sgml-indent-data:t
     indent-tabs-mode:nil
     sgml-parent-document:nil
     sgml-default-dtd-file:"../../../../manual.ced"
     sgml-exposed-tags:nil
     sgml-local-catalogs:nil
     sgml-local-ecat-files:nil
     End:
     vim600: syn=xml fen fdm=syntax fdl=2 si
     vim: et tw=78 syn=sgml
     vi: ts=1 sw=1
-->
