<?xml version="1.0" encoding="UTF-8"?>
<!-- $Revision: 3827 $ -->
<sect1 id="language.function.literal">
 <title>{literal}</title>
 <para>
  <varname>{literal}</varname>可以让一个模板区域的字符原样输出。
  这经常用于保护页面上的Javascript或css样式表，避免因为Smarty的<link linkend="variable.left.delimiter">定界符</link>{语法}而错被解析。
  在<varname>{literal}{/literal}</varname>内的任何标签都不会被解析，原样输出。
  所以如果你有需要放到<varname>{literal}</varname>内的标签，首先可以考虑是否用
   <link linkend="language.function.ldelim"><varname>{ldelim}{rdelim}</varname></link>
   来代替定界符在页面上的显示（不用{literal}）。
 </para>

 <note><para>
   因为Smarty会忽略那些带空格的定界符，所以通常不需要使用<varname>{literal}{/literal}</varname>，。
   请确定你的Javascript或者CSS样式表的大括号周围是有空格的。这是Smarty 3的新特性。
 </para></note>

 <example>
  <title>{literal} 标签</title>
  <programlisting>
<![CDATA[
<script>
   // the following braces are ignored by Smarty
   // since they are surrounded by whitespace
   function myFoo {
     alert('Foo!');
   }
   // this one will need literal escapement
   {literal}
     function myBar {alert('Bar!');}
   {/literal}
</script>
]]>
  </programlisting>
 </example>

 <para>
  参见
  <link linkend="language.function.ldelim"><varname>{ldelim} {rdelim}</varname></link>
和
  <link linkend="language.escaping">避免Smarty解析</link>。
 </para>
</sect1>

<!-- Keep this comment at the end of the file
Local variables:
mode: sgml
sgml-omittag:t
sgml-shorttag:t
sgml-minimize-attributes:nil
sgml-always-quote-attributes:t
sgml-indent-step:1
sgml-indent-data:t
indent-tabs-mode:nil
sgml-parent-document:nil
sgml-default-dtd-file:"../../../../manual.ced"
sgml-exposed-tags:nil
sgml-local-catalogs:nil
sgml-local-ecat-files:nil
End:
vim600: syn=xml fen fdm=syntax fdl=2 si
vim: et tw=78 syn=sgml
vi: ts=1 sw=1
-->
