<?xml version="1.0" encoding="UTF-8"?>
<!-- $Revision: 4508 $ -->
<sect1 id="language.function.assign">
 <title>{assign}</title>
  <para>
   <varname>{assign}</varname>用于在<emphasis role="bold">模板运行期间</emphasis>赋值给变量.
 </para>

 <note><para>
 在模板中进行赋值，从根本上讲还是将程序逻辑放到显示层来进行了，在PHP端进行此操作会更好。请自行考虑。
 </para></note>

 <note><para>
    参见赋值给变量方法的<link linkend="language.function.shortform.assign"><varname>缩写</varname></link>。
 </para></note>

 <para><emphasis role="bold">属性:</emphasis></para>
 <informaltable frame="all">
  <tgroup cols="5">
   <colspec colname="param" align="center" />
   <colspec colname="type" align="center" />
   <colspec colname="required" align="center" />
   <colspec colname="default" align="center" />
   <colspec colname="desc" />
   <thead>
    <row>
     <entry>参数名称</entry>
     <entry>类型</entry>
     <entry>必选参数</entry>
     <entry>默认值</entry>
     <entry>说明</entry>
    </row>
   </thead>
   <tbody>
    <row>
    <entry>var</entry>
    <entry>string</entry>
     <entry>Yes</entry>
     <entry><emphasis>n/a</emphasis></entry>
     <entry>被赋值的变量名</entry>
    </row>
    <row>
     <entry>value</entry>
     <entry>string</entry>
     <entry>Yes</entry>
     <entry><emphasis>n/a</emphasis></entry>
     <entry>赋的值</entry>
    </row>
    <row>
     <entry>scope</entry>
    <entry>string</entry>
     <entry>No</entry>
     <entry><emphasis>n/a</emphasis></entry>
     <entry>变量的作用范围: 'parent','root' 或 'global'</entry> 
    </row>
   </tbody>
  </tgroup>
 </informaltable>

 <para><emphasis role="bold">可选标记:</emphasis></para>
 <informaltable frame="all">
  <tgroup cols="2">
   <colspec colname="param" align="center" />
   <colspec colname="desc" />
   <thead>
    <row>
     <entry>名称</entry>
     <entry>说明</entry>
    </row>
   </thead>
   <tbody>
    <row>
     <entry>nocache</entry>
     <entry>对赋值操作不进行缓存</entry>
    </row>    
   </tbody>
  </tgroup>
 </informaltable>
 
 <example>
  <title>{assign}</title>
  <programlisting>
<![CDATA[
{assign var="name" value="Bob"}
{assign "name" "Bob"} {* short-hand *}

The value of $name is {$name}.
]]>
  </programlisting>
  <para>
  输出：
  </para>
  <screen>
<![CDATA[
The value of $name is Bob.
]]>
  </screen>
 </example>
 
 <example>
  <title>{assign} 使用nocache属性</title>
  <programlisting>
<![CDATA[
{assign var="name" value="Bob" nocache}
{assign "name" "Bob" nocache} {* short-hand *}

The value of $name is {$name}.
]]>
  </programlisting>
  <para>
   输出：
  </para>
  <screen>
<![CDATA[
The value of $name is Bob.
]]>
  </screen>
 </example>
 
 <example>
  <title>{assign} 进行数学运算</title>
  <programlisting>
<![CDATA[
{assign var=running_total value=$running_total+$some_array[$row].some_value}
]]>
  </programlisting>

 </example>

<example>
  <title>{assign} 在调用的模板内的作用范围</title>
  <para>在包含的模板内赋值的变量，在包含模板内可见。</para>
  <programlisting>
<![CDATA[
{include file="sub_template.tpl"}
...
{* display variable assigned in sub_template *}
{$foo}<br>
...
]]>
  </programlisting>
  <para>上面的模板是包含了下面的模板<filename>sub_template.tpl</filename></para>
  <programlisting>
<![CDATA[
...
{* foo will be known also in the including template *}
{assign var="foo" value="something" scope=parent}
{* bar is assigned only local in the including template *}
{assign var="bar" value="value"}
...
]]>
</programlisting>
</example>
 
 <example>
  <title>{assign} 作用范围例子 </title>
  <para>设置变量访问范围为root，然后该变量在相关模板里面都可见。</para>
  <programlisting>
<![CDATA[
{assign var=foo value="bar" scope="root"}
]]>
  </programlisting>
  
 </example>
 
 <example>
  <title>{assign} 赋值一个全局变量</title>
  <para>全局变量在任何模板内均可见。</para>
  <programlisting>
<![CDATA[
{assign var=foo value="bar" scope="global"}
{assign "foo" "bar" scope="global"} {* short-hand *}
]]>
  </programlisting>
  
 </example>
 
 <example>
  <title>从PHP脚本中获取{assign} 的变量</title>
  <para>
  可以使用<link linkend="api.get.template.vars">
    <varname>getTemplateVars()</varname></link>在PHP脚本中获取<varname>{assign}</varname>的变量值。
	这里的模板创建了变量<parameter>$foo</parameter>。
  </para>
<programlisting>
<![CDATA[
{assign var="foo" value="Smarty"}
]]>
</programlisting>
<para>当模板被执行时/执行后，可以用以下的方式在PHP获取到这个模板变量。
</para>
<programlisting role="php">
<![CDATA[
<?php

// this will output nothing as the template has not been executed
echo $smarty->getTemplateVars('foo');

// fetch the template to a variable
$whole_page = $smarty->fetch('index.tpl');

// this will output 'smarty' as the template has been executed
echo $smarty->getTemplateVars('foo');

$smarty->assign('foo','Even smarter');

// this will output 'Even smarter'
echo $smarty->getTemplateVars('foo');

?>
]]>
</programlisting>
 </example>


 <para>
 下面的函数都可用assign作为<emphasis>可选</emphasis>属性，用于将函数结果赋值给变量而不显示。
  </para>

 <para>
  <link linkend="language.function.capture"><varname>{capture}</varname></link>,
  <link linkend="language.function.include"><varname>{include}</varname></link>,
  <link linkend="language.function.include.php"><varname>{include_php}</varname></link>,
  <link linkend="language.function.insert"><varname>{insert}</varname></link>,
 <link linkend="language.function.counter"><varname>{counter}</varname></link>,
 <link linkend="language.function.cycle"><varname>{cycle}</varname></link>,
 <link linkend="language.function.eval"><varname>{eval}</varname></link>,
 <link linkend="language.function.fetch"><varname>{fetch}</varname></link>,
 <link linkend="language.function.math"><varname>{math}</varname></link>,
 <link linkend="language.function.textformat"><varname>{textformat}</varname></link>
 </para>

 <para>
 参见
  <link linkend="language.function.shortform.assign"><varname>{$var=...}</varname></link>,
 <link linkend="api.assign"><varname>assign()</varname></link>
   和
  <link linkend="api.get.template.vars"><varname>getTemplateVars()</varname></link>.
 </para>
</sect1>
<!-- Keep this comment at the end of the file
Local variables:
mode: sgml
sgml-omittag:t
sgml-shorttag:t
sgml-minimize-attributes:nil
sgml-always-quote-attributes:t
sgml-indent-step:1
sgml-indent-data:t
indent-tabs-mode:nil
sgml-parent-document:nil
sgml-default-dtd-file:"../../../../manual.ced"
sgml-exposed-tags:nil
sgml-local-catalogs:nil
sgml-local-ecat-files:nil
End:
vim600: syn=xml fen fdm=syntax fdl=2 si
vim: et tw=78 syn=sgml
vi: ts=1 sw=1
-->
