<?xml version="1.0" encoding="UTF-8"?>
<!-- $Revision: 4006 $ -->
<sect1 id="language.function.call">
 <title>{call}</title>
 <para>
  <varname>{call}</varname>可以调用一个通过
 <link linkend="language.function.function"><varname>{function}</varname></link>
标签来定义的模板函数，如同调用插件函数一样。 
  </para>

  <note><para>
  模板函数是全局定义的。因为Smarty编译器是一个单次的编译器，所以
  <link linkend="language.function.call"><varname>{call}</varname></link>
  标签调用的函数，务必定义在当前模板之外的位置。
  或者你可以直接通过<literal>{funcname ...}</literal>的方式来使用该函数。
  </para></note>

  <itemizedlist>
  <listitem><para>
  <varname>{call}</varname>必须设置<parameter>name</parameter>属性，
  标识要调用的模板函数的名称。
  </para></listitem>

 <listitem><para>
 可以按照<link linkend="language.syntax.attributes">属性</link>的方式来给函数传递参数。
 </para></listitem>
 </itemizedlist>
    
   <para><emphasis role="bold">属性:</emphasis></para>
   <informaltable frame="all">
    <tgroup cols="5">
     <colspec colname="param" align="center" />
    <colspec colname="type" align="center" />
     <colspec colname="required" align="center" />
     <colspec colname="default" align="center" />
     <colspec colname="desc" />
     <thead>
      <row>
     <entry>参数名称</entry>
     <entry>类型</entry>
     <entry>必选参数</entry>
     <entry>默认值</entry>
     <entry>说明</entry>
      </row>
     </thead>
     <tbody>
      <row>
       <entry>name</entry>
       <entry>string</entry>
       <entry>Yes</entry>
       <entry><emphasis>n/a</emphasis></entry>
       <entry>模板函数的名称</entry>
      </row>
      <row>
       <entry>assign</entry>
       <entry>string</entry>
       <entry>No</entry>
       <entry><emphasis>n/a</emphasis></entry>
       <entry>将函数的返回内容赋值到指定变量</entry>
      </row>
      <row>
       <entry>[var ...]</entry>
       <entry>[var type]</entry>
       <entry>No</entry>
       <entry><emphasis>n/a</emphasis></entry>
       <entry>传递给模板函数的参数</entry>
      </row>
     </tbody>
    </tgroup>
   </informaltable>
 
 <para><emphasis role="bold">可选的标记:</emphasis></para>
 <informaltable frame="all">
  <tgroup cols="2">
   <colspec colname="param" align="center" />
   <colspec colname="desc" />
   <thead>
    <row>
     <entry>名称</entry>
     <entry>说明</entry>
    </row>
   </thead>
   <tbody>
    <row>
     <entry>nocache</entry>
     <entry>以不缓存的模式调用该函数</entry>
    </row>
   </tbody>
  </tgroup>
 </informaltable>
 

 <example>
  <title>调用一个递归菜单的例子</title>
  <programlisting>
<![CDATA[
{* define the function *}
{function name=menu level=0}
  <ul class="level{$level}">
  {foreach $data as $entry}
    {if is_array($entry)}
      <li>{$entry@key}</li>
      {call name=menu data=$entry level=$level+1}
    {else}
      <li>{$entry}</li>
    {/if}
  {/foreach}
  </ul>
{/function}

{* create an array to demonstrate *}
{$menu = ['item1','item2','item3' => ['item3-1','item3-2','item3-3' =>
['item3-3-1','item3-3-2']],'item4']}

{* run the array through the function *}
{call name=menu data=$menu}
{call menu data=$menu} {* short-hand *}
]]>
  </programlisting>
 <para>
  输出：
 </para> 
  <programlisting>
<![CDATA[
* item1
* item2
* item3
      o item3-1
      o item3-2
      o item3-3
            + item3-3-1
            + item3-3-2
* item4
]]>
  </programlisting>
 </example>

   
  <para>
  参见
  <link linkend="language.function.function"><varname>{function}</varname></link>
 </para>
</sect1>
<!-- Keep this comment at the end of the file
Local variables:
mode: sgml
sgml-omittag:t
sgml-shorttag:t
sgml-minimize-attributes:nil
sgml-always-quote-attributes:t
sgml-indent-step:1
sgml-indent-data:t
indent-tabs-mode:nil
sgml-parent-document:nil
sgml-default-dtd-file:"../../../../manual.ced"
sgml-exposed-tags:nil
sgml-local-catalogs:nil
sgml-local-ecat-files:nil
End:
vim600: syn=xml fen fdm=syntax fdl=2 si
vim: et tw=78 syn=sgml
vi: ts=1 sw=1
-->

