<?xml version="1.0" encoding="UTF-8"?>
<!-- $Revision: 4567 $ -->
<sect1 id="language.function.include">
 <title>{include}</title>
 <para>
  <varname>{include}</varname>用于载入其他模板到当前模板中。
  在包含模板中可用的变量，载入后在当前模板仍然可用。
  </para>

  <itemizedlist>
  <listitem><para>
  <varname>{include}</varname>必须设置<parameter>file</parameter> 属性，设置载入的文件资源路径。
  </para></listitem>

 <listitem><para>
 设置了可选的<parameter>assign</parameter>属性，将<varname>{include}</varname>模板的内容赋值到变量，而并非输出。
   与
  <link linkend="language.function.assign"><varname>{assign}</varname></link>操作相似。
 </para></listitem>

 <listitem><para>
 包含模板时，可以像使用<link linkend="language.syntax.attributes">属性</link>一样设置传递的变量。
 这样传递的变量，作用范围仅限于包含的模板内。
 属性传递的变量将覆盖原包含模板的同名变量。
 </para></listitem>

 <listitem><para>
 你可以在当前模板内使用包含模板的全部变量。
 但是如果包含模板内有修改或者新建变量，那么这些变量只有包含模板的作用范围，而不可以是当前<varname>{include}</varname>模板中使用。
 这种默认的设置，可以通过在包含模板时设置<varname>{include}</varname>的作用范围属性，或者
 在修改或新增变量时通过<link linkend="language.function.assign"><varname>{assign}</varname></link>的作用范围属性来设定。
 后者在需要包含模板返回值时比较有用。
  </para></listitem>

  <listitem><para>
  当文件不在<link linkend="variable.template.dir"><parameter>$template_dir</parameter></link>目录中时，
  使用<link
  linkend="resources">资源</link>的语法来<varname>{include}</varname>包含文件。
  </para></listitem>
 </itemizedlist>

<para><emphasis role="bold">Attributes:</emphasis></para>
 <informaltable frame="all">
  <tgroup cols="5">
   <colspec colname="param" align="center" />
  <colspec colname="type" align="center" />
   <colspec colname="required" align="center" />
   <colspec colname="default" align="center" />
   <colspec colname="desc" />
   <thead>
    <row>
     <entry>参数名称</entry>
     <entry>类型</entry>
     <entry>必选参数</entry>
     <entry>默认值</entry>
     <entry>说明</entry>
    </row>
   </thead>
   <tbody>
    <row>
     <entry>file</entry>
     <entry>string</entry>
     <entry>Yes</entry>
     <entry><emphasis>n/a</emphasis></entry>
     <entry>包含载入的文件名</entry>
    </row>
    <row>
     <entry>assign</entry>
     <entry>string</entry>
     <entry>No</entry>
     <entry><emphasis>n/a</emphasis></entry>
     <entry>将包含的文件内容赋值给变量</entry>
    </row>
    <row>
     <entry>cache_lifetime</entry>
     <entry>integer</entry>
     <entry>No</entry>
     <entry><emphasis>n/a</emphasis></entry>
     <entry>单独开启被包含模板的缓存时间</entry>
    </row>
    <row>
     <entry>compile_id</entry>
     <entry>string/integer</entry>
     <entry>No</entry>
     <entry><emphasis>n/a</emphasis></entry>
     <entry>单独设置被包含模板的编译ID</entry>
    </row>
    <row>
     <entry>cache_id</entry>
     <entry>string/integer</entry>
     <entry>No</entry>
     <entry><emphasis>n/a</emphasis></entry>
     <entry>单独设置被包含模板的缓存ID</entry>
    </row>
    <row>
     <entry>scope</entry>
    <entry>string</entry>
     <entry>No</entry>
     <entry><emphasis>n/a</emphasis></entry>
     <entry>定义被包含模板的赋值变量作用范围: 'parent','root' 或 'global'</entry> 
    </row>
    <row>
     <entry>[var ...]</entry>
     <entry>[var type]</entry>
     <entry>No</entry>
     <entry><emphasis>n/a</emphasis></entry>
     <entry>传递到包含模板的变量</entry>
    </row>
   </tbody>
  </tgroup>
 </informaltable>
 
 <para><emphasis role="bold">可选标记:</emphasis></para>
 <informaltable frame="all">
  <tgroup cols="2">
   <colspec colname="param" align="center" />
   <colspec colname="desc" />
   <thead>
    <row>
     <entry>名称</entry>
     <entry>说明</entry>
    </row>
   </thead>
   <tbody>
    <row>
     <entry>nocache</entry>
     <entry>关闭包含模板的缓存</entry>
    </row>
    <row>
     <entry>caching</entry>
     <entry>打开包含模板的缓存</entry>
    </row>
    <row>
     <entry>inline</entry>
     <entry>设置成true时，在编译时把包含模板的内容也合并到当前模板的编译文件中。</entry>
    </row>
   </tbody>
  </tgroup>
 </informaltable>
 
 <example>
  <title>简单 {include} 例子</title>
  <programlisting>
<![CDATA[
<html>
<head>
  <title>{$title}</title>
</head>
<body>
{include file='page_header.tpl'}

{* body of template goes here, the $tpl_name variable
   is replaced with a value eg 'contact.tpl'
*}
{include file="$tpl_name.tpl"}

{* using shortform file attribute *}
{include 'page_footer.tpl'}
</body>
</html>
]]>
  </programlisting>
 </example>

 <example>
  <title>{include} 传递变量</title>
  <programlisting>
<![CDATA[
{include 'links.tpl' title='Newest links' links=$link_array}
{* body of template goes here *}
{include 'footer.tpl' foo='bar'}
]]>
  </programlisting>
  <para>包含了下面的 <filename>links.tpl</filename> 模板</para>
  <programlisting>
<![CDATA[
<div id="box">
<h3>{$title}{/h3>
<ul>
{foreach from=$links item=l}
.. do stuff  ...
</foreach}
</ul>
</div>
]]>
</programlisting>
 </example>
 
 <example>
  <title>{include} 作用范围示例</title>
  <para>在包含的模板内赋值的变量，在包含模板内可见。</para>
  <programlisting>
<![CDATA[
{include 'sub_template.tpl' scope=parent}
...
{* display variables assigned in sub_template *}
{$foo}<br>
{$bar}<br>
...
]]>
  </programlisting>
  <para>包含了下面的 <filename>sub_template.tpl</filename> 模板</para>
  <programlisting>
<![CDATA[
...
{assign var=foo value='something'}
{assign var=bar value='value'}
...
]]>
</programlisting>
 </example>
 
 <example>
  <title>{include} 关闭缓存</title>
  <para>包含模板将不被缓存</para>
  <programlisting>
<![CDATA[
{include 'sub_template.tpl' nocache}
...
]]>
  </programlisting>
 </example>
 
 <example>
  <title>{include} 单独的缓存时间</title>
  <para>下面例子包含模板将单独设置缓存时间500秒。</para>
  <programlisting>
<![CDATA[
{include 'sub_template.tpl' cache_lifetime=500}
...
]]>
  </programlisting>
 </example>
 
 <example>
  <title>{include}开启缓存</title>
  <para>下面的例子包含模板的缓存将独立于全局模板缓存设置之外。</para>
  <programlisting>
<![CDATA[
{include 'sub_template.tpl' caching}
...
]]>
  </programlisting>
 </example>
 
 
  <example>
   <title>{include} 和赋值变量</title>
   <para>下面的例子将<filename>nav.tpl</filename>的内容赋值给了<varname>$navbar</varname> 变量,
   该变量将页面的头部和底部显示。
   </para>
   <programlisting>
 <![CDATA[
<body>
  {include 'nav.tpl' assign=navbar}
  {include 'header.tpl' title='Smarty is cool'}
    {$navbar}
    {* body of template goes here *}
    {$navbar}
  {include 'footer.tpl'}
</body>
]]>
   </programlisting>
 </example>
 
 <example>
    <title>{include} 相对路径</title>
    <para>下面的例子包含的模板文件都是相对当前模板的目录。</para>
    <programlisting>
<![CDATA[
   {include 'template-in-a-template_dir-directory.tpl'}
   {include './template-in-same-directory.tpl'}
   {include '../template-in-parent-directory.tpl'}
]]>
    </programlisting>
  </example>

 <example>
  <title>各种 {include} 资源例子</title>
  <programlisting>
<![CDATA[
{* absolute filepath *}
{include file='/usr/local/include/templates/header.tpl'}

{* absolute filepath (same thing) *}
{include file='file:/usr/local/include/templates/header.tpl'}

{* windows absolute filepath (MUST use "file:" prefix) *}
{include file='file:C:/www/pub/templates/header.tpl'}

{* include from template resource named "db" *}
{include file='db:header.tpl'}

{* include a $variable template - eg $module = 'contacts' *}
{include file="$module.tpl"}

{* wont work as its single quotes ie no variable substitution *}
{include file='$module.tpl'}

{* include a multi $variable template - eg amber/links.view.tpl *}
{include file="$style_dir/$module.$view.tpl"}
]]>
  </programlisting>
 </example>
 <para>
 参见
  <link linkend="language.function.include.php"><varname>{include_php}</varname></link>,
  <link linkend="language.function.insert"><varname>{insert}</varname></link>,
  <link linkend="language.function.php"><varname>{php}</varname></link>,
  <link linkend="resources">模板资源</link> 和
  <link linkend="tips.componentized.templates">模板组件化</link>.
 </para>
</sect1>
<!-- Keep this comment at the end of the file
Local variables:
mode: sgml
sgml-omittag:t
sgml-shorttag:t
sgml-minimize-attributes:nil
sgml-always-quote-attributes:t
sgml-indent-step:1
sgml-indent-data:t
indent-tabs-mode:nil
sgml-parent-document:nil
sgml-default-dtd-file:"../../../../manual.ced"
sgml-exposed-tags:nil
sgml-local-catalogs:nil
sgml-local-ecat-files:nil
End:
vim600: syn=xml fen fdm=syntax fdl=2 si
vim: et tw=78 syn=sgml
vi: ts=1 sw=1
-->

