<?xml version="1.0" encoding="UTF-8"?>
<!-- $Revision: 3827 $ -->
<sect1 id="language.function.setfilter">
 <title>{setfilter}</title>
 <para>
  <varname>{setfilter}...{/setfilter}</varname>块标签可以使用模板定义的变量过滤器。
 </para>
 <para>
  语法: {setfilter filter1|filter2|filter3....}...{/setfilter}
 </para>
 <para>
  过滤器可以是：
 </para>
 <itemizedlist>
  <listitem>
   <para>
   变量过滤插件的名称。
   </para>
  </listitem>
  <listitem>
   <para>
   修饰器的名称和可选的参数。
   </para>
  </listitem>
 </itemizedlist>

<para>
 <varname>{setfilter}...{/setfilter}</varname>可以被嵌套。
 内部的过滤器块会被外部的过滤器块给替代。
</para>
 
 <para>
 模板过滤器可以和其他过滤器修饰器一起使用。
 它们会按照如下顺序执行：
  修饰器,
  默认修饰器,
  $escape_html,
  注册的变量过滤器，
  自动载入的变量过滤器，
  模板块变量过滤器。
  所有在“默认修饰器”之后的东西，都可以被<literal>nofilter</literal>关闭。
 </para>

 <example>
  <title>{setfilter} 标签</title>
  <programlisting>
<![CDATA[
<script>
{setfilter filter1}
  {$foo} {* filter1 runs on output of $foo *}
  {setfilter filter2|mod:true}
    {$bar} {* filter2 and modifier mod runs on output of $bar *}
  {/setfilter}
  {$buh} {* filter1 runs on output of $buh *}
{/setfilter}
{$blar} {* no template instance filter runs on output of $blar}
</script>
]]>
  </programlisting>
 </example>
 
 <note>
  <para>
  模板块变量过滤器不会影响到包含的子模板。
  </para>
 </note>

</sect1>

<!-- Keep this comment at the end of the file
Local variables:
mode: sgml
sgml-omittag:t
sgml-shorttag:t
sgml-minimize-attributes:nil
sgml-always-quote-attributes:t
sgml-indent-step:1
sgml-indent-data:t
indent-tabs-mode:nil
sgml-parent-document:nil
sgml-default-dtd-file:"../../../../manual.ced"
sgml-exposed-tags:nil
sgml-local-catalogs:nil
sgml-local-ecat-files:nil
End:
vim600: syn=xml fen fdm=syntax fdl=2 si
vim: et tw=78 syn=sgml
vi: ts=1 sw=1
-->
