<?xml version="1.0" encoding="UTF-8"?>
<!-- $Revision: 4278 $ -->
<sect1 id="language.function.foreach">
 <title>{foreach},{foreachelse}</title> 
 <para>
  <varname>{foreach}</varname>用于循环数组。
  <varname>{foreach}</varname>的语法比<link linkend="language.function.section"><varname>{section}</varname></link>循环要更简单和清晰，并且可以使用非数字下标的数组。
 </para>
 <para>
  <varname>{foreach $arrayvar as $itemvar}</varname> 
 </para>
 <para>
  <varname>{foreach $arrayvar as $keyvar=>$itemvar}</varname> 
 </para>
 <note>
 <para>
 foreach的语法可以接受没有名称的属性，该语法是Smarty 3新增的。然而Smarty 2语法
 <literal>{foreach from=$myarray key="mykey" item="myitem"}</literal>也同样支持。
 </para>
 </note>
   <itemizedlist>
   <listitem><para>
   <varname>{foreach}</varname> 循环可以被嵌套使用.
   </para></listitem>

   <listitem><para>
   <parameter>array</parameter>变量，一般是数组的值，决定了<varname>{foreach}</varname>
   循环的次数。你也可以传递一个任意的整数来控制循环次数。
   </para></listitem>

   <listitem><para>
   如果<parameter>array</parameter>数组变量中，没有值的情况下，
   <varname>{foreachelse}</varname>将执行。
   </para></listitem>
    
  <listitem>
   <para>
    <varname>{foreach}</varname>的属性：
    <link linkend="foreach.property.index"><parameter>@index</parameter></link>,
    <link linkend="foreach.property.iteration"><parameter>@iteration</parameter></link>,
    <link linkend="foreach.property.first"><parameter>@first</parameter></link>,
    <link linkend="foreach.property.last"><parameter>@last</parameter></link>,
    <link linkend="foreach.property.show"><parameter>@show</parameter></link>,
    <link linkend="foreach.property.total"><parameter>@total</parameter></link>.
   </para>
  </listitem>
  
  <listitem>
   <para>
    <varname>{foreach}</varname>的语法命令：
    <link linkend="foreach.construct.break"><varname>{break}</varname></link>,
    <link linkend="foreach.construct.continue"><varname>{continue}</varname></link>.
   </para>
  </listitem>
        
    <listitem><para>
	代替指定<parameter>key</parameter>变量，你可以通过
	<parameter>{$item@key}</parameter>来使用循环的当前key。(见下面的例子).
    </para></listitem>    
    
   </itemizedlist> 
 
   <note>
   <para>
    <literal>$var@property</literal>的语法是Smarty 3新增的。然而Smarty 2风格的语法<literal>{foreach from=$myarray key="mykey" item="myitem"}</literal>, <literal>$smarty.foreach.name.property</literal>也是支持的。
   </para>
   </note>  
   <note>
   <para>
   即使你在循环语法里<literal>{foreach $myArray as $myKey => $myValue}</literal>
   已经指定了key的变量名，但循环体内<varname>$myValue@key</varname>还是可用的。
   </para>
   </note>
 
 
 <para><emphasis role="bold">可选标记:</emphasis></para>
 <informaltable frame="all">
  <tgroup cols="2">
   <colspec colname="param" align="center" />
   <colspec colname="desc" />
   <thead>
    <row>
     <entry>名称</entry>
     <entry>说明</entry>
    </row>
   </thead>
   <tbody>
    <row>
     <entry>nocache</entry>
     <entry>关闭<varname>{foreach}</varname>循环的缓存</entry>
    </row>
   </tbody>
  </tgroup>
 </informaltable>
 
 
 <example>
  <title>简单的<varname>{foreach}</varname> 循环</title>
  <programlisting role="php">
<![CDATA[
<?php
$arr = array('red', 'green', 'blue');
$smarty->assign('myColors', $arr);
?>
]]>
  </programlisting>
   <para>模板将顺序输出<parameter>$myColors</parameter>。</para>
  <programlisting>
<![CDATA[
<ul>
{foreach $myColors as $color}
    <li>{$color}</li>
{/foreach}
</ul>
]]>
  </programlisting>
  <para>
   输出：
  </para>
  <screen>
<![CDATA[
<ul>
    <li>red</li>
    <li>green</li>
    <li>blue</li>
</ul>
]]>
  </screen>
 </example>

<example>
  <title>使用<parameter>key</parameter>变量的例子</title>
  <programlisting role="php">
<![CDATA[
<?php
$people = array('fname' => 'John', 'lname' => 'Doe', 'email' => 'j.doe@example.com');
$smarty->assign('myPeople', $people);
?>
]]>
  </programlisting>
   <para>模板将以键值对的方式输出<parameter>$myArray</parameter></para>
  <programlisting>
<![CDATA[
<ul>
{foreach $myPeople as $value}
   <li>{$value@key}: {$value}</li>
{/foreach}
</ul>
]]>
  </programlisting>
  <para>
   输出：
  </para>
  <screen>
<![CDATA[
<ul>
    <li>fname: John</li>
    <li>lname: Doe</li>
    <li>email: j.doe@example.com</li>
</ul>
]]>
  </screen>
 </example>



 <example>
  <title>多维数组通过<parameter>item</parameter> 和 <parameter>key</parameter>来嵌套使用{foreach}</title>
  <para>多维数组的键一般会对应另一个数组。</para>
  <programlisting role="php">
<![CDATA[
<?php
 $smarty->assign('contacts', array(
                             array('phone' => '555-555-1234',
                                   'fax' => '555-555-5678',
                                   'cell' => '555-555-0357'),
                             array('phone' => '800-555-4444',
                                   'fax' => '800-555-3333',
                                   'cell' => '800-555-2222')
                             ));
?>
]]>
  </programlisting>
  <para>模板将输出<parameter>$contact</parameter>.</para>
  <programlisting>
<![CDATA[
{* key always available as a property *}
{foreach $contacts as $contact}
  {foreach $contact as $value}
    {$value@key}: {$value}
  {/foreach}
{/foreach}

{* accessing key the PHP syntax alternate *}
{foreach $contacts as $contact}
  {foreach $contact as $key => $value}
    {$key}: {$value}
  {/foreach}
{/foreach}
]]>
  </programlisting>
  <para>
   上面两个例子都会输出：
  </para>
  <screen>
<![CDATA[
  phone: 555-555-1234
  fax: 555-555-5678
  cell: 555-555-0357
  phone: 800-555-4444
  fax: 800-555-3333
  cell: 800-555-2222
]]>
  </screen>
 </example>

 <example>
  <title>{foreachelse}的数据库例子</title>
  <para>循环显示数据库（PDO）结果。例子是循环了一个PHP的迭代器（iterator）而不是一个数组（array）。</para>
<programlisting role="php">
<![CDATA[
<?php 
  include('Smarty.class.php'); 

  $smarty = new Smarty; 

  $dsn = 'mysql:host=localhost;dbname=test'; 
  $login = 'test'; 
  $passwd = 'test'; 

  // setting PDO to use buffered queries in mysql is 
  // important if you plan on using multiple result cursors 
  // in the template. 

  $db = new PDO($dsn, $login, $passwd, array( 
     PDO::MYSQL_ATTR_USE_BUFFERED_QUERY => true)); 

  $res = $db->prepare("select * from users"); 
  $res->execute(); 
  $res->setFetchMode(PDO::FETCH_LAZY); 

  // assign to smarty 
  $smarty->assign('res',$res); 

  $smarty->display('index.tpl');?>
?>
]]>
  </programlisting>
  <programlisting>
<![CDATA[
{foreach $res as $r} 
  {$r.id} 
  {$r.name}
{foreachelse}
  .. no results .. 
{/foreach}
]]>
  </programlisting>
 </example>

 <para>
 上面的例子显示了查询结果<literal>id</literal> 和 <literal>name</literal>两个字段的内容。
 </para>
 <para>
 迭代器和数组循环哪个更高效呢？数组而言，每次循环之前全部的数组数据都会被先放到内存堆栈内，然后再进行循环。
 而迭代器每次迭代循环时，都会载入并释放结果内容，这样可以节省运行时间和内存，尤其是当结果集非常大的时候。
 </para>

 <sect2 id="foreach.property.index">
  <title>@index</title>
  <para>
   <parameter>index</parameter>是当前数组索引，从0开始计算。
  </para>
  <example>
  <title><parameter>index</parameter> 例子</title>

   <programlisting>
<![CDATA[
{* output empty row on the 4th iteration (when index is 3) *}
<table>
{foreach $items as $i}
  {if $i@index eq 3}
     {* put empty table row *}
     <tr><td>nbsp;</td></tr>
  {/if}
  <tr><td>{$i.label}</td></tr>
{/foreach}
</table>
]]>
  </programlisting>
  </example>
  </sect2>

 <sect2 id="foreach.property.iteration">
  <title>@iteration</title>
  <para>
   <parameter>iteration</parameter>是当前循环的次数，和<link linkend="foreach.property.index"><parameter>index</parameter></link>不同，<parameter>iteration</parameter>是从1开始。
   <parameter>iteration</parameter>在每次循环的时候都会加一。
  </para>
 <example>
  <title><parameter>iteration</parameter> 例子: is div by</title>
  <para>
    <emphasis>"is div by"</emphasis>运算可以对循环次数做一些特殊的判断。
	下面我们将每4次循环就输出一次粗体的名称。
  </para>
  <programlisting>
<![CDATA[
{foreach $myNames as $name}
  {if $name@iteration is div by 4}
    <b>{$name}</b>
  {/if}
  {$name}
{/foreach}
]]>
</programlisting> 
 </example>
  <example>
   <title><parameter>iteration</parameter> 例子: is even/odd by</title>
   <para>
     <emphasis>"is even by"</emphasis> 和 <emphasis>"is odd by"</emphasis>可以用于在循环中奇偶交替进行一些操作。在开始的时候可以选择奇或偶的循环。
	 下面是每三次循环会改变一次字体颜色。
   </para>
   <programlisting>
 <![CDATA[
 {foreach $myNames as $name}
   {if $name@iteration is even by 3}
     <span style="color: #000">{$name}</span>
   {else}
     <span style="color: #eee">{$name}</span>
   {/if}
 {/foreach}
 ]]>
 </programlisting> 
 
   <para>
    输出：
   </para>
   <screen>
<![CDATA[
    <span style="color: #000">...</span>
    <span style="color: #000">...</span>
    <span style="color: #000">...</span>
    <span style="color: #eee">...</span>
    <span style="color: #eee">...</span>
    <span style="color: #eee">...</span>
    <span style="color: #000">...</span>
    <span style="color: #000">...</span>
    <span style="color: #000">...</span>
    <span style="color: #eee">...</span>
    <span style="color: #eee">...</span>
    <span style="color: #eee">...</span>
    ...
]]>
   </screen>
 
  </example>
 </sect2>

 <sect2 id="foreach.property.first">
  <title>@first</title>
  <para>
   当循环<varname>{foreach}</varname>是首次循环时，<parameter>first</parameter>将为&true;
   下面我们用first来显示一个表格的表头。
  </para>
  <example>
  <title><parameter>first</parameter>例子</title>
   <programlisting>
<![CDATA[
{* show table header at first iteration *}
<table>
{foreach $items as $i}
  {if $i@first}
    <tr>
      <th>key</td>
      <th>name</td>
    </tr>
  {/if}
  <tr>
    <td>{$i@key}</td>
    <td>{$i.name}</td>
  </tr>
{/foreach}
</table>
]]>
  </programlisting>
  </example>
 </sect2>

 <sect2 id="foreach.property.last">
  <title>@last</title>
  <para>
  当<varname>{foreach}</varname>循环到了最后一次时，
  <parameter>last</parameter>将为&true;。
  下面我们将在循环的最后插入一条水平线。
  </para>
   <example>
  <title><parameter>last</parameter>例子</title>
    <programlisting>
<![CDATA[
{* Add horizontal rule at end of list *}
{foreach $items as $item}
  <a href="#{$item.id}">{$item.name}</a>{if $item@last}<hr>{else},{/if}
{foreachelse}
  ... no items to loop ...
{/foreach}
]]>
  </programlisting>
   </example>
 </sect2>

 <sect2 id="foreach.property.show">
  <title>@show</title>
  <para>
   <parameter>show</parameter>属性是在<varname>{foreach}</varname>循环执行之后，
   检测循环是否显示数据的判断。
   <parameter>show</parameter>是一个布尔值。
  </para>
  <example>
   <title><parameter>show</parameter>例子</title>
   <programlisting>
<![CDATA[
<ul>
{foreach $myArray as $name}
    <li>{$name}</li>
{/foreach}
</ul>
{if $name@show} do something here if the array contained data {/if}
]]>
</programlisting>
</example>
 </sect2>

 <sect2 id="foreach.property.total">
  <title>@total</title>
  <para>
   <parameter>total</parameter>是整个<varname>{foreach}</varname>循环的次数。
   total可以在<varname>{foreach}</varname>内部，或者之后使用。
  </para>
     <example>
  <title><parameter>total</parameter>例子</title>
<programlisting>
<![CDATA[
{* show number of rows at end *}
{foreach $items as $item}
  {$item.name}<hr/>
  {if $item@last}
    <div id="total">{$item@total} items</div>
  {/if}
{foreachelse}
 ... no items to loop ...
{/foreach}
]]>
</programlisting>
</example>

  <para>
   参见<link linkend="language.function.section"><varname>{section}</varname></link>,
   <link linkend="language.function.for"><varname>{for}</varname></link>
   和
   <link linkend="language.function.while"><varname>{while}</varname></link>
  </para>

 </sect2>
 
 <sect2 id="foreach.construct.break">
  <title>{break}</title>
  <para>
   <varname>{break}</varname>停止循环。
  </para>
  <example>
   <title><varname>{break}</varname> 例子</title>
   <programlisting>
 <![CDATA[
  {$data = [1,2,3,4,5]}
  {foreach $data as $value}
    {if $value == 3}
      {* abort iterating the array *}
      {break}
    {/if}
    {$value}
  {/foreach}
  {*
    prints: 1 2
  *}
 ]]>
   </programlisting>
  </example>
 </sect2>
 
 <sect2 id="foreach.construct.continue">
  <title>{continue}</title>
  <para>
   <varname>{continue}</varname>将跳过当前本次循环并进入下一次循环。
  </para>
  <example>
   <title><varname>{continue}</varname> 例子</title>
   <programlisting>
 <![CDATA[
  {$data = [1,2,3,4,5]}
  {foreach $data as $value}
    {if $value == 3}
      {* skip this iteration *}
      {continue}
    {/if}
    {$value}
  {/foreach}
  {*
    prints: 1 2 4 5
  *}
 ]]>
   </programlisting>
  </example>
 </sect2>
 
</sect1>

<!-- Keep this comment at the end of the file
 Local variables:
 mode: sgml
 sgml-omittag:t
 sgml-shorttag:t
 sgml-minimize-attributes:nil
 sgml-always-quote-attributes:t
 sgml-indent-step:1
 sgml-indent-data:t
 indent-tabs-mode:nil
 sgml-parent-document:nil
 sgml-default-dtd-file:"../../../../manual.ced"
 sgml-exposed-tags:nil
 sgml-local-catalogs:nil
 sgml-local-ecat-files:nil
 End:
 vim600: syn=xml fen fdm=syntax fdl=2 si
 vim: et tw=78 syn=sgml
 vi: ts=1 sw=1
-->
