<?xml version="1.0" encoding="UTF-8"?>
<!-- $Revision: 3827 $ -->
<sect1 id="language.function.capture">
 <title>{capture}</title>

  <para>
   <varname>{capture}</varname>可以捕获标记范围内的输出内容，存到变量中而不显示。
   任何在<varname>{capture name='foo'}</varname> 和 <varname>{/capture}</varname>
   之间的内容都会被捕获到变量，变量名可以通过<parameter>name</parameter>属性来指定。
   </para>
   <para>捕获的内容可以通过<link
    linkend="language.variables.smarty.capture"><parameter>$smarty.capture.foo</parameter></link>变量来使用，这里foo是设置的<parameter>name</parameter>属性。
	如果没有提供<parameter>name</parameter>属性，默认是<quote>default</quote>，也就是
	<parameter>$smarty.capture.default</parameter>.
   </para>
   <para><varname>{capture}</varname>可以被嵌套使用。
   </para>


 <para><emphasis role="bold">属性:</emphasis></para>
 <informaltable frame="all">
  <tgroup cols="5">
   <colspec colname="param" align="center" />
   <colspec colname="type" align="center" />
   <colspec colname="required" align="center" />
   <colspec colname="default" align="center" />
   <colspec colname="desc" />
   <thead>
    <row>
     <entry>参数名称</entry>
     <entry>类型</entry>
     <entry>必选参数</entry>
     <entry>默认值</entry>
     <entry>说明</entry>
    </row>
   </thead>
   <tbody>
    <row>
     <entry>name</entry>
    <entry>string</entry>
     <entry>Yes</entry>
     <entry><emphasis>n/a</emphasis></entry>
     <entry>捕获区域的名称</entry>
    </row>
    <row>
     <entry>assign</entry>
     <entry>string</entry>
     <entry>No</entry>
     <entry><emphasis>n/a</emphasis></entry>
     <entry>捕获内容后赋值的变量名</entry>
    </row>
    <row>
     <entry>append</entry>
    <entry>string</entry>
     <entry>No</entry>
     <entry><emphasis>n/a</emphasis></entry>
     <entry>将捕获的内容增加到数组中</entry>
    </row>
   </tbody>
  </tgroup>
 </informaltable>
 
 <para><emphasis role="bold">可选标记:</emphasis></para>
 <informaltable frame="all">
  <tgroup cols="2">
   <colspec colname="param" align="center" />
   <colspec colname="desc" />
   <thead>
    <row>
     <entry>名称</entry>
     <entry>说明</entry>
    </row>
   </thead>
   <tbody>
    <row>
     <entry>nocache</entry>
     <entry>关闭捕获区域的缓存</entry>
    </row>
   </tbody>
  </tgroup>
 </informaltable>
 
 <note>
 <title>警告</title>
  <para>
  当捕获<link
   linkend="language.function.insert"><varname>{insert}</varname></link>输出的时候请小心。
   如果开启了<link linkend="caching"><parameter>$caching</parameter></link>并且
   你希望通过<link linkend="language.function.insert"><varname>{insert}</varname></link>
   在缓存的页面上显示动态内容，那么你无法捕获这些内容。
  </para>
 </note>

 <para>
  <example>
   <title>{capture}使用name属性</title>
   <programlisting>
<![CDATA[
{* we don't want to print a div tag unless content is displayed *}
{capture name="banner"}
{capture "banner"} {* short-hand *}
  {include file="get_banner.tpl"}
{/capture}

{if $smarty.capture.banner ne ""}
<div id="banner">{$smarty.capture.banner}</div>
{/if}
]]>
   </programlisting>
  </example>

  <example>
   <title>{capture} 捕获内容到变量</title>
   <para>下面是capture函数的演示</para>
   <programlisting>
<![CDATA[
{capture name=some_content assign=popText}
{capture some_content assign=popText} {* short-hand *}
The server is {$my_server_name|upper} at {$my_server_addr}<br>
Your ip is {$my_ip}.
{/capture}
<a href="#">{$popText}</a>
]]>
     </programlisting>
  </example>
  
  <example>
   <title>{capture} 捕获内容到数组变量</title>
   <para>
   下面例子演示了如何多次捕获内容，形成数组。
   </para>
   <programlisting>
<![CDATA[
{capture append="foo"}hello{/capture}I say just {capture append="foo"}world{/capture}
{foreach $foo as $text}{$text} {/foreach}
]]>
     </programlisting>
   <para>
    输出：
   </para>
   <screen>
<![CDATA[
I say just hello world
]]>
  </screen>  </example>
  
  
 </para>
 <para>
  参见
  <link
   linkend="language.variables.smarty.capture"><parameter>$smarty.capture</parameter></link>,
   <link linkend="language.function.eval"><varname>{eval}</varname></link>,
  <link linkend="language.function.fetch"><varname>{fetch}</varname></link>,
  <link linkend="api.fetch"><varname>fetch()</varname></link>
  和 <link linkend="language.function.assign"><varname>{assign}</varname></link>.
 </para>
</sect1>

<!-- Keep this comment at the end of the file
Local variables:
mode: sgml
sgml-omittag:t
sgml-shorttag:t
sgml-minimize-attributes:nil
sgml-always-quote-attributes:t
sgml-indent-step:1
sgml-indent-data:t
indent-tabs-mode:nil
sgml-parent-document:nil
sgml-default-dtd-file:"../../../../manual.ced"
sgml-exposed-tags:nil
sgml-local-catalogs:nil
sgml-local-ecat-files:nil
End:
vim600: syn=xml fen fdm=syntax fdl=2 si
vim: et tw=78 syn=sgml
vi: ts=1 sw=1
-->
