<?xml version="1.0" encoding="UTF-8"?>
<!-- $Revision: 4278 $ -->
<sect1 id="language.function.include.php">
 <title>{include_php}</title>
  <note>
   <title>重要提示</title>
   <para>
    <varname>{include_php}</varname>是废弃的函数，用注册插件的方式来将程序代码和显示分离，是更好的选择。
	在Smarty 3.1，<varname>{include_php}</varname>仅在<link linkend="bc">SmartyBC</link>中可用.
   </para>
 </note>

 <informaltable frame="all">
  <tgroup cols="5">
   <colspec colname="param" align="center" />
   <colspec colname="type" align="center" />
   <colspec colname="required" align="center" />
   <colspec colname="default" align="center" />
   <colspec colname="desc" />
   <thead>
    <row>
     <entry>参数名称</entry>
     <entry>类型</entry>
     <entry>必选参数</entry>
     <entry>默认值</entry>
     <entry>说明</entry>
    </row>
   </thead>
   <tbody>
    <row>
     <entry>file</entry>
     <entry>string</entry>
     <entry>Yes</entry>
     <entry><emphasis>n/a</emphasis></entry>
     <entry>载入PHP文件的绝对路径</entry>
    </row>
    <row>
     <entry>once</entry>
    <entry>boolean</entry>
     <entry>No</entry>
     <entry><emphasis>&true;</emphasis></entry>
     <entry>是否仅载入一次该PHP文件，即使多次执行。</entry>
    </row>
    <row>
     <entry>assign</entry>
     <entry>string</entry>
     <entry>No</entry>
     <entry><emphasis>n/a</emphasis></entry>
     <entry>将包含文件的输出赋值给变量</entry>
    </row>
   </tbody>
  </tgroup>
 </informaltable>

 <para><emphasis role="bold">可选标记:</emphasis></para>
 <informaltable frame="all">
  <tgroup cols="2">
   <colspec colname="param" align="center" />
   <colspec colname="desc" />
   <thead>
    <row>
     <entry>名称</entry>
     <entry>说明</entry>
    </row>
   </thead>
   <tbody>
    <row>
     <entry>nocache</entry>
     <entry>关闭包含PHP文件的缓存</entry>
    </row>    
   </tbody>
  </tgroup>
 </informaltable>
 
 <para>
  <varname>{include_php}</varname>用于载入一个PHP文件到模板中。
  属性中的<parameter>file</parameter>路径可以是绝对路径，或是相对于
  <link linkend="variable.trusted.dir"><parameter>$trusted_dir</parameter></link>的路径。
  如果安全机制开启，那么只有在<parameter>$trusted_dir</parameter>目录中的文件才可以被载入。
   参见<link linkend="advanced.features.security">安全机制</link>。
 </para>
 <para>
 默认情况下，该PHP文件仅会载入一次，即使多次执行模板。
 你可以设置<parameter>once</parameter>属性使其每次执行都载入。
 当once设置为&false;，PHP文件将在每次模板执行的时候都会被载入。
 </para>
 <para>
 你可以设置可选的属性<parameter>assign</parameter>，来将<varname>{include_php}</varname>载入的内容
 赋值给一个指定的模板变量，而不是输出。
 </para>
 <para>
 在载入的PHP文件中，可以通过<parameter>$_smarty_tpl->smarty</parameter>来获取到当前的Smarty对象。
 </para>
 <example>
  <title> {include_php} 函数</title>
  <para> <filename>load_nav.php</filename> 文件:</para>
  <programlisting role="php">
<![CDATA[
<?php

// load in variables from a mysql db and assign them to the template
require_once('database.class.php');
$db = new Db();
$db->query('select url, name from navigation order by name');
$this->assign('navigation', $db->getRows());

?>
]]>
  </programlisting>
  <para>
   模板：
  </para>
  <programlisting>
<![CDATA[
{* absolute path, or relative to $trusted_dir *}
{include_php file='/path/to/load_nav.php'}
{include_php '/path/to/load_nav.php'}             {* short-hand *}

{foreach item='nav' from=$navigation}
  <a href="{$nav.url}">{$nav.name}</a><br />
{/foreach}
]]>
  </programlisting>
 </example>
 <para>
  参见<link linkend="language.function.include"><varname>{include}</varname></link>,
<link linkend="variable.trusted.dir"><parameter>$trusted_dir</parameter></link>,
  <link linkend="language.function.php"><varname>{php}</varname></link>, <link
  linkend="language.function.capture"><varname>{capture}</varname></link>, <link
  linkend="resources">资源</link> 和 <link
  linkend="tips.componentized.templates">组件化模板</link> </para>
</sect1>
<!-- Keep this comment at the end of the file
Local variables:
mode: sgml
sgml-omittag:t
sgml-shorttag:t
sgml-minimize-attributes:nil
sgml-always-quote-attributes:t
sgml-indent-step:1
sgml-indent-data:t
indent-tabs-mode:nil
sgml-parent-document:nil
sgml-default-dtd-file:"../../../../manual.ced"
sgml-exposed-tags:nil
sgml-local-catalogs:nil
sgml-local-ecat-files:nil
End:
vim600: syn=xml fen fdm=syntax fdl=2 si
vim: et tw=78 syn=sgml
vi: ts=1 sw=1
-->
