<?xml version="1.0" encoding="UTF-8"?>
<!-- $Revision: 4483 $ -->
<sect1 id="language.function.function">
 <title>{function}</title>
 <para>
  <varname>{function}</varname>用于在模板内创建函数，这些函数可以像插件函数一样调用。
  用这个方式来代替写插件来显示内容，更具有可管理性。
  这也可以简化数据的复杂度，如多层结构的菜单。
  </para>

  <note><para>
  模板函数是全局的。因为Smarty的编译器是单次编译的，所以必须用
  <link linkend="language.function.call"><varname>{call}</varname></link>
  标签来调用定义在当前模板的函数。
  或者你可以直接使用函数，如<literal>{funcname ...}</literal>。
  </para></note>

  <itemizedlist>
   <listitem><para>
    <varname>{function}</varname>标签必须设置<parameter>name</parameter>属性，
	也就是模板函数的名称。
	该名称可以用于调用模板函数。
   </para></listitem>
      
   <listitem><para>
   可以按<link linkend="language.syntax.attributes">属性</link>的方式传递给模板函数变量默认值。
   和PHP函数定义一样，你只可以使用标量值作为默认。
   默认值可以被覆盖，当模板函数被调用的时候。
 </para></listitem>

 <listitem><para>
 你可以在调用模板函数内使用当前模板的全部变量，在模板内创建或修改的变量就不能被模板函数内访问了。
  </para></listitem>
 </itemizedlist>
    
   <para><emphasis role="bold">属性:</emphasis></para>
   <informaltable frame="all">
    <tgroup cols="5">
     <colspec colname="param" align="center" />
     <colspec colname="type" align="center" />
     <colspec colname="required" align="center" />
     <colspec colname="default" align="center" />
     <colspec colname="desc" />
     <thead>
      <row>
     <entry>参数名称</entry>
     <entry>类型</entry>
     <entry>必选参数</entry>
     <entry>默认值</entry>
     <entry>说明</entry>
      </row>
     </thead>
     <tbody>
    <row>
     <entry>name</entry>
     <entry>string</entry>
     <entry>Yes</entry>
     <entry><emphasis>n/a</emphasis></entry>
     <entry>模板函数的名称</entry>
    </row>
    <row>
     <entry>[var ...]</entry>
     <entry>[var type]</entry>
     <entry>No</entry>
     <entry><emphasis>n/a</emphasis></entry>
     <entry>模板函数参数的默认值</entry>
    </row>
   </tbody>
  </tgroup>
 </informaltable>

 <note><para>
 当模板函数被调用时，你可以传递任意数量的参数给它。除非你需要默认值，否则不要在
 <literal>{funcname ...}</literal>标签内定义参数。
 默认值必须是标量而且不是变量，变量必须在函数调用时才能传递。
 </para></note>
 
 <example>
  <title>递归菜单 {function} 例子</title>
  <programlisting>
<![CDATA[
{* define the function *}
{function name=menu level=0}
{function menu level=0}          {* short-hand *}
  <ul class="level{$level}">
  {foreach $data as $entry}
    {if is_array($entry)}
      <li>{$entry@key}</li>
      {menu data=$entry level=$level+1}
    {else}
      <li>{$entry}</li>
    {/if}
  {/foreach}
  </ul>
{/function}

{* create an array to demonstrate *}
{$menu = ['item1','item2','item3' => ['item3-1','item3-2','item3-3' =>
['item3-3-1','item3-3-2']],'item4']}

{* run the array through the function *}
{menu data=$menu}
]]>
  </programlisting>
 <para>
  输出：
 </para> 
  <programlisting>
<![CDATA[
* item1
* item2
* item3
      o item3-1
      o item3-2
      o item3-3
            + item3-3-1
            + item3-3-2
* item4
]]>
  </programlisting>
 </example>

  <para>
  参见
  <link linkend="language.function.call"><varname>{call}</varname></link>
 </para>
</sect1>
<!-- Keep this comment at the end of the file
Local variables:
mode: sgml
sgml-omittag:t
sgml-shorttag:t
sgml-minimize-attributes:nil
sgml-always-quote-attributes:t
sgml-indent-step:1
sgml-indent-data:t
indent-tabs-mode:nil
sgml-parent-document:nil
sgml-default-dtd-file:"../../../../manual.ced"
sgml-exposed-tags:nil
sgml-local-catalogs:nil
sgml-local-ecat-files:nil
End:
vim600: syn=xml fen fdm=syntax fdl=2 si
vim: et tw=78 syn=sgml
vi: ts=1 sw=1
-->

