<?xml version="1.0" encoding="UTF-8"?>
<!-- $Revision: 4278 $ -->
<sect1 id="language.function.config.load">
 <title>{config_load}</title>
  <para>
   <varname>{config_load}</varname>用于从<link linkend="config.files">配置文件</link>中
   加载配置变量<link linkend="language.config.variables"><parameter>#variables#</parameter></link>。
 </para>

 <para><emphasis role="bold">属性:</emphasis></para>
 <informaltable frame="all">
  <tgroup cols="5">
   <colspec colname="param" align="center" />
  <colspec colname="type" align="center" />
   <colspec colname="required" align="center" />
   <colspec colname="default" align="center" />
   <colspec colname="desc" />
   <thead>
    <row>
     <entry>参数名称</entry>
     <entry>类型</entry>
     <entry>必选参数</entry>
     <entry>默认值</entry>
     <entry>说明</entry>
    </row>
   </thead>
   <tbody>
    <row>
     <entry>file</entry>
     <entry>string</entry>
     <entry>Yes</entry>
     <entry><emphasis>n/a</emphasis></entry>
     <entry>载入的配置文件名</entry>
    </row>
    <row>
     <entry>section</entry>
    <entry>string</entry>
     <entry>No</entry>
     <entry><emphasis>n/a</emphasis></entry>
     <entry>指定载入配置变量的段落</entry>
    </row>
    <row>
     <entry>scope</entry>
     <entry>string</entry>
     <entry>no</entry>
     <entry><emphasis>local</emphasis></entry>
     <entry>
	 配置变量的作用范围，取值local, parent 或 global.
	 local表示变量只能在当前模板的上下文中使用。
	 parent表示变量可以在当前模板和父模板使用。
	 global表示变量在任何地方都可用。
     </entry>
    </row>
   </tbody>
  </tgroup>
 </informaltable>

 <example>
  <title>{config_load}</title>
  <para>
   <filename>example.conf</filename> 配置文件.
  </para>
  <programlisting>
<![CDATA[
#this is config file comment

# global variables
pageTitle = "Main Menu"
bodyBgColor = #000000
tableBgColor = #000000
rowBgColor = #00ff00

#customer variables section
[Customer]
pageTitle = "Customer Info"
]]>
  </programlisting>
  <para>模板是：</para>
  <programlisting>
<![CDATA[
{config_load file="example.conf"}
{config_load "example.conf"}  {* short-hand *}

<html>
<title>{#pageTitle#|default:"No title"}</title>
<body bgcolor="{#bodyBgColor#}">
<table border="{#tableBorderSize#}" bgcolor="{#tableBgColor#}">
   <tr bgcolor="{#rowBgColor#}">
      <td>First</td>
      <td>Last</td>
      <td>Address</td>
   </tr>
</table>
</body>
</html>
]]>
  </programlisting>
 </example>
 <para>
  <link linkend="config.files">配置文件</link>
  可能会有一些段落。你可以用<parameter>section</parameter>属性单独载入某个指定段落的配置变量。
  注意全局的配置变量会同时被载入，同名的段落配置变量会覆盖全局的配置变量。
 </para>
 <note>
  <para>
  配置文件的<emphasis>sections</emphasis>和内置函数<link linkend="language.function.section"><varname>{section}</varname></link>是不相关的，它们只是刚好名称比较像。
  </para>
 </note>
 <example>
  <title> {config_load} 载入段落配置变量</title>
  <programlisting>
<![CDATA[
{config_load file='example.conf' section='Customer'}
{config_load 'example.conf' 'Customer'} {* short-hand *}

<html>
<title>{#pageTitle#}</title>
<body bgcolor="{#bodyBgColor#}">
<table border="{#tableBorderSize#}" bgcolor="{#tableBgColor#}">
   <tr bgcolor="{#rowBgColor#}">
      <td>First</td>
      <td>Last</td>
      <td>Address</td>
   </tr>
</table>
</body>
</html>
]]>
  </programlisting>
 </example>

<para>
参见<link linkend="variable.config.overwrite"><parameter>$config_overwrite</parameter></link>。
</para>

 <para>
  参见<link linkend="config.files">配置文件</link>,
  <link linkend="language.config.variables">配置变量</link>,
  <link linkend="variable.config.dir"><parameter>$config_dir</parameter></link>,
  <link linkend="api.get.config.vars"><varname>getConfigVars()</varname></link>
  和
  <link linkend="api.config.load"><varname>configLoad()</varname></link>.
 </para>
</sect1>

<!-- Keep this comment at the end of the file
Local variables:
mode: sgml
sgml-omittag:t
sgml-shorttag:t
sgml-minimize-attributes:nil
sgml-always-quote-attributes:t
sgml-indent-step:1
sgml-indent-data:t
indent-tabs-mode:nil
sgml-parent-document:nil
sgml-default-dtd-file:"../../../../manual.ced"
sgml-exposed-tags:nil
sgml-local-catalogs:nil
sgml-local-ecat-files:nil
End:
vim600: syn=xml fen fdm=syntax fdl=2 si
vim: et tw=78 syn=sgml
vi: ts=1 sw=1
-->
