<?xml version="1.0" encoding="UTF-8"?>
<!-- $Revision: 3827 $ -->
<sect1 id="language.function.section">
 <title>{section},{sectionelse}</title>
  <para>
  <varname>{section}</varname>可以循环遍历
  <emphasis role="bold">连续数字索引的数组</emphasis>,
  区别于<link linkend="language.function.foreach"><varname>{foreach}</varname></link>
  可以循环<emphasis role="bold">任意关联数组</emphasis>.
  每个<varname>{section}</varname>标签都必须有一个匹配的<varname>{/section}</varname>关闭标签。
   </para>

 <note><para>
   <link linkend="language.function.foreach"><varname>{foreach}</varname></link>
   可以做到任何{section}做到的功能, 而且更简单和有更清晰的语法。一般更推荐使用{foreach}语法.
 </para></note>
 <note><para>
   {section}不能用于循环关联数组，它仅能循环数字索引的、连续下标的 (0,1,2,...)数组。
   要循环关联数组，请使用<link linkend="language.function.foreach"><varname>{foreach}</varname></link>。
 </para></note>

 <informaltable frame="all">
  <tgroup cols="5">
   <colspec colname="param" align="center" />
   <colspec colname="type" align="center" />
   <colspec colname="required" align="center" />
   <colspec colname="default" align="center" />
   <colspec colname="desc" />
   <thead>
    <row>
     <entry>参数名称</entry>
     <entry>类型</entry>
     <entry>必选参数</entry>
     <entry>默认值</entry>
     <entry>说明</entry>
    </row>
   </thead>
   <tbody>
    <row>
     <entry>name</entry>
     <entry>string</entry>
     <entry>Yes</entry>
     <entry><emphasis>n/a</emphasis></entry>
     <entry>section的名称</entry>
    </row>
    <row>
     <entry>loop</entry>
    <entry>mixed</entry>
     <entry>Yes</entry>
     <entry><emphasis>n/a</emphasis></entry>
     <entry>用于循环的值</entry>
    </row>
    <row>
     <entry>start</entry>
     <entry>integer</entry>
     <entry>No</entry>
     <entry><emphasis>0</emphasis></entry> <entry>
	 设置开始循环的下标。如果设置成负值，则会从数组的结束位置开始。
	 比如说，如果数组中有7个元素，设置该值为-2，则循环将从下标5开始。
	 设置了不正确的值（比如说在数组长度以外的值）那么会自动计算为最接近的值。
	  </entry>
    </row>
    <row>
     <entry>step</entry>
     <entry>integer</entry>
     <entry>No</entry>
     <entry><emphasis>1</emphasis></entry>
     <entry>循环的步长值。比如，step=2将循环下标0,2,4,等。
	 如果step值设置成负数，那么将从最后开始计算步长。</entry>
    </row>
    <row>
     <entry>max</entry>
     <entry>integer</entry>
     <entry>No</entry>
     <entry><emphasis>n/a</emphasis></entry>
     <entry>设置最大的循环次数。</entry>
    </row>
    <row>
     <entry>show</entry>
     <entry>boolean</entry>
     <entry>No</entry>
     <entry><emphasis>&true;</emphasis></entry>
     <entry>是否显示循环内容</entry>
    </row>
   </tbody>
  </tgroup>
 </informaltable>


  <para><emphasis role="bold">可选标记:</emphasis></para>
  <informaltable frame="all">
    <tgroup cols="2">
      <colspec colname="param" align="center" />
      <colspec colname="desc" />
      <thead>
        <row>
          <entry>名称</entry>
          <entry>说明</entry>
        </row>
      </thead>
      <tbody>
        <row>
          <entry>nocache</entry>
          <entry>关闭<varname>{section}</varname>缓存</entry>
        </row>
      </tbody>
    </tgroup>
  </informaltable>
  
  <itemizedlist>
   <listitem><para>
   <parameter>name</parameter> 和 <parameter>loop</parameter>是必须的参数。
   </para></listitem>

   <listitem><para>
   <varname>{section}</varname>的<parameter>name</parameter>可以是任意字符，如数字、字母或下划线等，和
   <ulink url="&url.php-manual;language.variables">PHP 变量</ulink>一样的命名规则。
    </para></listitem>

    <listitem><para>
    {section}可以嵌套，而且嵌套的<varname>{section}</varname>名称必须唯一。
   </para></listitem>

   <listitem><para>
   <parameter>loop</parameter>一般是数组，决定了<varname>{section}</varname>的循环次数。
   同时你也可以传递一个整数指定循环次数。
   </para></listitem>

   <listitem><para>当在<varname>{section}</varname>内显示变量时, 
   <varname>{section}</varname> 的<parameter>name</parameter>必须给变量名称加上[方括号].
   </para></listitem>

   <listitem><para>
   如果loop属性为空，<varname>{sectionelse}</varname>将执行。
 	</para></listitem>

  <listitem><para>
  <varname>{section}</varname>同时还有自己的属性。
  这些属性都是通过: <link linkend="language.variables.smarty.loops">
  <parameter>{$smarty.section.name.property}</parameter></link>来使用，其中<quote>name</quote>是<parameter>name</parameter>属性.
  </para></listitem>

  <listitem><para>
  <varname>{section}</varname>的内置属性有：
  <link linkend="section.property.index"><parameter>index</parameter></link>,
  <link linkend="section.property.index.prev"><parameter>index_prev</parameter></link>,
  <link linkend="section.property.index.next"><parameter>index_next</parameter></link>,
  <link linkend="section.property.iteration"><parameter>iteration</parameter></link>,
  <link linkend="section.property.first"><parameter>first</parameter></link>,
  <link linkend="section.property.last"><parameter>last</parameter></link>,
  <link linkend="section.property.rownum"><parameter>rownum</parameter></link>,
  <link linkend="section.property.loop"><parameter>loop</parameter></link>,
  <link linkend="section.property.show"><parameter>show</parameter></link>,
  <link linkend="section.property.total"><parameter>total</parameter></link>.
  </para></listitem>
</itemizedlist>

 <example>
  <title>简单的{section}例子</title>
<para>
<link linkend="api.assign"><varname>assign()</varname></link>赋值一个数组
</para>
<programlisting role="php">
<![CDATA[
<?php
$data = array(1000,1001,1002);
$smarty->assign('custid',$data);
?>
]]>
</programlisting>
<para>模板将输出该数组</para>
  <programlisting>
<![CDATA[
{* this example will print out all the values of the $custid array *}
{section name=customer loop=$custid}
{section customer $custid} {* short-hand *}
  id: {$custid[customer]}<br />
{/section}
<hr />
{*  print out all the values of the $custid array reversed *}
{section name=foo loop=$custid step=-1}
{section foo $custid step=-1} {* short-hand *}
  {$custid[foo]}<br />
{/section}
]]>
  </programlisting>
  <para>
   输出：
  </para>
  <screen>
<![CDATA[
id: 1000<br />
id: 1001<br />
id: 1002<br />
<hr />
id: 1002<br />
id: 1001<br />
id: 1000<br />
]]>
  </screen>
  </example>


   <example>
  <title>{section}不使用赋值数组</title>
<programlisting>
<![CDATA[
{section name=foo start=10 loop=20 step=2}
  {$smarty.section.foo.index}
{/section}
<hr />
{section name=bar loop=21 max=6 step=-2}
  {$smarty.section.bar.index}
{/section}
]]>
</programlisting>
<para>
  输出：
</para>
<screen>
  <![CDATA[
10 12 14 16 18
<hr />
20 18 16 14 12 10
]]>
  </screen>
 </example>


<example>
  <title>给{section}设置名称</title>
  <para><varname>{section}</varname>的 <parameter>name</parameter>属性可以是任意字符，请参见<ulink url="&url.php-manual;language.variables">PHP 变量</ulink>定义.
  它是用于引用<varname>{section}</varname>的数据.</para>
  <programlisting>
<![CDATA[
{section name=anything loop=$myArray}
  {$myArray[anything].foo}
  {$name[anything]}
  {$address[anything].bar}
{/section}
]]>
  </programlisting>
 </example>


 <example>
  <title>{section}中使用关联数组</title>
  <para>下面是使用<varname>{section}</varname>来输出关联数组的例子。
  这里是在PHP代码中赋值<parameter>$contacts</parameter> 数组到Smarty。</para>
  <programlisting role="php">
  <![CDATA[
<?php
$data = array(
          array('name' => 'John Smith', 'home' => '555-555-5555',
                'cell' => '666-555-5555', 'email' => 'john@myexample.com'),
          array('name' => 'Jack Jones', 'home' => '777-555-5555',
                'cell' => '888-555-5555', 'email' => 'jack@myexample.com'),
          array('name' => 'Jane Munson', 'home' => '000-555-5555',
                'cell' => '123456', 'email' => 'jane@myexample.com')
        );
$smarty->assign('contacts',$data);
?>
]]>
  </programlisting>

<para>该模板用于显示<parameter>$contacts</parameter></para>
  <programlisting>
<![CDATA[
{section name=customer loop=$contacts}
<p>
  name: {$contacts[customer].name}<br />
  home: {$contacts[customer].home}<br />
  cell: {$contacts[customer].cell}<br />
  e-mail: {$contacts[customer].email}
</p>
{/section}
]]>
  </programlisting>
  <para>
   输出：
  </para>
  <screen>
<![CDATA[
<p>
  name: John Smith<br />
  home: 555-555-5555<br />
  cell: 666-555-5555<br />
  e-mail: john@myexample.com
</p>
<p>
  name: Jack Jones<br />
  home phone: 777-555-5555<br />
  cell phone: 888-555-5555<br />
  e-mail: jack@myexample.com
</p>
<p>
  name: Jane Munson<br />
  home phone: 000-555-5555<br />
  cell phone: 123456<br />
  e-mail: jane@myexample.com
</p>
]]>
  </screen>
</example>

 <example>
  <title>{section}的<varname>loop</varname>属性的演示例子</title>
  <para>例子假定<parameter>$custid</parameter>, <parameter>$name</parameter>
  和 <parameter>$address</parameter>三个数组中对应的值都有着相同的数字下标。
  首先从PHP代码中赋值到Smarty</para>
<programlisting role="php">
<![CDATA[
<?php

$id = array(1001,1002,1003);
$smarty->assign('custid',$id);

$fullnames = array('John Smith','Jack Jones','Jane Munson');
$smarty->assign('name',$fullnames);

$addr = array('253 Abbey road', '417 Mulberry ln', '5605 apple st');
$smarty->assign('address',$addr);

?>
]]>
</programlisting>
  <para>
  <parameter>loop</parameter>值仅是指定循环的次数。
  你可以在<varname>{section}</varname>中给它设置任何的变量。
  在多个数组循环时比较有用。
  你可以传递一个数组来让其计算总数而指定循环次数，也可以直接指定一个循环次数的整数。
  </para>
  <programlisting>
<![CDATA[
{section name=customer loop=$custid}
<p>
  id: {$custid[customer]}<br />
  name: {$name[customer]}<br />
  address: {$address[customer]}
</p>
{/section}
]]>
  </programlisting>
  <para>
   输出：
  </para>
  <screen>
<![CDATA[
<p>
  id: 1000<br />
  name: John Smith<br />
  address: 253 Abbey road
</p>
<p>
  id: 1001<br />
  name: Jack Jones<br />
  address: 417 Mulberry ln
</p>
<p>
  id: 1002<br />
  name: Jane Munson<br />
  address: 5605 apple st
</p>
]]>
  </screen>
 </example>



 <example>
  <title>{section}嵌套</title>
  <para>
  {section}可以嵌套任意的深度。通过嵌套{section}你可以处理多维数组。
  下面是例子的<filename>.php</filename>文件。
  </para>
  <programlisting role="php">
<![CDATA[
<?php

$id = array(1001,1002,1003);
$smarty->assign('custid',$id);

$fullnames = array('John Smith','Jack Jones','Jane Munson');
$smarty->assign('name',$fullnames);

$addr = array('253 N 45th', '417 Mulberry ln', '5605 apple st');
$smarty->assign('address',$addr);

$types = array(
           array( 'home phone', 'cell phone', 'e-mail'),
           array( 'home phone', 'web'),
           array( 'cell phone')
         );
$smarty->assign('contact_type', $types);

$info = array(
           array('555-555-5555', '666-555-5555', 'john@myexample.com'),
           array( '123-456-4', 'www.example.com'),
           array( '0457878')
        );
$smarty->assign('contact_info', $info);

?>
  ]]>
</programlisting>
<para>在这个模板里， <emphasis>$contact_type[customer]</emphasis>是客户联系信息的数组</para>
  <programlisting>
<![CDATA[
{section name=customer loop=$custid}
<hr>
  id: {$custid[customer]}<br />
  name: {$name[customer]}<br />
  address: {$address[customer]}<br />
  {section name=contact loop=$contact_type[customer]}
    {$contact_type[customer][contact]}: {$contact_info[customer][contact]}<br />
  {/section}
{/section}
]]>
  </programlisting>
  <para>
   输出：
  </para>
  <screen>
<![CDATA[
<hr>
  id: 1000<br />
  name: John Smith<br />
  address: 253 N 45th<br />
    home phone: 555-555-5555<br />
    cell phone: 666-555-5555<br />
    e-mail: john@myexample.com<br />
<hr>
  id: 1001<br />
  name: Jack Jones<br />
  address: 417 Mulberry ln<br />
    home phone: 123-456-4<br />
    web: www.example.com<br />
<hr>
  id: 1002<br />
  name: Jane Munson<br />
  address: 5605 apple st<br />
    cell phone: 0457878<br />
]]>
  </screen>
 </example>


<example>
<title>{sectionelse}的数据库例子</title>
  <para>数据库查找的结果(如 ADODB 或 PEAR) 传递到 Smarty</para>
    <programlisting role="php">
  <![CDATA[
<?php
$sql = 'select id, name, home, cell, email from contacts '
      ."where name like '$foo%' ";
$smarty->assign('contacts', $db->getAll($sql));
?>
]]>
</programlisting>
<para>模板将以表格形式显示数据结果</para>
  <programlisting>
<![CDATA[
<table>
<tr><th>&nbsp;</th><th>Name></th><th>Home</th><th>Cell</th><th>Email</th></tr>
{section name=co loop=$contacts}
  <tr>
    <td><a href="view.php?id={$contacts[co].id}">view<a></td>
    <td>{$contacts[co].name}</td>
    <td>{$contacts[co].home}</td>
    <td>{$contacts[co].cell}</td>
    <td>{$contacts[co].email}</td>
  <tr>
{sectionelse}
  <tr><td colspan="5">No items found</td></tr>
{/section}
</table>
]]>
</programlisting>
 </example>


 <sect2 id="section.property.index">
  <title>.index</title>
  <para>
   <parameter>index</parameter>是当前数组的索引值，从0开始，或者从设定的<parameter>start</parameter>值开始。它将每次循环增加1或者增加指定的<parameter>step</parameter>值。
  </para>
  <note>
   <title>说明</title>
   <para>
    如果 <parameter>step</parameter> 和 <parameter>start</parameter>都没有被指定，
	那么它会和<link
    linkend="section.property.iteration"><parameter>iteration</parameter></link>属性很像, 只不过它是从0开始，而iteration是从1开始.
   </para>
  </note>
  <example>
<title>{section} <varname>index</varname> 属性</title>
<para>
<note><title>说明</title>
<para><literal>$custid[customer.index]</literal> 和
<literal>$custid[customer]</literal> 是一样的.</para>
</note>
</para>
   <programlisting>
<![CDATA[
{section name=customer loop=$custid}
  {$smarty.section.customer.index} id: {$custid[customer]}<br />
{/section}
]]>
  </programlisting>
  <para>
   输出：
  </para>
  <screen>
<![CDATA[
0 id: 1000<br />
1 id: 1001<br />
2 id: 1002<br />
]]>
   </screen>
  </example>
 </sect2>


 <sect2 id="section.property.index.prev">
  <title>.index_prev</title>
  <para>
   <parameter>index_prev</parameter>上一次循环的索引值。
	在第一次循环的时候，它是-1.
  </para>
 </sect2>

 <sect2 id="section.property.index.next">
  <title>.index_next</title>
  <para>
   <parameter>index_next</parameter>是下一次循环的索引值。
   在最后一次循环时，它会比当前索引加1，或者加上指定的<parameter>step</parameter>属性值。
  </para>

  <example>
<title><varname>index</varname>, <varname>index_next</varname>
 和 <varname>index_prev</varname> 属性 </title>
<programlisting role="php">
<![CDATA[
<?php
$data = array(1001,1002,1003,1004,1005);
$smarty->assign('rows',$data);
?>
]]>
</programlisting>
<para>在表格中显示数组</para>
   <programlisting>
<![CDATA[
{* $rows[row.index] and $rows[row] are identical in meaning *}
<table>
  <tr>
    <th>index</th><th>id</th>
    <th>index_prev</th><th>prev_id</th>
    <th>index_next</th><th>next_id</th>
  </tr>
{section name=row loop=$rows}
  <tr>
    <td>{$smarty.section.row.index}</td><td>{$rows[row]}</td>
    <td>{$smarty.section.row.index_prev}</td><td>{$rows[row.index_prev]}</td>
    <td>{$smarty.section.row.index_next}</td><td>{$rows[row.index_next]}</td>
  </tr>
{/section}
</table>
]]>
  </programlisting>
  <para>
 输出：
  </para>
  <screen>
<![CDATA[
index  id    index_prev prev_id index_next next_id
0      1001  -1	                1          1002
1      1002  0          1001    2          1003
2      1003  1          1002    3          1004
3      1004  2          1003    4          1005
4      1005  3          1004    5
]]>
   </screen>
  </example>
 </sect2>


 <sect2 id="section.property.iteration">
  <title>.iteration</title>
  <para>
   <parameter>iteration</parameter>是当前的循环次数，从1开始。
  </para>
  <note>
   <para>
    它和<link linkend="section.property.index"><parameter>index</parameter></link>不同，不会受到<varname>{section}</varname> 的属性
    <parameter>start</parameter>, <parameter>step</parameter> 和 <parameter>max</parameter>等影响. 
	而且和<parameter>index</parameter>不同的是，<parameter>iteration</parameter>还是从1开始计算的。 <link
    linkend="section.property.rownum"><parameter>rownum</parameter></link>是
    <parameter>iteration</parameter>的别名,它们是一样的。
   </para>
  </note>
  <example>
<title><varname>iteration</varname>属性 </title>
<programlisting role="php">
<![CDATA[
<?php
// array of 3000 to 3015
$id = range(3000,3015);
$smarty->assign('arr',$id);
?>
]]>
</programlisting>
<para>模板将按<literal>step=2</literal>来显示<literal>$arr</literal>的数组元素</para>
   <programlisting>
<![CDATA[
{section name=cu loop=$arr start=5 step=2}
  iteration={$smarty.section.cu.iteration}
  index={$smarty.section.cu.index}
  id={$custid[cu]}<br />
{/section}
]]>
  </programlisting>
  <para>
  输出：
  </para>
  <screen>
<![CDATA[
iteration=1 index=5 id=3005<br />
iteration=2 index=7 id=3007<br />
iteration=3 index=9 id=3009<br />
iteration=4 index=11 id=3011<br />
iteration=5 index=13 id=3013<br />
iteration=6 index=15 id=3015<br />
]]>
   </screen>
  <para>
  这里是另一个例子，使用<parameter>iteration</parameter>属性来显示表格，
  并且每五行显示一次表头。
  </para>
   <programlisting>
<![CDATA[
<table>
{section name=co loop=$contacts}
  {if $smarty.section.co.iteration is div by 5}
    <tr><th>&nbsp;</th><th>Name></th><th>Home</th><th>Cell</th><th>Email</th></tr>
  {/if}
  <tr>
    <td><a href="view.php?id={$contacts[co].id}">view<a></td>
    <td>{$contacts[co].name}</td>
    <td>{$contacts[co].home}</td>
    <td>{$contacts[co].cell}</td>
    <td>{$contacts[co].email}</td>
  <tr>
{/section}
</table>
]]>
  </programlisting>  
    <para>
     一个用<parameter>iteration</parameter>属性来交替显示文章每三行颜色的例子
    </para>
     <programlisting>
  <![CDATA[
  <table>
  {section name=co loop=$contacts}
    {if $smarty.section.co.iteration is even by 3}
      <span style="color: #ffffff">{$contacts[co].name}</span>
    {else}
      <span style="color: #dddddd">{$contacts[co].name}</span>
    {/if}
  {/section}
  </table>
  ]]>
    </programlisting>
</example>


<note><para>
  <emphasis>"is div by"</emphasis>语法是PHP取模运算的一个变种。取模运算<literal>{if $smarty.section.co.iteration % 5 == 1}</literal>也是可用的。
</para></note>

<note><para>
  你还可以用<emphasis>"is odd by"</emphasis>来反转交替。
</para></note>

 </sect2>


 <sect2 id="section.property.first">
  <title>.first</title>
  <para>
  如果当前的循环是第一次，<parameter>first</parameter>将被设成 &true; 。
  </para>
 </sect2>


 <sect2 id="section.property.last">
  <title>.last</title>
  <para>
  如果当前的循环是最后一次，那么<parameter>last</parameter>将为 &true;。
  </para>
  <example>
   <title>{section} 属性 <varname>first</varname> 和 <varname>last</varname></title>
   <para>
   例子循环了 <varname>$customers</varname>数组，在循环最前面输出头部区域，在底端输出底部区域的内容。
   同时也使用了
   <link linkend="section.property.total"><parameter>total</parameter></link> 属性.
   </para>
   <programlisting>
<![CDATA[
{section name=customer loop=$customers}
  {if $smarty.section.customer.first}
    <table>
    <tr><th>id</th><th>customer</th></tr>
  {/if}

  <tr>
    <td>{$customers[customer].id}}</td>
    <td>{$customers[customer].name}</td>
  </tr>

  {if $smarty.section.customer.last}
    <tr><td></td><td>{$smarty.section.customer.total} customers</td></tr>
    </table>
  {/if}
{/section}
]]>
  </programlisting>
  </example>
 </sect2>


 <sect2 id="section.property.rownum">
  <title>.rownum</title>
  <para>
   <parameter>rownum</parameter>是当前循环的次数，从1开始。它是<link
   linkend="section.property.iteration"><parameter>iteration</parameter></link>
   的别名。
  </para>
 </sect2>

 <sect2 id="section.property.loop">
  <title>.loop</title>
  <para>
   <parameter>loop</parameter> 是最后一次{section}循环的下标。
   它可以在<varname>{section}</varname>循环中或者循环后使用。
     </para>
  <example>
   <title>{section} 属性 <varname>loop</varname></title>
   <programlisting>
<![CDATA[
{section name=customer loop=$custid}
  {$smarty.section.customer.index} id: {$custid[customer]}<br />
{/section}
There are {$smarty.section.customer.loop} customers shown above.
]]>
  </programlisting>
  <para>
   输出：
  </para>
  <screen>
<![CDATA[
0 id: 1000<br />
1 id: 1001<br />
2 id: 1002<br />
There are 3 customers shown above.
]]>
   </screen>
  </example>
 </sect2>

 <sect2 id="section.property.show">
  <title>.show</title>
  <para>
   <parameter>show</parameter>是一个布尔值参数。如果设置为&false;，section将不会被显示。
   如果有<varname>{sectionelse}</varname>显示，它们将被交替显示。
  </para>
  <example>
   <title><varname>show</varname> 属性 </title>
   <para>布尔值 <varname>$show_customer_info</varname> 可以在PHP程序赋值并传递到模板中，
   可以控制section的显示与否。</para>
   <programlisting>
<![CDATA[
{section name=customer loop=$customers show=$show_customer_info}
  {$smarty.section.customer.rownum} id: {$customers[customer]}<br />
{/section}

{if $smarty.section.customer.show}
  the section was shown.
{else}
  the section was not shown.
{/if}
]]>
  </programlisting>
  <para>
   输出：
  </para>
  <screen>
<![CDATA[
1 id: 1000<br />
2 id: 1001<br />
3 id: 1002<br />

the section was shown.
]]>
   </screen>
  </example>
 </sect2>

 <sect2 id="section.property.total">
  <title>.total</title>
  <para>
   <parameter>total</parameter>是<varname>{section}</varname>的总数。
   它可以在<varname>{section}</varname>循环中或者循环后使用。
  </para>
  <example>
   <title><varname>total</varname>例子</title>
   <programlisting>
<![CDATA[
{section name=customer loop=$custid step=2}
  {$smarty.section.customer.index} id: {$custid[customer]}<br />
{/section}
   There are {$smarty.section.customer.total} customers shown above.
]]>
  </programlisting>
  </example>
  <para>
   参见<link linkend="language.function.foreach"><varname>{foreach}</varname></link>,
   <link linkend="language.function.for"><varname>{for}</varname></link>,
   <link linkend="language.function.while"><varname>{while}</varname></link>
    和
   <link linkend="language.variables.smarty.loops"><parameter>$smarty.section</parameter></link>.
  </para>
 </sect2>
</sect1>

<!-- Keep this comment at the end of the file
Local variables:
mode: sgml
sgml-omittag:t
sgml-shorttag:t
sgml-minimize-attributes:nil
sgml-always-quote-attributes:t
sgml-indent-step:1
sgml-indent-data:t
indent-tabs-mode:nil
sgml-parent-document:nil
sgml-default-dtd-file:"../../../../manual.ced"
sgml-exposed-tags:nil
sgml-local-catalogs:nil
sgml-local-ecat-files:nil
End:
vim600: syn=xml fen fdm=syntax fdl=2 si
vim: et tw=78 syn=sgml
vi: ts=1 sw=1
-->
