<?xml version="1.0" encoding="UTF-8"?>
<!-- $Revision: 3827 $ -->
<sect1 id="language.function.nocache">
 <title>{nocache}</title>

  <para>
   <varname>{nocache}</varname>用于关闭模板区块的缓存。
   <varname>{nocache}</varname>都必须和一个<varname>{/nocache}</varname>匹配。
  </para>

 <note>
  <title>说明</title>
  <para>
  请确认任何一个在不缓存区域内的变量，都可以在缓存时从PHP获取到值。
  </para>
 </note>
 
  <example>
   <title>阻止模板区域缓存</title>
   <programlisting>
<![CDATA[

Today's date is
{nocache}
{$smarty.now|date_format}
{/nocache}
]]>
   </programlisting>
   <para>
   上面的代码将在缓存的页面中输出当前时间。
   </para>
  </example>
 
 <para>
  参见
  <link linkend="caching">缓存</link>.
 </para>
</sect1>

<!-- Keep this comment at the end of the file
Local variables:
mode: sgml
sgml-omittag:t
sgml-shorttag:t
sgml-minimize-attributes:nil
sgml-always-quote-attributes:t
sgml-indent-step:1
sgml-indent-data:t
indent-tabs-mode:nil
sgml-parent-document:nil
sgml-default-dtd-file:"../../../../manual.ced"
sgml-exposed-tags:nil
sgml-local-catalogs:nil
sgml-local-ecat-files:nil
End:
vim600: syn=xml fen fdm=syntax fdl=2 si
vim: et tw=78 syn=sgml
vi: ts=1 sw=1
-->