<?xml version="1.0" encoding="UTF-8"?>
<!-- $Revision: 4404 $ -->
<sect1 id="language.function.php">
 <title>{php}</title>
 
 <note>
   <title>重要说明</title>
   <para>
      Smarty已经废弃<varname>{php}</varname>标签，强烈建议不要使用。
	  请把你的PHP逻辑放到PHP程序或者插件函数中实现。
   </para>
 </note>
  
 <note>
  <para>
  在Smarty 3.1，<varname>{php}</varname>仅在<link linkend="bc">SmartyBC</link>中可用。
  </para>
 </note>
 
 <para>
 <varname>{php}</varname>标签可以允许PHP代码直接嵌到模板中使用。
 这些代码是否被编码，需要取决于<link
  linkend="variable.php.handling"><parameter>$php_handling</parameter></link> 的设置.
 </para>

 <example>
  <title>{php}标签的使用</title>
  <programlisting>
<![CDATA[
{php}
   // including a php script directly from the template.
   include('/path/to/display_weather.php');
{/php}
]]>
  </programlisting>
 </example>


 <example>
  <title>{php}标签中使用全局变量来赋值变量</title>
  <programlisting role="php">
<![CDATA[
{* this template includes a {php} block that assign's the variable $varX *}
{php}
   global $foo, $bar;
   if($foo == $bar){
     echo 'This will be sent to browser';
   }
  // assign a variable to Smarty
  $this->assign('varX','Toffee');
{/php}
{* output the variable *}
<strong>{$varX}</strong> is my fav ice cream :-)
]]>
  </programlisting>
</example>

 <para>
  参见
  <link linkend="variable.php.handling"><parameter>$php_handling</parameter></link>,
  <link linkend="language.function.include.php"><varname>{include_php}</varname></link>,
  <link linkend="language.function.include"><varname>{include}</varname></link>,
  <link linkend="language.function.insert"><varname>{insert}</varname></link>
  和
  <link linkend="tips.componentized.templates">组件化模板</link>.
 </para>
</sect1>
<!-- Keep this comment at the end of the file
Local variables:
mode: sgml
sgml-omittag:t
sgml-shorttag:t
sgml-minimize-attributes:nil
sgml-always-quote-attributes:t
sgml-indent-step:1
sgml-indent-data:t
indent-tabs-mode:nil
sgml-parent-document:nil
sgml-default-dtd-file:"../../../../manual.ced"
sgml-exposed-tags:nil
sgml-local-catalogs:nil
sgml-local-ecat-files:nil
End:
vim600: syn=xml fen fdm=syntax fdl=2 si
vim: et tw=78 syn=sgml
vi: ts=1 sw=1
-->
