<?xml version="1.0" encoding="UTF-8"?>
<!-- $Revision: 4278 $ -->
<sect1 id="language.function.extends">
 <title>{extends}</title>
 <para>
 模板继承中，你可以在子模板内使用<varname>{extends}</varname>标签来扩展父模板。
  详细参见<link linkend="advanced.features.template.inheritance">模板继承</link>.
  </para>

 <itemizedlist>
  <listitem><para>
   <varname>{extends}</varname>必须放在模板的第一行。
  </para></listitem>

   <listitem><para>
   如果子模板要用<varname>{extends}</varname>来扩展父模板，那么它只能有
   <varname>{block}</varname>的区域。任何其他的模板内容都会被忽略。 
   </para></listitem>
   
  <listitem><para>
  扩展使用在<link linkend="variable.template.dir"><parameter>$template_dir</parameter></link> 
  之外的文件，请使用<link
  linkend="resources">模板资源</link>的语法。
  </para></listitem>
 </itemizedlist>
 
 <note>
   <para>
   当你扩展一个父模板名称的变量如<literal>{extends file=$parent_file}</literal>，
   请确保<varname>$parent_file</varname>变量放到同一个
   <link linkend="variable.cache.id"><varname>$cache_id</varname></link>中.
   否则Smarty无法辨别不同的<varname>$parent_file</varname>变量。
   </para>
  </note>

<para><emphasis role="bold">属性:</emphasis></para>
 <informaltable frame="all">
  <tgroup cols="5">
   <colspec colname="param" align="center" />
   <colspec colname="type" align="center" />
   <colspec colname="required" align="center" />
   <colspec colname="default" align="center" />
   <colspec colname="desc" />
   <thead>
    <row>
     <entry>参数名称</entry>
     <entry>类型</entry>
     <entry>必选参数</entry>
     <entry>默认值</entry>
     <entry>说明</entry>
    </row>
   </thead>
   <tbody>
    <row>
     <entry>file</entry>
     <entry>string</entry>
     <entry>Yes</entry>
     <entry><emphasis>n/a</emphasis></entry>
     <entry>被扩展的模板名称</entry>
    </row>
   </tbody>
  </tgroup>
 </informaltable>
 
  
 <example>
  <title>简单 {extends} 例子</title>
  <programlisting>
<![CDATA[
{extends file='parent.tpl'}
{extends 'parent.tpl'}  {* short-hand *}
]]>
  </programlisting>
 </example>
 
 <para>
  参见
  <link linkend="advanced.features.template.inheritance">模板继承</link>
  和 <link linkend="language.function.block"><varname>{block}</varname></link>.
 </para>
</sect1>
<!-- Keep this comment at the end of the file
Local variables:
mode: sgml
sgml-omittag:t
sgml-shorttag:t
sgml-minimize-attributes:nil
sgml-always-quote-attributes:t
sgml-indent-step:1
sgml-indent-data:t
indent-tabs-mode:nil
sgml-parent-document:nil
sgml-default-dtd-file:"../../../../manual.ced"
sgml-exposed-tags:nil
sgml-local-catalogs:nil
sgml-local-ecat-files:nil
End:
vim600: syn=xml fen fdm=syntax fdl=2 si
vim: et tw=78 syn=sgml
vi: ts=1 sw=1
-->

